INSERT INTO users (id, "name", age, buddy) VALUES
(0, 'Shai', 21, 576),
(1, 'John', 27, 69),
(2, 'William', 23, 54),
(3, 'James', 23, 49),
(4, 'Charles', 24, null),
(5, 'George', 29, null),
(6, 'Frank', 17, 137),
(7, 'Joseph', 26, null),
(8, 'Thomas', 26, 415),
(9, 'Henry', 27, null),
(10, 'Robert', 17, 932),
(11, 'Edward', 32, 112),
(12, 'Harry', 18, null),
(13, 'Walter', 23, null),
(14, 'Arthur', 22, 121),
(15, 'Fred', 26, null),
(16, 'Albert', 35, 259),
(17, 'Samuel', 18, null),
(18, 'David', 22, 190),
(19, 'Louis', 30, null),
(20, 'Joe', 25, 849),
(21, 'Charlie', 17, null),
(22, 'Clarence', 26, null),
(23, 'Richard', 11, null),
(24, 'Andrew', 11, null),
(25, 'Daniel', 12, 996),
(26, 'Ernest', 21, null),
(27, 'Will', 22, null),
(28, 'Jesse', 23, null),
(29, 'Oscar', 17, null),
(30, 'Lewis', 22, null),
(31, 'Peter', 23, 435),
(32, 'Benjamin', 16, null),
(33, 'Frederick', 25, null),
(34, 'Willie', 28, null),
(35, 'Alfred', 20, null),
(36, 'Sam', 24, 495),
(37, 'Roy', 12, 867),
(38, 'Herbert', 19, null),
(39, 'Jacob', 24, 536),
(40, 'Tom', 16, null),
(41, 'Elmer', 26, 904),
(42, 'Carl', 30, null),
(43, 'Lee', 20, null),
(44, 'Howard', 28, null),
(45, 'Martin', 18, 800),
(46, 'Michael', 24, 885),
(47, 'Bert', 15, null),
(48, 'Herman', 23, null),
(49, 'Jim', 29, null),
(50, 'Francis', 29, null),
(51, 'Harvey', 22, null),
(52, 'Earl', 25, 107),
(53, 'Eugene', 26, null),
(54, 'Ralph', 22, 31),
(55, 'Ed', 22, 908),
(56, 'Claude', 19, 733),
(57, 'Edwin', 31, 142),
(58, 'Ben', 14, null),
(59, 'Charley', 30, 0),
(60, 'Paul', 27, null),
(61, 'Edgar', 27, null),
(62, 'Isaac', 14, null),
(63, 'Otto', 23, null),
(64, 'Luther', 24, null),
(65, 'Lawrence', 28, null),
(66, 'Ira', 17, null),
(67, 'Patrick', 26, null),
(68, 'Guy', 22, null),
(69, 'Oliver', 27, null),
(70, 'Theodore', 27, 953),
(71, 'Hugh', 20, null),
(72, 'Clyde', 19, null),
(73, 'Alexander', 21, null),
(74, 'August', 24, 834),
(75, 'Floyd', 21, 864),
(76, 'Homer', 13, null),
(77, 'Jack', 21, null),
(78, 'Leonard', 21, 71),
(79, 'Horace', 23, null),
(80, 'Marion', 27, 970),
(81, 'Philip', 16, 242),
(82, 'Allen', 21, 778),
(83, 'Archie', 27, 235),
(84, 'Stephen', 18, null),
(85, 'Chester', 34, 900),
(86, 'Willis', 15, null),
(87, 'Raymond', 27, null),
(88, 'Rufus', 13, 936),
(89, 'Warren', 28, null),
(90, 'Jessie', 29, 259),
(91, 'Milton', 19, null),
(92, 'Alex', 26, 135),
(93, 'Leo', 31, null),
(94, 'Julius', 8, 288),
(95, 'Ray', 34, null),
(96, 'Sidney', 21, null),
(97, 'Bernard', 29, 362),
(98, 'Dan', 27, 693),
(99, 'Jerry', 24, 326),
(100, 'Calvin', 23, null),
(101, 'Perry', 20, null),
(102, 'Dave', 25, 402),
(103, 'Anthony', 26, null),
(104, 'Eddie', 35, null),
(105, 'Amos', 22, null),
(106, 'Dennis', 34, null),
(107, 'Clifford', 26, null),
(108, 'Leroy', 27, null),
(109, 'Wesley', 23, null),
(110, 'Alonzo', 26, 708),
(111, 'Garfield', 23, null),
(112, 'Franklin', 22, null),
(113, 'Emil', 16, 542),
(114, 'Leon', 30, null),
(115, 'Nathan', 26, 505),
(116, 'Harold', 28, null),
(117, 'Matthew', 24, 668),
(118, 'Levi', 23, 157),
(119, 'Moses', 16, 561),
(120, 'Everett', 17, 370),
(121, 'Lester', 23, null),
(122, 'Winfield', 35, null),
(123, 'Adam', 27, 203),
(124, 'Lloyd', 28, null),
(125, 'Mack', 17, null),
(126, 'Fredrick', 25, null),
(127, 'Jay', 31, null),
(128, 'Jess', 21, null),
(129, 'Melvin', 22, 25),
(130, 'Noah', 16, 192),
(131, 'Aaron', 22, 123),
(132, 'Alvin', 27, null),
(133, 'Norman', 18, 240),
(134, 'Gilbert', 18, 33),
(135, 'Elijah', 20, null),
(136, 'Victor', 19, null),
(137, 'Gus', 19, null),
(138, 'Nelson', 20, null),
(139, 'Jasper', 32, null),
(140, 'Silas', 27, null),
(141, 'Christopher', 27, null),
(142, 'Jake', 31, null),
(143, 'Mike', 20, null),
(144, 'Percy', 17, 363),
(145, 'Adolph', 19, 333),
(146, 'Maurice', 19, 387),
(147, 'Cornelius', 36, 812),
(148, 'Felix', 27, null),
(149, 'Reuben', 24, null),
(150, 'Wallace', 19, null),
(151, 'Claud', 34, null),
(152, 'Roscoe', 22, null),
(153, 'Sylvester', 24, null),
(154, 'Earnest', 21, null),
(155, 'Hiram', 28, null),
(156, 'Otis', 23, null),
(157, 'Simon', 26, null),
(158, 'Willard', 20, null),
(159, 'Irvin', 24, null),
(160, 'Mark', 26, null),
(161, 'Jose', 20, 545),
(162, 'Wilbur', 26, 584),
(163, 'Abraham', 14, null),
(164, 'Virgil', 26, 427),
(165, 'Clinton', 33, null),
(166, 'Elbert', 30, 549),
(167, 'Leslie', 23, 987),
(168, 'Marshall', 24, null),
(169, 'Owen', 29, null),
(170, 'Wiley', 26, 530),
(171, 'Anton', 18, 513),
(172, 'Morris', 22, 921),
(173, 'Manuel', 26, 411),
(174, 'Phillip', 28, 597),
(175, 'Augustus', 26, null),
(176, 'Emmett', 27, null),
(177, 'Eli', 28, 745),
(178, 'Nicholas', 22, 554),
(179, 'Wilson', 20, null),
(180, 'Alva', 28, null),
(181, 'Harley', 20, 458),
(182, 'Newton', 23, null),
(183, 'Timothy', 42, null),
(184, 'Marvin', 17, 456),
(185, 'Ross', 25, null),
(186, 'Curtis', 26, null),
(187, 'Edmund', 23, null),
(188, 'Jeff', 24, null),
(189, 'Elias', 32, 801),
(190, 'Harrison', 22, null),
(191, 'Stanley', 14, 226),
(192, 'Columbus', 20, null),
(193, 'Lon', 15, null),
(194, 'Ora', 19, 358),
(195, 'Ollie', 25, null),
(196, 'Russell', 28, null),
(197, 'Pearl', 19, null),
(198, 'Solomon', 13, null),
(199, 'Arch', 17, null),
(200, 'Asa', 14, null),
(201, 'Clayton', 24, null),
(202, 'Enoch', 17, 78),
(203, 'Irving', 15, null),
(204, 'Mathew', 24, 686),
(205, 'Nathaniel', 31, null),
(206, 'Scott', 24, 451),
(207, 'Hubert', 25, null),
(208, 'Lemuel', 18, 783),
(209, 'Andy', 15, null),
(210, 'Ellis', 33, 16),
(211, 'Emanuel', 44, null),
(212, 'Joshua', 21, 240),
(213, 'Millard', 26, null),
(214, 'Vernon', 12, null),
(215, 'Wade', 25, 706),
(216, 'Cyrus', 18, 91),
(217, 'Miles', 16, null),
(218, 'Rudolph', 22, null),
(219, 'Sherman', 26, null),
(220, 'Austin', 33, null),
(221, 'Bill', 15, 279),
(222, 'Chas', 17, 47),
(223, 'Lonnie', 24, null),
(224, 'Monroe', 33, null),
(225, 'Byron', 24, null),
(226, 'Edd', 28, null),
(227, 'Emery', 20, null),
(228, 'Grant', 19, null),
(229, 'Jerome', 26, 239),
(230, 'Max', 26, null),
(231, 'Mose', 25, null),
(232, 'Steve', 35, 159),
(233, 'Gordon', 24, null),
(234, 'Abe', 27, null),
(235, 'Pete', 21, 437),
(236, 'Chris', 17, 66),
(237, 'Clark', 28, null),
(238, 'Gustave', 18, 997),
(239, 'Orville', 18, null),
(240, 'Lorenzo', 28, null),
(241, 'Bruce', 16, 767),
(242, 'Marcus', 14, 402),
(243, 'Preston', 19, 690),
(244, 'Bob', 17, 879),
(245, 'Dock', 28, 463),
(246, 'Donald', 20, null),
(247, 'Jackson', 24, null),
(248, 'Cecil', 16, 848),
(249, 'Barney', 19, 195),
(250, 'Delbert', 18, 178),
(251, 'Edmond', 36, null),
(252, 'Anderson', 18, null),
(253, 'Christian', 28, 184),
(254, 'Glenn', 23, null),
(255, 'Jefferson', 20, null),
(256, 'Luke', 32, null),
(257, 'Neal', 33, 47),
(258, 'Burt', 17, null),
(259, 'Ike', 20, 854),
(260, 'Myron', 19, 689),
(261, 'Tony', 23, 949),
(262, 'Conrad', 34, null),
(263, 'Joel', 20, null),
(264, 'Matt', 12, 700),
(265, 'Riley', 21, null),
(266, 'Vincent', 27, 233),
(267, 'Emory', 26, 810),
(268, 'Isaiah', 22, 492),
(269, 'Nick', 30, null),
(270, 'Ezra', 34, 392),
(271, 'Green', 25, null),
(272, 'Juan', 26, null),
(273, 'Clifton', 34, null),
(274, 'Lucius', 24, null),
(275, 'Porter', 21, null),
(276, 'Arnold', 28, 435),
(277, 'Bud', 18, 914),
(278, 'Jeremiah', 34, null),
(279, 'Taylor', 20, null),
(280, 'Forrest', 32, null),
(281, 'Roland', 17, 457),
(282, 'Spencer', 21, 458),
(283, 'Burton', 32, null),
(284, 'Don', 25, 963),
(285, 'Emmet', 22, null),
(286, 'Gustav', 21, null),
(287, 'Louie', 30, null),
(288, 'Morgan', 20, 175),
(289, 'Ned', 27, null),
(290, 'Van', 18, null),
(291, 'Ambrose', 26, null),
(292, 'Chauncey', 24, 756),
(293, 'Elisha', 24, 709),
(294, 'Ferdinand', 23, 773),
(295, 'General', 28, null),
(296, 'Julian', 19, null),
(297, 'Kenneth', 10, null),
(298, 'Mitchell', 23, null),
(299, 'Allie', 21, 918),
(300, 'Josh', 19, 203),
(301, 'Judson', 12, null),
(302, 'Lyman', 16, 339),
(303, 'Napoleon', 17, null),
(304, 'Pedro', 28, null),
(305, 'Berry', 21, null),
(306, 'Dewitt', 11, null),
(307, 'Ervin', 26, null),
(308, 'Forest', 27, null),
(309, 'Lynn', 18, 970),
(310, 'Pink', 23, null),
(311, 'Ruben', 11, 155),
(312, 'Sanford', 17, 213),
(313, 'Ward', 27, null),
(314, 'Douglas', 18, null),
(315, 'Ole', 30, null),
(316, 'Omer', 22, null),
(317, 'Ulysses', 24, 481),
(318, 'Walker', 24, null),
(319, 'Wilbert', 22, null),
(320, 'Adelbert', 18, null),
(321, 'Benjiman', 31, 97),
(322, 'Ivan', 20, 941),
(323, 'Jonas', 29, 288),
(324, 'Major', 26, 484),
(325, 'Abner', 24, null),
(326, 'Archibald', 31, 287),
(327, 'Caleb', 16, null),
(328, 'Clint', 31, null),
(329, 'Dudley', 33, null),
(330, 'Granville', 26, 126),
(331, 'King', 23, null),
(332, 'Mary', 23, null),
(333, 'Merton', 21, null),
(334, 'Antonio', 22, null),
(335, 'Bennie', 24, null),
(336, 'Carroll', 23, 707),
(337, 'Freeman', 28, null),
(338, 'Josiah', 15, 44),
(339, 'Milo', 20, null),
(340, 'Royal', 22, 515),
(341, 'Dick', 23, null),
(342, 'Earle', 33, null),
(343, 'Elza', 15, 822),
(344, 'Emerson', 27, null),
(345, 'Fletcher', 25, 94),
(346, 'Judge', 19, null),
(347, 'Laurence', 26, null),
(348, 'Neil', 28, null),
(349, 'Roger', 28, 530),
(350, 'Seth', 17, 945),
(351, 'Glen', 21, 327),
(352, 'Hugo', 18, 739),
(353, 'Jimmie', 18, null),
(354, 'Johnnie', 21, null),
(355, 'Washington', 19, null),
(356, 'Elwood', 30, null),
(357, 'Gust', 17, 314),
(358, 'Harmon', 22, null),
(359, 'Jordan', 21, null),
(360, 'Simeon', 32, null),
(361, 'Wayne', 25, null),
(362, 'Wilber', 15, 31),
(363, 'Clem', 25, null),
(364, 'Evan', 32, 662),
(365, 'Frederic', 19, null),
(366, 'Irwin', 21, 260),
(367, 'Junius', 20, 33),
(368, 'Lafayette', 33, null),
(369, 'Loren', 15, null),
(370, 'Madison', 22, null),
(371, 'Mason', 27, null),
(372, 'Orval', 14, 523),
(373, 'Abram', 28, null),
(374, 'Aubrey', 29, null),
(375, 'Elliott', 24, null),
(376, 'Hans', 23, 840),
(377, 'Karl', 22, 283),
(378, 'Minor', 30, null),
(379, 'Wash', 15, 846),
(380, 'Wilfred', 17, null),
(381, 'Allan', 24, 779),
(382, 'Alphonse', 15, null),
(383, 'Dallas', 32, 970),
(384, 'Dee', 23, 56),
(385, 'Isiah', 25, 892),
(386, 'Jason', 29, null),
(387, 'Johnny', 24, null),
(388, 'Lawson', 28, null),
(389, 'Lew', 20, null),
(390, 'Micheal', 23, null),
(391, 'Orin', 22, 828),
(392, 'Addison', 21, null),
(393, 'Cal', 27, null),
(394, 'Erastus', 28, 998),
(395, 'Francisco', 20, null),
(396, 'Hardy', 23, null),
(397, 'Lucien', 21, 445),
(398, 'Randolph', 16, null),
(399, 'Stewart', 17, 353),
(400, 'Vern', 24, null),
(401, 'Wilmer', 25, null),
(402, 'Zack', 20, 846),
(403, 'Adrian', 37, null),
(404, 'Alvah', 17, null),
(405, 'Bertram', 17, null),
(406, 'Clay', 16, null),
(407, 'Ephraim', 26, null),
(408, 'Fritz', 30, null),
(409, 'Giles', 25, null),
(410, 'Grover', 24, null),
(411, 'Harris', 23, null),
(412, 'Isom', 32, null),
(413, 'Jesus', 17, 946),
(414, 'Johnie', 27, null),
(415, 'Jonathan', 15, 629),
(416, 'Lucian', 20, null),
(417, 'Malcolm', 22, null),
(418, 'Merritt', 25, 197),
(419, 'Otho', 25, null),
(420, 'Perley', 24, 344),
(421, 'Rolla', 20, 153),
(422, 'Sandy', 22, null),
(423, 'Tomas', 28, null),
(424, 'Wilford', 30, null),
(425, 'Adolphus', 16, null),
(426, 'Angus', 23, null),
(427, 'Arther', 20, null),
(428, 'Carlos', 24, 817),
(429, 'Cary', 28, null),
(430, 'Cassius', 15, null),
(431, 'Davis', 21, null),
(432, 'Hamilton', 29, null),
(433, 'Harve', 23, null),
(434, 'Israel', 25, 638),
(435, 'Leander', 14, 979),
(436, 'Melville', 19, 595),
(437, 'Merle', 21, 247),
(438, 'Murray', 21, null),
(439, 'Pleasant', 32, 214),
(440, 'Sterling', 17, 286),
(441, 'Steven', 28, 868),
(442, 'Axel', 30, null),
(443, 'Boyd', 18, 948),
(444, 'Bryant', 18, null),
(445, 'Clement', 17, 258),
(446, 'Erwin', 21, 307),
(447, 'Ezekiel', 26, 768),
(448, 'Foster', 15, null),
(449, 'Frances', 14, null),
(450, 'Geo', 22, null),
(451, 'Houston', 21, 688),
(452, 'Issac', 20, null),
(453, 'Jules', 19, 911),
(454, 'Larkin', 29, 747),
(455, 'Mat', 32, null),
(456, 'Morton', 20, 454),
(457, 'Orlando', 35, 327),
(458, 'Pierce', 23, null),
(459, 'Prince', 32, null),
(460, 'Rollie', 21, null),
(461, 'Rollin', 30, 712),
(462, 'Sim', 14, null),
(463, 'Stuart', 23, 107),
(464, 'Wilburn', 26, 356),
(465, 'Bennett', 15, 325),
(466, 'Casper', 15, null),
(467, 'Christ', 22, 484),
(468, 'Dell', 18, null),
(469, 'Egbert', 32, null),
(470, 'Elmo', 20, 670),
(471, 'Fay', 11, 777),
(472, 'Gabriel', 26, null),
(473, 'Hector', 15, 420),
(474, 'Horatio', 20, null),
(475, 'Lige', 26, null),
(476, 'Saul', 23, 284),
(477, 'Smith', 20, null),
(478, 'Squire', 17, 627),
(479, 'Tobe', 24, null),
(480, 'Tommie', 19, 175),
(481, 'Wyatt', 29, 604),
(482, 'Alford', 24, null),
(483, 'Alma', 19, null),
(484, 'Alton', 24, null),
(485, 'Andres', 19, null),
(486, 'Burl', 15, 727),
(487, 'Cicero', 19, 524),
(488, 'Dean', 17, null),
(489, 'Dorsey', 23, 78),
(490, 'Enos', 26, null),
(491, 'Howell', 23, null),
(492, 'Lou', 27, null),
(493, 'Loyd', 18, null),
(494, 'Mahlon', 22, null),
(495, 'Nat', 31, 897),
(496, 'Omar', 19, null),
(497, 'Oran', 22, 869),
(498, 'Parker', 31, 804),
(499, 'Raleigh', 22, null),
(500, 'Reginald', 9, 604),
(501, 'Rubin', 31, null),
(502, 'Seymour', 31, null),
(503, 'Wm', 26, null),
(504, 'Young', 22, null),
(505, 'Benjamine', 25, 743),
(506, 'Carey', 30, null),
(507, 'Carlton', 16, null),
(508, 'Eldridge', 23, null),
(509, 'Elzie', 20, null),
(510, 'Garrett', 26, null),
(511, 'Isham', 18, 296),
(512, 'Johnson', 22, 671),
(513, 'Larry', 24, null),
(514, 'Logan', 29, 543),
(515, 'Merrill', 20, null),
(516, 'Mont', 9, null),
(517, 'Oren', 20, null),
(518, 'Pierre', 22, null),
(519, 'Rex', 25, 405),
(520, 'Rodney', 25, 978),
(521, 'Ted', 32, 577),
(522, 'Webster', 22, 995),
(523, 'West', 20, 613),
(524, 'Wheeler', 19, 515),
(525, 'Willam', 21, null),
(526, 'Al', 20, null),
(527, 'Aloysius', 17, null),
(528, 'Alvie', 25, 750),
(529, 'Anna', 27, null),
(530, 'Art', 14, null),
(531, 'Augustine', 29, null),
(532, 'Bailey', 17, null),
(533, 'Benjaman', 11, 66),
(534, 'Beverly', 13, null),
(535, 'Bishop', 28, null),
(536, 'Clair', 20, 584),
(537, 'Cloyd', 23, 443),
(538, 'Coleman', 23, 737),
(539, 'Dana', 38, 991),
(540, 'Duncan', 22, 557),
(541, 'Dwight', 24, 709),
(542, 'Emile', 32, 3),
(543, 'Evert', 30, null),
(544, 'Henderson', 20, 854),
(545, 'Hunter', 16, null),
(546, 'Jean', 10, null),
(547, 'Lem', 30, null),
(548, 'Luis', 24, null),
(549, 'Mathias', 10, null),
(550, 'Maynard', 28, 574),
(551, 'Miguel', 26, null),
(552, 'Mortimer', 24, 612),
(553, 'Nels', 14, null),
(554, 'Norris', 31, null),
(555, 'Pat', 23, 539),
(556, 'Phil', 14, 147),
(557, 'Rush', 23, null),
(558, 'Santiago', 17, null),
(559, 'Sol', 20, null),
(560, 'Sydney', 22, 108),
(561, 'Thaddeus', 32, 268),
(562, 'Thornton', 21, 39),
(563, 'Tim', 21, 611),
(564, 'Travis', 22, null),
(565, 'Truman', 33, 882),
(566, 'Watson', 19, 651),
(567, 'Webb', 27, null),
(568, 'Wellington', 32, 430),
(569, 'Winfred', 23, 412),
(570, 'Wylie', 26, null),
(571, 'Alec', 26, null),
(572, 'Basil', 34, null),
(573, 'Baxter', 22, null),
(574, 'Bertrand', 30, null),
(575, 'Buford', 21, 833),
(576, 'Burr', 7, null),
(577, 'Cleveland', 20, null),
(578, 'Colonel', 30, null),
(579, 'Dempsey', 33, 33),
(580, 'Early', 23, null),
(581, 'Ellsworth', 16, null),
(582, 'Fate', 32, null),
(583, 'Finley', 13, null),
(584, 'Gabe', 24, null),
(585, 'Garland', 26, null),
(586, 'Gerald', 21, 986),
(587, 'Herschel', 27, null),
(588, 'Hezekiah', 38, null),
(589, 'Justus', 21, 810),
(590, 'Lindsey', 33, 115),
(591, 'Marcellus', 19, 343),
(592, 'Olaf', 15, null),
(593, 'Olin', 12, 262),
(594, 'Pablo', 28, null),
(595, 'Rolland', 18, null),
(596, 'Turner', 23, 412),
(597, 'Verne', 20, null),
(598, 'Volney', 28, null),
(599, 'Williams', 14, null),
(600, 'Almon', 31, 443),
(601, 'Alois', 16, null),
(602, 'Alonza', 22, null),
(603, 'Anson', 16, null),
(604, 'Authur', 22, 281),
(605, 'Benton', 32, 631),
(606, 'Billie', 19, null),
(607, 'Cornelious', 26, null),
(608, 'Darius', 30, null),
(609, 'Denis', 30, 531),
(610, 'Dillard', 22, null),
(611, 'Doctor', 21, 925),
(612, 'Elvin', 28, null),
(613, 'Emma', 33, null),
(614, 'Eric', 14, null),
(615, 'Evans', 29, null),
(616, 'Gideon', 31, null),
(617, 'Haywood', 26, null),
(618, 'Hilliard', 22, 894),
(619, 'Hosea', 26, null),
(620, 'Lincoln', 22, 445),
(621, 'Lonzo', 25, 560),
(622, 'Lucious', 25, null),
(623, 'Lum', 18, null),
(624, 'Malachi', 19, null),
(625, 'Newt', 24, null),
(626, 'Noel', 23, null),
(627, 'Orie', 16, 755),
(628, 'Palmer', 26, null),
(629, 'Pinkney', 34, 943),
(630, 'Shirley', 20, null),
(631, 'Sumner', 22, null),
(632, 'Terry', 20, null),
(633, 'Urban', 16, null),
(634, 'Uriah', 22, 153),
(635, 'Valentine', 38, null),
(636, 'Waldo', 20, 441),
(637, 'Warner', 14, null),
(638, 'Wong', 29, null),
(639, 'Zeb', 14, null),
(640, 'Abel', 20, null),
(641, 'Alden', 21, null),
(642, 'Archer', 25, 339),
(643, 'Avery', 30, null),
(644, 'Carson', 28, null),
(645, 'Cullen', 24, 752),
(646, 'Doc', 26, null),
(647, 'Eben', 19, null),
(648, 'Elige', 28, 919),
(649, 'Elizabeth', 19, 62),
(650, 'Elmore', 31, 356),
(651, 'Ernst', 16, null),
(652, 'Finis', 32, null),
(653, 'Freddie', 3, null),
(654, 'Godfrey', 20, 499),
(655, 'Guss', 27, 772),
(656, 'Hamp', 21, null),
(657, 'Hermann', 16, 617),
(658, 'Isadore', 19, 442),
(659, 'Isreal', 26, null),
(660, 'Jones', 25, null),
(661, 'June', 27, null),
(662, 'Lacy', 19, null),
(663, 'Lafe', 26, null),
(664, 'Leland', 22, 777),
(665, 'Llewellyn', 29, 817),
(666, 'Ludwig', 21, null),
(667, 'Manford', 22, 34),
(668, 'Maxwell', 27, null),
(669, 'Minnie', 18, 336),
(670, 'Obie', 17, null),
(671, 'Octave', 31, null),
(672, 'Orrin', 21, 992),
(673, 'Ossie', 28, 872),
(674, 'Oswald', 37, null),
(675, 'Park', 30, null),
(676, 'Parley', 20, 109),
(677, 'Ramon', 36, 70),
(678, 'Rice', 28, null),
(679, 'Stonewall', 27, 574),
(680, 'Theo', 33, 80),
(681, 'Tillman', 19, null),
(682, 'Addie', 24, 193),
(683, 'Aron', 22, null),
(684, 'Ashley', 28, null),
(685, 'Bernhard', 17, null),
(686, 'Bertie', 16, null),
(687, 'Berton', 17, 359),
(688, 'Buster', 15, 850),
(689, 'Butler', 20, null),
(690, 'Carleton', 26, 361),
(691, 'Carrie', 19, 935),
(692, 'Clara', 18, null),
(693, 'Clarance', 23, 530),
(694, 'Clare', 29, 449),
(695, 'Crawford', 17, null),
(696, 'Danial', 20, 145),
(697, 'Dayton', 21, 114),
(698, 'Dolphus', 27, null),
(699, 'Elder', 19, null),
(700, 'Ephriam', 19, null),
(701, 'Fayette', 23, null),
(702, 'Felipe', 15, null),
(703, 'Fernando', 40, null),
(704, 'Flem', 36, null),
(705, 'Florence', 25, 650),
(706, 'Ford', 26, 899),
(707, 'Harlan', 23, 390),
(708, 'Hayes', 20, null),
(709, 'Henery', 27, null),
(710, 'Hoy', 13, 497),
(711, 'Huston', 25, null),
(712, 'Ida', 23, null),
(713, 'Ivory', 19, 745),
(714, 'Jonah', 26, null),
(715, 'Justin', 16, 884),
(716, 'Lenard', 23, null),
(717, 'Leopold', 30, 593),
(718, 'Lionel', 23, 632),
(719, 'Manley', 32, null),
(720, 'Marquis', 20, null),
(721, 'Marshal', 28, null),
(722, 'Mart', 17, 902),
(723, 'Odie', 34, 175),
(724, 'Olen', 25, null),
(725, 'Oral', 18, null),
(726, 'Orley', 25, 802),
(727, 'Otha', 15, null),
(728, 'Press', 16, 579),
(729, 'Price', 24, null),
(730, 'Quincy', 21, null),
(731, 'Randall', 15, null),
(732, 'Rich', 20, null),
(733, 'Richmond', 16, 89),
(734, 'Romeo', 26, 612),
(735, 'Russel', 21, null),
(736, 'Rutherford', 32, null),
(737, 'Shade', 22, 811),
(738, 'Shelby', 19, 600),
(739, 'Solon', 37, 737),
(740, 'Thurman', 19, 979),
(741, 'Tilden', 27, null),
(742, 'Troy', 13, 316),
(743, 'Woodson', 15, 787),
(744, 'Worth', 17, 335),
(745, 'Aden', 15, 425),
(746, 'Alcide', 26, null),
(747, 'Alf', 19, 67),
(748, 'Algie', 28, null),
(749, 'Arlie', 19, null),
(750, 'Bart', 28, null),
(751, 'Bedford', 19, 454),
(752, 'Benito', 18, null),
(753, 'Billy', 34, 462),
(754, 'Bird', 16, null),
(755, 'Birt', 24, 296),
(756, 'Bruno', 23, 858),
(757, 'Burley', 22, null),
(758, 'Chancy', 31, null),
(759, 'Claus', 17, null),
(760, 'Cliff', 31, null),
(761, 'Clovis', 19, null),
(762, 'Connie', 20, 512),
(763, 'Creed', 22, null),
(764, 'Delos', 25, 590),
(765, 'Duke', 26, 833),
(766, 'Eber', 19, 520),
(767, 'Eligah', 15, null),
(768, 'Elliot', 20, null),
(769, 'Elton', 24, 642),
(770, 'Emmitt', 18, null),
(771, 'Gene', 27, null),
(772, 'Golden', 16, 650),
(773, 'Hal', 17, null),
(774, 'Hardin', 14, null),
(775, 'Harman', 21, 569),
(776, 'Hervey', 20, 327),
(777, 'Hollis', 30, 951),
(778, 'Ivey', 23, 899),
(779, 'Jennie', 23, null),
(780, 'Len', 33, null),
(781, 'Lindsay', 24, null),
(782, 'Lonie', 29, null),
(783, 'Lyle', 25, 630),
(784, 'Mac', 27, 999),
(785, 'Mal', 27, null),
(786, 'Math', 26, 940),
(787, 'Miller', 30, null),
(788, 'Orson', 27, 115),
(789, 'Osborne', 25, null),
(790, 'Percival', 25, null),
(791, 'Pleas', 35, null),
(792, 'Ples', 19, null),
(793, 'Rafael', 17, 981),
(794, 'Raoul', 29, null),
(795, 'Roderick', 21, null),
(796, 'Rose', 27, null),
(797, 'Shelton', 32, 856),
(798, 'Sid', 13, null),
(799, 'Theron', 28, null),
(800, 'Tobias', 26, null),
(801, 'Toney', 20, null),
(802, 'Tyler', 23, null),
(803, 'Vance', 18, null),
(804, 'Vivian', 27, null),
(805, 'Walton', 21, null),
(806, 'Watt', 17, null),
(807, 'Weaver', 23, null),
(808, 'Wilton', 29, 469),
(809, 'Adolf', 36, null),
(810, 'Albin', 30, null),
(811, 'Albion', 29, null),
(812, 'Allison', 33, null),
(813, 'Alpha', 42, null),
(814, 'Alpheus', 25, 418),
(815, 'Anastacio', 30, 896),
(816, 'Andre', 25, null),
(817, 'Annie', 27, null),
(818, 'Arlington', 33, null),
(819, 'Armand', 19, null),
(820, 'Asberry', 21, 774),
(821, 'Asbury', 27, 98),
(822, 'Asher', 12, 940),
(823, 'Augustin', 25, null),
(824, 'Auther', 18, 515),
(825, 'Author', 21, null),
(826, 'Ballard', 21, null),
(827, 'Blas', 21, 94),
(828, 'Caesar', 27, null),
(829, 'Candido', 29, null),
(830, 'Cato', 33, null),
(831, 'Clarke', 29, null),
(832, 'Clemente', 22, null),
(833, 'Colin', 29, null),
(834, 'Commodore', 20, null),
(835, 'Cora', 27, 444),
(836, 'Coy', 22, 671),
(837, 'Cruz', 12, null),
(838, 'Curt', 27, null),
(839, 'Damon', 18, null),
(840, 'Davie', 23, null),
(841, 'Delmar', 18, null),
(842, 'Dexter', 30, null),
(843, 'Dora', 23, null),
(844, 'Doss', 25, 511),
(845, 'Drew', 26, 35),
(846, 'Edson', 26, null),
(847, 'Elam', 21, null),
(848, 'Elihu', 33, 117),
(849, 'Eliza', 21, null),
(850, 'Elsie', 17, null),
(851, 'Erie', 29, 25),
(852, 'Ernie', 26, 421),
(853, 'Ethel', 26, 922),
(854, 'Ferd', 24, 833),
(855, 'Friend', 19, null),
(856, 'Garry', 13, null),
(857, 'Gary', 21, 989),
(858, 'Grace', 36, 332),
(859, 'Gustaf', 23, 572),
(860, 'Hallie', 35, 323),
(861, 'Hampton', 36, null),
(862, 'Harrie', 28, 491),
(863, 'Hattie', 33, 487),
(864, 'Hence', 21, null),
(865, 'Hillard', 22, null),
(866, 'Hollie', 25, null),
(867, 'Holmes', 31, null),
(868, 'Hope', 24, null),
(869, 'Hyman', 31, null),
(870, 'Ishmael', 21, null),
(871, 'Jarrett', 29, 816),
(872, 'Jessee', 20, null),
(873, 'Joeseph', 26, null),
(874, 'Junious', 22, null),
(875, 'Kirk', 17, 735),
(876, 'Levy', 32, 747),
(877, 'Mervin', 20, null),
(878, 'Michel', 14, null),
(879, 'Milford', 31, 805),
(880, 'Mitchel', 28, null),
(881, 'Nellie', 25, 732),
(882, 'Noble', 29, 514),
(883, 'Obed', 28, null),
(884, 'Oda', 31, 153),
(885, 'Orren', 14, 733),
(886, 'Ottis', 17, null),
(887, 'Rafe', 30, null),
(888, 'Redden', 15, null),
(889, 'Reese', 25, null),
(890, 'Rube', 34, null),
(891, 'Ruby', 25, null),
(892, 'Rupert', 29, null),
(893, 'Salomon', 30, 64),
(894, 'Sammie', 22, 881),
(895, 'Sanders', 15, null),
(896, 'Soloman', 22, 685),
(897, 'Stacy', 26, null),
(898, 'Stanford', 29, null),
(899, 'Stanton', 18, null),
(900, 'Thad', 30, null),
(901, 'Titus', 18, 476),
(902, 'Tracy', 15, 653),
(903, 'Vernie', 25, null),
(904, 'Wendell', 11, null),
(905, 'Wilhelm', 38, null),
(906, 'Willian', 19, null),
(907, 'Yee', 23, null),
(908, 'Zeke', 30, 409),
(909, 'Ab', 20, 947),
(910, 'Abbott', 31, 533),
(911, 'Agustus', 28, 35),
(912, 'Albertus', 18, null),
(913, 'Almer', 22, null),
(914, 'Alphonso', 24, null),
(915, 'Alvia', 31, null),
(916, 'Artie', 30, 904),
(917, 'Arvid', 24, null),
(918, 'Ashby', 31, 741),
(919, 'Augusta', 11, null),
(920, 'Aurthur', 32, 675),
(921, 'Babe', 20, null),
(922, 'Baldwin', 31, null),
(923, 'Barnett', 30, 16),
(924, 'Bartholomew', 23, null),
(925, 'Barton', 22, null),
(926, 'Bernie', 16, null),
(927, 'Blaine', 24, null),
(928, 'Boston', 25, null),
(929, 'Brad', 25, 755),
(930, 'Bradford', 35, null),
(931, 'Bradley', 22, 60),
(932, 'Brooks', 24, 554),
(933, 'Buck', 21, null),
(934, 'Budd', 20, null),
(935, 'Ceylon', 31, null),
(936, 'Chalmers', 21, null),
(937, 'Chesley', 22, null),
(938, 'Chin', 16, 174),
(939, 'Cleo', 14, null),
(940, 'Crockett', 14, null),
(941, 'Cyril', 27, null),
(942, 'Daisy', 23, null),
(943, 'Denver', 29, 268),
(944, 'Dow', 30, null),
(945, 'Duff', 26, null),
(946, 'Edie', 19, 684),
(947, 'Edith', 20, 160),
(948, 'Elick', 21, null),
(949, 'Elie', 29, 266),
(950, 'Eliga', 22, 271),
(951, 'Eliseo', 31, 263),
(952, 'Elroy', 30, null),
(953, 'Ely', 36, null),
(954, 'Ennis', 23, 880),
(955, 'Enrique', 30, 266),
(956, 'Erasmus', 25, null),
(957, 'Esau', 25, null),
(958, 'Everette', 11, null),
(959, 'Firman', 13, null),
(960, 'Fleming', 15, 710),
(961, 'Flora', 24, null),
(962, 'Gardner', 23, null),
(963, 'Gee', 14, 897),
(964, 'Gorge', 14, null),
(965, 'Gottlieb', 18, null),
(966, 'Gregorio', 26, null),
(967, 'Gregory', 24, 162),
(968, 'Gustavus', 25, 681),
(969, 'Halsey', 25, null),
(970, 'Handy', 25, 137),
(971, 'Hardie', 24, null),
(972, 'Harl', 18, null),
(973, 'Hayden', 31, null),
(974, 'Hays', 30, 652),
(975, 'Hermon', 22, null),
(976, 'Hershel', 32, null),
(977, 'Holly', 28, 247),
(978, 'Hosteen', 20, null),
(979, 'Hoyt', 7, 665),
(980, 'Hudson', 28, null),
(981, 'Huey', 28, null),
(982, 'Humphrey', 16, 115),
(983, 'Hunt', 39, null),
(984, 'Hyrum', 32, null),
(985, 'Irven', 13, 324),
(986, 'Isam', 27, 631),
(987, 'Ivy', 24, null),
(988, 'Jabez', 20, null),
(989, 'Jewel', 30, null),
(990, 'Jodie', 29, null),
(991, 'Judd', 17, 55),
(992, 'Julious', 22, null),
(993, 'Justice', 16, null),
(994, 'Katherine', 27, 336),
(995, 'Kelly', 20, 5),
(996, 'Kit', 30, null),
(997, 'Knute', 25, null),
(998, 'Lavern', 25, 303),
(999, 'Lawyer', 24, null);



INSERT INTO hobbies (id, "name") VALUES
(0, 'Tennis'),
(1, 'Chess'),
(2, 'Painting'),
(3, 'Soccer'),
(4, 'Reading'),
(5, 'Cycling'),
(6, 'Running'),
(7, 'Skiing'),
(8, 'Hiking'),
(9, 'Basketball'),
(10, 'Dungeons and Dragons'),
(11, 'Knitting'),
(12, 'Crocheting'),
(13, 'Camping'),
(14, 'Bars'),
(15, 'Fishing');



INSERT INTO user_hobbies ("user", hobby) VALUES
(0, 14),
(0, 10),
(1, 15),
(2, 13),
(2, 0),
(2, 13),
(3, 7),
(3, 15),
(3, 4),
(4, 7),
(5, 13),
(5, 7),
(7, 8),
(7, 5),
(8, 4),
(11, 13),
(11, 10),
(11, 13),
(12, 1),
(17, 8),
(17, 8),
(19, 9),
(22, 5),
(24, 11),
(24, 9),
(27, 6),
(27, 3),
(28, 2),
(29, 2),
(30, 2),
(30, 4),
(31, 7),
(34, 6),
(34, 14),
(35, 0),
(36, 8),
(37, 3),
(38, 6),
(40, 14),
(42, 10),
(42, 2),
(44, 8),
(45, 13),
(45, 7),
(52, 12),
(53, 4),
(53, 1),
(53, 11),
(53, 5),
(53, 12),
(53, 0),
(53, 4),
(53, 4),
(54, 11),
(55, 4),
(55, 13),
(55, 2),
(57, 10),
(57, 2),
(58, 9),
(59, 9),
(59, 10),
(60, 4),
(61, 8),
(62, 4),
(62, 2),
(63, 4),
(65, 15),
(65, 6),
(66, 8),
(66, 2),
(67, 9),
(71, 13),
(72, 10),
(72, 13),
(76, 13),
(76, 12),
(77, 1),
(77, 5),
(77, 13),
(77, 13),
(77, 5),
(79, 10),
(79, 2),
(80, 11),
(81, 10),
(86, 3),
(88, 3),
(88, 15),
(90, 4),
(94, 0),
(94, 14),
(95, 8),
(97, 12),
(97, 6),
(97, 2),
(98, 9),
(98, 0),
(99, 13),
(100, 10),
(100, 1),
(100, 15),
(101, 9),
(101, 9),
(104, 13),
(104, 11),
(104, 15),
(104, 3),
(107, 2),
(113, 5),
(113, 13),
(115, 11),
(115, 9),
(117, 9),
(119, 13),
(119, 6),
(119, 5),
(119, 8),
(121, 15),
(123, 5),
(123, 8),
(124, 2),
(126, 3),
(127, 8),
(129, 15),
(130, 15),
(135, 11),
(136, 11),
(136, 7),
(136, 0),
(138, 11),
(145, 11),
(149, 5),
(149, 5),
(152, 6),
(152, 6),
(153, 15),
(154, 6),
(154, 0),
(154, 9),
(156, 2),
(156, 6),
(157, 1),
(158, 7),
(158, 1),
(159, 12),
(160, 10),
(162, 9),
(163, 3),
(163, 1),
(168, 13),
(168, 11),
(168, 5),
(170, 4),
(170, 0),
(170, 14),
(174, 4),
(175, 6),
(177, 14),
(178, 4),
(178, 0),
(180, 13),
(180, 10),
(182, 6),
(184, 6),
(185, 10),
(185, 12),
(185, 14),
(185, 5),
(185, 11),
(185, 4),
(185, 9),
(188, 7),
(188, 11),
(189, 4),
(191, 3),
(191, 7),
(191, 0),
(191, 14),
(191, 0),
(191, 7),
(192, 14),
(193, 5),
(193, 4),
(194, 7),
(194, 1),
(194, 10),
(194, 14),
(194, 9),
(194, 8),
(194, 13),
(194, 12),
(197, 14),
(199, 9),
(199, 7),
(199, 15),
(201, 15),
(202, 5),
(202, 1),
(203, 1),
(203, 3),
(205, 1),
(209, 6),
(211, 1),
(211, 4),
(211, 6),
(213, 12),
(215, 0),
(216, 5),
(216, 10),
(217, 12),
(219, 9),
(219, 14),
(219, 3),
(219, 10),
(219, 11),
(221, 12),
(222, 0),
(222, 15),
(223, 12),
(226, 3),
(228, 2),
(229, 3),
(230, 14),
(230, 5),
(231, 11),
(233, 12),
(233, 7),
(234, 2),
(234, 9),
(235, 2),
(237, 7),
(237, 10),
(237, 1),
(237, 10),
(237, 10),
(237, 12),
(239, 7),
(239, 14),
(243, 7),
(243, 11),
(243, 3),
(244, 8),
(244, 4),
(244, 10),
(245, 2),
(248, 6),
(248, 5),
(248, 7),
(250, 2),
(250, 2),
(251, 15),
(251, 14),
(252, 7),
(252, 5),
(253, 14),
(253, 9),
(255, 6),
(255, 14),
(257, 7),
(257, 15),
(257, 14),
(257, 0),
(258, 7),
(258, 10),
(258, 14),
(258, 14),
(260, 9),
(260, 11),
(261, 13),
(261, 15),
(261, 6),
(261, 3),
(261, 0),
(264, 5),
(265, 12),
(265, 11),
(272, 0),
(272, 11),
(272, 4),
(272, 4),
(273, 12),
(273, 8),
(273, 2),
(273, 12),
(274, 14),
(276, 13),
(277, 6),
(278, 13),
(278, 12),
(283, 9),
(283, 10),
(285, 10),
(288, 6),
(288, 2),
(288, 10),
(288, 13),
(289, 7),
(293, 7),
(295, 4),
(296, 14),
(297, 2),
(299, 3),
(304, 0),
(306, 9),
(306, 7),
(306, 6),
(312, 6),
(312, 10),
(312, 1),
(312, 7),
(312, 11),
(313, 1),
(313, 14),
(316, 1),
(318, 2),
(319, 8),
(323, 6),
(323, 12),
(323, 9),
(323, 3),
(323, 1),
(324, 15),
(325, 11),
(327, 6),
(329, 11),
(329, 14),
(329, 10),
(330, 15),
(332, 6),
(332, 11),
(335, 15),
(335, 7),
(338, 5),
(340, 14),
(341, 5),
(341, 13),
(344, 3),
(344, 11),
(348, 0),
(348, 0),
(348, 14),
(349, 7),
(349, 11),
(350, 5),
(350, 13),
(350, 4),
(351, 9),
(352, 12),
(353, 6),
(353, 12),
(354, 13),
(354, 7),
(354, 15),
(357, 12),
(357, 7),
(357, 8),
(357, 2),
(357, 12),
(359, 11),
(359, 8),
(361, 2),
(363, 8),
(364, 6),
(364, 1),
(366, 15),
(369, 9),
(369, 13),
(369, 13),
(372, 10),
(372, 14),
(375, 15),
(375, 6),
(377, 7),
(378, 13),
(380, 14),
(380, 2),
(382, 6),
(382, 10),
(385, 5),
(386, 7),
(387, 9),
(391, 2),
(391, 4),
(391, 8),
(391, 10),
(391, 3),
(392, 10),
(393, 3),
(393, 1),
(400, 12),
(400, 15),
(401, 8),
(401, 0),
(401, 15),
(401, 3),
(401, 8),
(404, 0),
(406, 15),
(406, 4),
(409, 5),
(409, 5),
(411, 1),
(411, 12),
(411, 9),
(414, 1),
(418, 5),
(418, 0),
(419, 14),
(419, 6),
(420, 6),
(420, 2),
(420, 8),
(421, 11),
(423, 4),
(423, 1),
(423, 8),
(424, 7),
(427, 1),
(428, 3),
(428, 10),
(428, 15),
(428, 11),
(429, 8),
(431, 11),
(431, 12),
(431, 0),
(431, 4),
(432, 0),
(432, 0),
(433, 7),
(433, 15),
(434, 1),
(435, 6),
(435, 7),
(436, 9),
(436, 9),
(437, 13),
(437, 13),
(437, 9),
(437, 5),
(438, 7),
(438, 1),
(438, 9),
(442, 15),
(442, 13),
(443, 7),
(443, 13),
(443, 2),
(443, 0),
(443, 9),
(443, 5),
(444, 4),
(445, 1),
(445, 4),
(445, 13),
(448, 14),
(453, 11),
(461, 4),
(461, 11),
(462, 13),
(464, 6),
(465, 6),
(467, 11),
(467, 4),
(467, 0),
(467, 0),
(467, 5),
(468, 6),
(468, 15),
(473, 1),
(473, 0),
(477, 0),
(477, 3),
(479, 11),
(480, 11),
(481, 3),
(487, 13),
(487, 14),
(491, 15),
(491, 9),
(491, 11),
(496, 9),
(496, 1),
(496, 6),
(496, 14),
(501, 4),
(501, 14),
(501, 9),
(501, 2),
(501, 5),
(504, 8),
(504, 3),
(505, 14),
(505, 12),
(506, 7),
(506, 9),
(507, 15),
(508, 8),
(509, 0),
(509, 3),
(509, 0),
(509, 2),
(509, 0),
(509, 5),
(509, 4),
(510, 8),
(511, 2),
(513, 15),
(513, 15),
(513, 6),
(513, 5),
(518, 4),
(518, 0),
(519, 1),
(520, 14),
(520, 5),
(520, 4),
(520, 8),
(520, 14),
(521, 1),
(521, 9),
(521, 9),
(522, 14),
(522, 8),
(523, 7),
(523, 4),
(523, 10),
(523, 12),
(525, 11),
(526, 3),
(526, 11),
(527, 3),
(527, 7),
(530, 10),
(530, 1),
(530, 4),
(530, 11),
(531, 15),
(533, 8),
(537, 5),
(537, 4),
(537, 13),
(537, 3),
(537, 4),
(537, 2),
(538, 4),
(538, 12),
(539, 3),
(539, 0),
(540, 5),
(540, 15),
(542, 9),
(543, 3),
(543, 9),
(547, 7),
(549, 7),
(551, 14),
(551, 1),
(551, 9),
(551, 1),
(553, 14),
(555, 5),
(556, 4),
(556, 10),
(556, 10),
(563, 2),
(564, 11),
(564, 13),
(564, 6),
(566, 13),
(566, 15),
(567, 4),
(570, 8),
(571, 14),
(572, 4),
(576, 14),
(578, 1),
(578, 7),
(578, 13),
(581, 3),
(582, 8),
(582, 3),
(582, 2),
(583, 3),
(583, 12),
(585, 14),
(589, 7),
(594, 14),
(594, 2),
(594, 11),
(594, 9),
(594, 2),
(594, 10),
(594, 11),
(594, 2),
(595, 9),
(596, 9),
(596, 10),
(598, 10),
(598, 1),
(602, 3),
(602, 12),
(602, 3),
(603, 9),
(603, 4),
(604, 14),
(604, 4),
(606, 14),
(606, 4),
(606, 15),
(606, 0),
(606, 9),
(611, 14),
(615, 6),
(620, 0),
(621, 14),
(622, 0),
(623, 9),
(623, 15),
(623, 4),
(624, 7),
(624, 14),
(626, 12),
(626, 3),
(626, 2),
(626, 12),
(628, 7),
(629, 10),
(629, 0),
(631, 8),
(633, 2),
(634, 14),
(634, 2),
(640, 0),
(643, 6),
(643, 4),
(643, 8),
(648, 15),
(649, 1),
(649, 13),
(649, 6),
(650, 11),
(650, 6),
(651, 10),
(651, 1),
(652, 11),
(652, 13),
(652, 1),
(652, 15),
(656, 1),
(657, 7),
(659, 12),
(659, 14),
(663, 6),
(663, 4),
(663, 8),
(664, 6),
(664, 0),
(667, 3),
(672, 10),
(672, 8),
(674, 11),
(674, 1),
(674, 0),
(678, 9),
(678, 13),
(679, 2),
(679, 2),
(680, 2),
(681, 10),
(681, 12),
(681, 5),
(684, 3),
(684, 0),
(684, 6),
(686, 1),
(687, 0),
(690, 9),
(690, 9),
(693, 9),
(697, 8),
(697, 10),
(701, 3),
(701, 2),
(702, 2),
(702, 2),
(702, 5),
(703, 9),
(703, 3),
(703, 13),
(704, 2),
(706, 5),
(709, 15),
(709, 6),
(709, 4),
(709, 7),
(710, 14),
(710, 4),
(710, 8),
(710, 14),
(711, 15),
(713, 10),
(713, 13),
(713, 0),
(713, 5),
(718, 14),
(719, 4),
(719, 13),
(719, 10),
(719, 6),
(720, 14),
(720, 3),
(724, 13),
(725, 7),
(725, 2),
(725, 5),
(725, 0),
(725, 12),
(725, 5),
(725, 6),
(727, 14),
(728, 12),
(729, 9),
(729, 3),
(731, 1),
(731, 7),
(733, 0),
(733, 9),
(733, 7),
(734, 4),
(734, 12),
(734, 11),
(734, 15),
(734, 6),
(734, 9),
(738, 11),
(739, 6),
(739, 1),
(743, 1),
(745, 0),
(746, 14),
(746, 0),
(747, 9),
(748, 1),
(748, 5),
(750, 0),
(750, 15),
(750, 14),
(751, 0),
(751, 14),
(753, 7),
(755, 2),
(755, 3),
(757, 13),
(759, 15),
(760, 14),
(760, 10),
(760, 5),
(761, 8),
(761, 8),
(761, 4),
(761, 13),
(761, 7),
(761, 12),
(762, 1),
(763, 14),
(764, 4),
(764, 11),
(767, 13),
(767, 1),
(767, 9),
(768, 12),
(768, 14),
(772, 2),
(775, 4),
(775, 10),
(778, 0),
(778, 7),
(778, 11),
(781, 11),
(782, 0),
(782, 11),
(782, 6),
(784, 10),
(784, 5),
(785, 15),
(785, 5),
(785, 11),
(786, 6),
(786, 8),
(787, 1),
(787, 0),
(788, 1),
(789, 8),
(792, 9),
(796, 2),
(798, 1),
(798, 1),
(798, 14),
(799, 8),
(801, 14),
(801, 5),
(801, 9),
(802, 11),
(803, 5),
(804, 3),
(804, 9),
(806, 12),
(808, 7),
(808, 3),
(808, 4),
(809, 0),
(809, 0),
(809, 7),
(810, 15),
(812, 14),
(812, 1),
(820, 11),
(820, 12),
(820, 2),
(832, 8),
(842, 14),
(848, 12),
(849, 1),
(858, 9),
(859, 2),
(859, 14),
(859, 1),
(863, 12),
(863, 13),
(865, 1),
(866, 12),
(866, 11),
(868, 5),
(868, 8),
(868, 9),
(868, 12),
(868, 11),
(868, 10),
(868, 0),
(871, 6),
(876, 11),
(876, 5),
(879, 2),
(880, 8),
(881, 14),
(881, 8),
(882, 6),
(887, 12),
(889, 1),
(889, 11),
(894, 3),
(894, 9),
(894, 6),
(896, 0),
(896, 8),
(896, 8),
(897, 7),
(897, 4),
(897, 11),
(897, 6),
(898, 8),
(899, 15),
(901, 5),
(902, 12),
(905, 4),
(907, 8),
(907, 2),
(907, 1),
(908, 2),
(908, 9),
(910, 8),
(912, 6),
(912, 5),
(913, 0),
(913, 5),
(913, 1),
(914, 14),
(915, 13),
(917, 15),
(919, 15),
(920, 8),
(923, 15),
(923, 5),
(923, 1),
(924, 1),
(924, 14),
(924, 6),
(925, 11),
(925, 9),
(925, 7),
(928, 14),
(928, 14),
(929, 10),
(929, 5),
(930, 6),
(937, 13),
(940, 9),
(940, 8),
(940, 5),
(943, 15),
(947, 14),
(947, 13),
(947, 3),
(947, 8),
(948, 15),
(948, 1),
(948, 12),
(948, 8),
(950, 9),
(952, 9),
(955, 6),
(955, 5),
(955, 5),
(955, 5),
(955, 6),
(957, 1),
(957, 4),
(959, 4),
(959, 14),
(959, 7),
(959, 5),
(959, 4),
(959, 14),
(963, 3),
(963, 15),
(965, 8),
(965, 2),
(966, 2),
(969, 13),
(971, 9),
(972, 4),
(975, 6),
(975, 6),
(975, 11),
(976, 7),
(977, 15),
(977, 13),
(978, 13),
(981, 8),
(981, 10),
(985, 11),
(987, 2),
(988, 7),
(989, 14),
(989, 5),
(991, 11),
(991, 2),
(992, 2),
(993, 13),
(996, 5),
(996, 0),
(998, 13);



INSERT INTO friends ("user", friend) VALUES
(0, 101),
(0, 528),
(0, 42),
(0, 192),
(0, 607),
(0, 360),
(0, 402),
(0, 376),
(0, 82),
(0, 707),
(0, 509),
(0, 830),
(1, 394),
(1, 277),
(1, 905),
(1, 464),
(1, 499),
(1, 987),
(1, 94),
(1, 213),
(1, 134),
(1, 620),
(1, 535),
(1, 236),
(1, 32),
(1, 106),
(1, 582),
(2, 31),
(2, 262),
(2, 617),
(2, 697),
(2, 306),
(2, 928),
(2, 521),
(2, 96),
(2, 443),
(2, 906),
(2, 769),
(2, 533),
(2, 647),
(2, 189),
(2, 825),
(3, 466),
(3, 842),
(3, 915),
(3, 283),
(3, 819),
(3, 835),
(3, 144),
(3, 719),
(3, 332),
(3, 786),
(3, 196),
(3, 280),
(3, 77),
(3, 999),
(3, 237),
(4, 311),
(4, 441),
(4, 0),
(4, 899),
(4, 803),
(4, 854),
(4, 934),
(4, 963),
(6, 870),
(6, 911),
(6, 986),
(6, 539),
(7, 870),
(7, 362),
(7, 107),
(8, 628),
(8, 254),
(8, 669),
(8, 300),
(8, 447),
(8, 149),
(8, 481),
(8, 270),
(8, 738),
(8, 666),
(9, 77),
(9, 415),
(9, 820),
(9, 491),
(9, 17),
(9, 871),
(9, 435),
(9, 50),
(9, 804),
(9, 629),
(9, 470),
(9, 385),
(13, 586),
(13, 610),
(13, 519),
(13, 413),
(14, 418),
(14, 291),
(14, 856),
(14, 875),
(14, 513),
(15, 553),
(15, 496),
(15, 234),
(15, 239),
(15, 553),
(15, 415),
(15, 340),
(15, 105),
(15, 197),
(15, 47),
(15, 619),
(15, 771),
(15, 267),
(15, 122),
(15, 36),
(16, 863),
(17, 355),
(17, 466),
(17, 925),
(17, 413),
(18, 714),
(18, 88),
(18, 841),
(18, 563),
(18, 939),
(18, 611),
(19, 100),
(20, 28),
(20, 976),
(20, 38),
(20, 847),
(20, 606),
(20, 960),
(20, 158),
(20, 202),
(20, 519),
(21, 998),
(21, 731),
(21, 934),
(21, 769),
(21, 729),
(21, 513),
(21, 534),
(21, 192),
(21, 3),
(21, 125),
(21, 859),
(22, 277),
(22, 377),
(22, 811),
(22, 710),
(22, 489),
(22, 791),
(22, 713),
(22, 643),
(22, 875),
(22, 161),
(22, 935),
(22, 607),
(22, 503),
(22, 754),
(22, 562),
(23, 903),
(23, 976),
(23, 648),
(23, 311),
(23, 528),
(23, 661),
(23, 230),
(23, 788),
(23, 594),
(23, 676),
(23, 908),
(24, 48),
(24, 221),
(24, 600),
(24, 800),
(24, 234),
(24, 756),
(24, 732),
(24, 794),
(24, 99),
(24, 789),
(24, 364),
(24, 796),
(24, 63),
(24, 738),
(24, 856),
(25, 843),
(25, 270),
(26, 909),
(26, 190),
(26, 943),
(26, 449),
(26, 242),
(26, 283),
(26, 785),
(28, 197),
(28, 604),
(28, 174),
(28, 565),
(28, 680),
(28, 132),
(28, 494),
(28, 232),
(28, 744),
(28, 797),
(28, 739),
(28, 231),
(28, 693),
(28, 586),
(28, 582),
(29, 256),
(29, 181),
(29, 79),
(29, 400),
(29, 497),
(29, 602),
(29, 214),
(29, 832),
(29, 457),
(29, 637),
(29, 819),
(29, 0),
(29, 934),
(30, 793),
(30, 50),
(30, 872),
(30, 376),
(30, 199),
(30, 917),
(30, 658),
(30, 631),
(30, 49),
(30, 957),
(30, 846),
(30, 88),
(30, 481),
(30, 699),
(31, 519),
(31, 321),
(31, 299),
(31, 706),
(31, 156),
(31, 355),
(31, 927),
(31, 261),
(31, 471),
(31, 977),
(31, 543),
(31, 450),
(31, 591),
(31, 543),
(31, 370),
(32, 724),
(32, 192),
(32, 432),
(32, 888),
(32, 919),
(32, 167),
(32, 686),
(32, 97),
(32, 403),
(32, 683),
(32, 154),
(32, 883),
(33, 800),
(33, 9),
(33, 951),
(33, 96),
(33, 507),
(33, 76),
(34, 75),
(34, 981),
(34, 721),
(34, 788),
(34, 182),
(34, 293),
(35, 135),
(35, 119),
(35, 496),
(35, 932),
(35, 563),
(35, 986),
(35, 841),
(35, 379),
(35, 30),
(35, 591),
(35, 473),
(35, 976),
(35, 466),
(35, 645),
(35, 365),
(37, 684),
(37, 243),
(37, 993),
(37, 837),
(37, 139),
(37, 396),
(37, 582),
(38, 192),
(38, 922),
(38, 707),
(38, 711),
(38, 131),
(38, 818),
(38, 814),
(39, 59),
(39, 318),
(39, 625),
(39, 35),
(40, 746),
(40, 930),
(40, 67),
(41, 217),
(41, 392),
(41, 511),
(41, 73),
(41, 951),
(41, 439),
(41, 320),
(42, 10),
(42, 478),
(43, 675),
(43, 101),
(43, 437),
(43, 18),
(43, 623),
(43, 219),
(44, 870),
(44, 230),
(44, 459),
(44, 81),
(44, 779),
(44, 533),
(44, 42),
(45, 433),
(45, 673),
(45, 600),
(45, 290),
(45, 802),
(45, 89),
(45, 350),
(46, 384),
(46, 304),
(46, 441),
(46, 331),
(46, 844),
(46, 978),
(46, 418),
(46, 861),
(46, 491),
(47, 696),
(47, 292),
(47, 360),
(48, 106),
(48, 501),
(48, 620),
(48, 376),
(48, 373),
(48, 147),
(48, 336),
(49, 287),
(49, 728),
(49, 903),
(49, 667),
(50, 310),
(50, 14),
(50, 721),
(50, 715),
(50, 467),
(50, 18),
(50, 264),
(51, 630),
(51, 138),
(51, 445),
(51, 261),
(51, 755),
(51, 857),
(51, 88),
(51, 804),
(51, 407),
(51, 908),
(51, 528),
(51, 553),
(51, 909),
(51, 997),
(52, 739),
(52, 293),
(52, 275),
(52, 142),
(52, 492),
(52, 457),
(52, 65),
(52, 501),
(52, 663),
(52, 769),
(52, 569),
(54, 474),
(54, 827),
(54, 830),
(54, 283),
(54, 531),
(54, 894),
(54, 733),
(54, 895),
(54, 52),
(54, 142),
(54, 809),
(54, 888),
(55, 161),
(55, 183),
(55, 500),
(55, 614),
(55, 187),
(55, 613),
(56, 145),
(56, 411),
(56, 49),
(57, 752),
(57, 639),
(57, 324),
(57, 794),
(57, 472),
(57, 260),
(58, 661),
(58, 935),
(58, 676),
(58, 823),
(58, 762),
(58, 367),
(58, 399),
(58, 662),
(58, 441),
(58, 731),
(58, 529),
(58, 631),
(58, 406),
(58, 564),
(58, 197),
(59, 298),
(59, 980),
(59, 410),
(59, 354),
(59, 425),
(59, 648),
(59, 125),
(59, 802),
(59, 400),
(59, 365),
(60, 522),
(60, 546),
(62, 291),
(62, 86),
(62, 610),
(62, 413),
(62, 365),
(62, 453),
(62, 972),
(62, 299),
(62, 611),
(62, 177),
(62, 262),
(62, 624),
(62, 337),
(62, 369),
(62, 94),
(63, 193),
(63, 995),
(63, 998),
(63, 832),
(63, 523),
(63, 599),
(63, 971),
(63, 595),
(63, 571),
(63, 722),
(63, 825),
(63, 977),
(63, 741),
(63, 901),
(63, 176),
(64, 451),
(64, 832),
(64, 891),
(65, 649),
(65, 512),
(65, 139),
(65, 149),
(65, 603),
(65, 750),
(65, 951),
(65, 162),
(65, 595),
(65, 826),
(65, 155),
(65, 615),
(65, 544),
(65, 581),
(65, 469),
(66, 637),
(66, 934),
(66, 378),
(66, 386),
(67, 541),
(67, 463),
(67, 601),
(67, 558),
(67, 397),
(67, 97),
(67, 587),
(68, 688),
(68, 921),
(68, 702),
(68, 857),
(68, 769),
(68, 94),
(68, 821),
(68, 78),
(68, 586),
(68, 520),
(68, 812),
(68, 388),
(68, 390),
(68, 750),
(69, 359),
(69, 611),
(69, 688),
(69, 491),
(69, 996),
(69, 527),
(69, 414),
(69, 140),
(69, 406),
(69, 838),
(69, 415),
(69, 8),
(69, 58),
(69, 261),
(69, 977),
(70, 271),
(70, 543),
(70, 754),
(70, 991),
(70, 749),
(70, 115),
(71, 786),
(71, 656),
(72, 745),
(72, 135),
(72, 375),
(72, 484),
(72, 863),
(72, 176),
(73, 103),
(73, 977),
(73, 501),
(73, 372),
(73, 34),
(73, 41),
(73, 607),
(73, 889),
(73, 458),
(73, 442),
(73, 658),
(74, 9),
(74, 783),
(74, 297),
(74, 903),
(74, 683),
(74, 970),
(75, 507),
(75, 252),
(75, 136),
(75, 534),
(75, 513),
(75, 413),
(76, 441),
(76, 747),
(76, 578),
(76, 138),
(76, 849),
(76, 375),
(76, 631),
(76, 847),
(76, 795),
(76, 954),
(76, 297),
(76, 710),
(76, 209),
(76, 753),
(77, 281),
(77, 146),
(77, 540),
(77, 264),
(77, 916),
(77, 138),
(77, 908),
(77, 16),
(77, 420),
(77, 917),
(77, 997),
(77, 500),
(77, 210),
(77, 115),
(77, 994),
(78, 487),
(78, 192),
(78, 350),
(78, 407),
(78, 984),
(78, 522),
(78, 826),
(78, 644),
(78, 65),
(78, 26),
(78, 320),
(79, 721),
(82, 399),
(83, 604),
(83, 206),
(84, 230),
(84, 231),
(84, 96),
(84, 439),
(84, 951),
(84, 862),
(84, 567),
(84, 562),
(84, 950),
(84, 991),
(84, 200),
(84, 646),
(84, 678),
(84, 306),
(84, 539),
(85, 546),
(85, 707),
(85, 275),
(85, 327),
(85, 455),
(85, 344),
(85, 752),
(85, 639),
(85, 277),
(85, 748),
(85, 12),
(85, 826),
(85, 83),
(85, 174),
(85, 720),
(86, 913),
(86, 905),
(86, 768),
(87, 728),
(87, 507),
(87, 810),
(87, 544),
(87, 294),
(87, 333),
(87, 633),
(87, 738),
(88, 979),
(88, 970),
(88, 836),
(88, 798),
(88, 841),
(88, 834),
(88, 677),
(88, 434),
(88, 723),
(88, 676),
(88, 229),
(88, 700),
(89, 613),
(89, 817),
(89, 534),
(89, 772),
(89, 668),
(90, 283),
(90, 722),
(90, 812),
(90, 78),
(90, 550),
(90, 887),
(90, 496),
(90, 980),
(91, 495),
(91, 133),
(92, 827),
(92, 864),
(92, 662),
(92, 112),
(92, 208),
(92, 581),
(92, 505),
(92, 333),
(92, 144),
(92, 937),
(92, 278),
(93, 602),
(93, 525),
(93, 680),
(93, 868),
(93, 873),
(93, 891),
(93, 708),
(93, 542),
(93, 211),
(93, 692),
(93, 165),
(94, 865),
(94, 687),
(95, 195),
(96, 249),
(96, 705),
(96, 767),
(96, 548),
(96, 602),
(96, 820),
(96, 745),
(96, 485),
(96, 270),
(96, 264),
(96, 513),
(96, 132),
(96, 874),
(96, 671),
(96, 495),
(97, 857),
(97, 55),
(97, 99),
(98, 445),
(98, 364),
(98, 733),
(98, 778),
(98, 578),
(98, 442),
(98, 351),
(98, 406),
(98, 896),
(98, 49),
(98, 393),
(98, 808),
(98, 423),
(98, 859),
(98, 348),
(99, 167),
(100, 771),
(100, 577),
(100, 421),
(100, 532),
(100, 201),
(100, 82),
(101, 399),
(101, 704),
(101, 794),
(101, 749),
(101, 197),
(101, 213),
(101, 705),
(101, 498),
(101, 612),
(101, 527),
(101, 549),
(101, 575),
(101, 971),
(101, 986),
(101, 668),
(102, 280),
(102, 217),
(102, 485),
(102, 711),
(102, 866),
(102, 46),
(102, 376),
(102, 548),
(102, 889),
(102, 655),
(102, 977),
(102, 694),
(102, 837),
(102, 37),
(102, 82),
(103, 34),
(103, 594),
(103, 344),
(103, 45),
(103, 320),
(103, 878),
(103, 806),
(103, 960),
(103, 284),
(103, 388),
(103, 738),
(104, 211),
(104, 557),
(104, 946),
(104, 125),
(104, 263),
(104, 740),
(104, 573),
(104, 239),
(104, 169),
(104, 982),
(104, 15),
(104, 766),
(104, 38),
(105, 710),
(105, 840),
(105, 476),
(105, 16),
(105, 757),
(105, 155),
(105, 209),
(105, 810),
(105, 545),
(106, 599),
(106, 135),
(106, 341),
(106, 940),
(106, 205),
(106, 780),
(106, 759),
(106, 766),
(106, 265),
(106, 818),
(106, 81),
(106, 879),
(106, 266),
(106, 581),
(107, 520),
(107, 701),
(107, 369),
(107, 345),
(107, 495),
(107, 127),
(107, 509),
(107, 743),
(107, 542),
(107, 849),
(109, 603),
(109, 901),
(109, 771),
(109, 646),
(109, 872),
(109, 163),
(109, 337),
(109, 332),
(109, 55),
(109, 261),
(109, 832),
(110, 497),
(110, 939),
(110, 980),
(110, 781),
(110, 991),
(111, 5),
(111, 163),
(112, 845),
(112, 381),
(112, 371),
(112, 774),
(112, 147),
(112, 191),
(112, 215),
(112, 250),
(112, 770),
(112, 194),
(112, 461),
(112, 95),
(113, 96),
(113, 310),
(113, 384),
(113, 578),
(113, 123),
(113, 559),
(113, 704),
(113, 922),
(113, 690),
(113, 661),
(113, 646),
(113, 725),
(113, 822),
(113, 843),
(113, 502),
(114, 643),
(115, 889),
(115, 630),
(116, 117),
(116, 360),
(117, 253),
(117, 4),
(117, 929),
(117, 501),
(117, 29),
(117, 143),
(117, 318),
(117, 102),
(117, 758),
(117, 564),
(117, 965),
(117, 922),
(118, 324),
(118, 896),
(118, 249),
(118, 756),
(118, 136),
(118, 61),
(118, 588),
(118, 25),
(118, 340),
(118, 570),
(118, 176),
(118, 688),
(118, 841),
(119, 411),
(119, 188),
(119, 295),
(119, 211),
(119, 812),
(119, 934),
(119, 92),
(119, 580),
(119, 608),
(119, 81),
(119, 93),
(119, 651),
(119, 123),
(119, 800),
(119, 894),
(120, 285),
(120, 808),
(120, 817),
(120, 318),
(120, 357),
(121, 817),
(121, 107),
(121, 305),
(121, 331),
(121, 0),
(121, 370),
(121, 936),
(121, 517),
(121, 686),
(121, 763),
(121, 441),
(121, 395),
(121, 738),
(121, 324),
(122, 530),
(122, 504),
(122, 559),
(122, 383),
(122, 102),
(122, 441),
(122, 500),
(122, 489),
(122, 777),
(122, 570),
(122, 718),
(122, 423),
(122, 431),
(122, 714),
(122, 928),
(123, 750),
(123, 799),
(124, 67),
(124, 661),
(124, 255),
(124, 453),
(124, 786),
(124, 760),
(124, 777),
(124, 201),
(124, 754),
(124, 83),
(124, 429),
(125, 833),
(125, 521),
(125, 459),
(125, 136),
(125, 368),
(126, 369),
(126, 61),
(126, 345),
(126, 266),
(126, 374),
(126, 481),
(126, 499),
(126, 549),
(126, 827),
(126, 909),
(126, 464),
(127, 472),
(127, 745),
(127, 642),
(127, 14),
(127, 793),
(127, 906),
(127, 541),
(127, 353),
(127, 217),
(127, 504),
(127, 683),
(127, 489),
(127, 493),
(127, 892),
(127, 838),
(128, 532),
(128, 868),
(128, 713),
(129, 376),
(129, 238),
(129, 838),
(129, 451),
(130, 966),
(130, 63),
(131, 193),
(131, 126),
(131, 931),
(132, 136),
(132, 339),
(132, 204),
(132, 351),
(132, 724),
(132, 870),
(132, 533),
(133, 708),
(133, 84),
(133, 309),
(133, 214),
(133, 61),
(133, 685),
(135, 151),
(135, 331),
(135, 418),
(135, 350),
(135, 586),
(135, 67),
(135, 885),
(135, 594),
(135, 692),
(135, 148),
(135, 662),
(136, 786),
(136, 735),
(136, 174),
(136, 225),
(136, 535),
(136, 788),
(136, 631),
(136, 137),
(136, 188),
(137, 30),
(137, 105),
(137, 844),
(139, 759),
(139, 688),
(139, 605),
(139, 24),
(139, 325),
(139, 980),
(139, 813),
(139, 761),
(139, 107),
(139, 506),
(139, 436),
(139, 737),
(139, 728),
(139, 584),
(139, 985),
(140, 315),
(141, 409),
(141, 536),
(142, 94),
(142, 344),
(142, 853),
(142, 669),
(143, 968),
(143, 428),
(144, 330),
(144, 133),
(144, 562),
(144, 908),
(144, 552),
(144, 80),
(144, 249),
(144, 585),
(144, 388),
(144, 994),
(144, 198),
(144, 212),
(144, 714),
(144, 163),
(144, 784),
(145, 409),
(146, 15),
(146, 430),
(146, 674),
(146, 43),
(146, 744),
(146, 437),
(146, 527),
(146, 638),
(146, 407),
(146, 589),
(149, 764),
(150, 369),
(151, 367),
(151, 356),
(151, 735),
(151, 790),
(152, 615),
(152, 448),
(152, 809),
(152, 90),
(152, 921),
(152, 460),
(152, 243),
(152, 765),
(152, 362),
(152, 20),
(152, 47),
(152, 118),
(152, 821),
(152, 554),
(152, 183),
(153, 642),
(153, 241),
(153, 638),
(153, 346),
(153, 52),
(153, 410),
(153, 171),
(153, 651),
(153, 933),
(154, 988),
(154, 348),
(154, 776),
(154, 836),
(155, 646),
(155, 44),
(155, 452),
(155, 714),
(155, 151),
(155, 916),
(155, 334),
(155, 205),
(155, 535),
(155, 350),
(155, 193),
(155, 212),
(155, 834),
(155, 435),
(155, 837),
(156, 96),
(156, 386),
(156, 564),
(156, 908),
(156, 682),
(156, 213),
(156, 25),
(156, 846),
(156, 823),
(156, 253),
(156, 108),
(156, 250),
(156, 922),
(156, 712),
(156, 94),
(157, 663),
(157, 532),
(158, 633),
(158, 791),
(158, 324),
(158, 25),
(158, 869),
(158, 183),
(158, 637),
(159, 256),
(159, 418),
(159, 33),
(159, 391),
(159, 203),
(159, 889),
(159, 712),
(159, 113),
(159, 76),
(159, 400),
(159, 918),
(159, 280),
(159, 466),
(159, 814),
(159, 851),
(160, 573),
(160, 24),
(160, 361),
(160, 777),
(160, 543),
(161, 35),
(161, 51),
(161, 927),
(161, 13),
(162, 65),
(162, 515),
(162, 255),
(162, 398),
(162, 934),
(162, 235),
(162, 73),
(162, 133),
(162, 918),
(162, 556),
(162, 706),
(162, 378),
(162, 705),
(162, 939),
(162, 714),
(163, 460),
(163, 75),
(163, 19),
(163, 226),
(163, 236),
(163, 964),
(163, 987),
(163, 802),
(163, 472),
(163, 622),
(163, 581),
(163, 468),
(163, 718),
(163, 554),
(163, 873),
(165, 752),
(167, 800),
(167, 660),
(167, 199),
(167, 169),
(167, 597),
(167, 383),
(168, 402),
(168, 627),
(168, 182),
(168, 674),
(168, 186),
(168, 525),
(168, 487),
(169, 209),
(169, 442),
(169, 681),
(169, 467),
(169, 428),
(169, 471),
(173, 149),
(173, 572),
(173, 424),
(173, 55),
(173, 867),
(173, 551),
(173, 478),
(173, 428),
(173, 732),
(173, 823),
(174, 772),
(174, 302),
(174, 102),
(174, 679),
(174, 843),
(174, 948),
(174, 454),
(175, 363),
(175, 951),
(175, 479),
(175, 930),
(176, 557),
(176, 269),
(176, 420),
(176, 783),
(176, 343),
(178, 441),
(178, 746),
(178, 237),
(178, 308),
(178, 803),
(178, 971),
(178, 184),
(178, 469),
(178, 301),
(178, 141),
(178, 507),
(178, 913),
(178, 90),
(178, 614),
(178, 74),
(179, 862),
(179, 723),
(179, 512),
(179, 58),
(179, 173),
(179, 843),
(179, 691),
(179, 156),
(179, 885),
(180, 563),
(180, 269),
(180, 130),
(180, 608),
(180, 766),
(180, 591),
(180, 655),
(180, 896),
(180, 344),
(180, 956),
(180, 341),
(180, 247),
(180, 900),
(180, 788),
(180, 158),
(181, 65),
(181, 208),
(181, 792),
(181, 374),
(181, 50),
(181, 896),
(181, 854),
(181, 946),
(181, 703),
(181, 755),
(181, 512),
(181, 467),
(181, 626),
(181, 960),
(181, 800),
(182, 20),
(182, 828),
(182, 45),
(182, 438),
(182, 918),
(182, 347),
(182, 861),
(182, 281),
(183, 933),
(183, 740),
(183, 526),
(183, 16),
(183, 997),
(183, 244),
(183, 526),
(183, 25),
(184, 750),
(185, 605),
(185, 971),
(185, 894),
(185, 110),
(185, 149),
(185, 385),
(185, 694),
(185, 144),
(185, 378),
(185, 48),
(185, 64),
(186, 371),
(186, 570),
(187, 832),
(187, 674),
(188, 466),
(188, 363),
(188, 57),
(188, 464),
(188, 836),
(188, 929),
(188, 194),
(188, 786),
(188, 839),
(188, 740),
(190, 581),
(190, 81),
(190, 796),
(190, 77),
(190, 669),
(190, 680),
(190, 146),
(190, 719),
(190, 874),
(190, 560),
(190, 632),
(190, 931),
(190, 185),
(190, 221),
(190, 631),
(191, 122),
(191, 218),
(191, 250),
(191, 406),
(191, 952),
(191, 863),
(191, 862),
(192, 549),
(192, 801),
(192, 200),
(193, 611),
(193, 246),
(193, 875),
(193, 786),
(193, 412),
(193, 256),
(193, 945),
(193, 317),
(193, 896),
(193, 370),
(193, 798),
(193, 693),
(193, 69),
(195, 529),
(197, 723),
(197, 988),
(197, 950),
(197, 227),
(197, 598),
(198, 349),
(198, 398),
(198, 385),
(198, 768),
(198, 177),
(198, 181),
(198, 438),
(198, 767),
(198, 853),
(199, 691),
(199, 397),
(200, 13),
(200, 146),
(200, 153),
(200, 533),
(200, 744),
(200, 680),
(200, 448),
(200, 329),
(200, 358),
(200, 368),
(200, 802),
(200, 78),
(200, 914),
(200, 972),
(200, 327),
(201, 467),
(201, 756),
(201, 224),
(201, 396),
(201, 75),
(201, 957),
(201, 220),
(201, 95),
(201, 823),
(201, 906),
(201, 5),
(201, 62),
(201, 803),
(201, 317),
(202, 871),
(202, 199),
(202, 320),
(202, 812),
(202, 304),
(203, 136),
(203, 725),
(203, 301),
(203, 498),
(203, 37),
(203, 870),
(203, 754),
(203, 425),
(203, 835),
(203, 819),
(203, 987),
(203, 849),
(203, 245),
(203, 223),
(203, 593),
(204, 678),
(204, 751),
(204, 11),
(205, 361),
(205, 885),
(205, 913),
(205, 385),
(205, 167),
(205, 79),
(205, 349),
(205, 11),
(205, 999),
(205, 757),
(205, 639),
(205, 109),
(205, 347),
(205, 908),
(205, 403),
(206, 111),
(206, 247),
(206, 659),
(206, 815),
(206, 358),
(206, 910),
(206, 966),
(206, 357),
(206, 366),
(206, 195),
(207, 673),
(207, 338),
(207, 395),
(208, 276),
(208, 889),
(208, 527),
(208, 85),
(208, 670),
(210, 866),
(210, 379),
(210, 444),
(210, 43),
(210, 315),
(210, 63),
(210, 541),
(210, 850),
(210, 376),
(210, 15),
(210, 168),
(211, 353),
(211, 93),
(211, 434),
(211, 854),
(211, 523),
(211, 907),
(212, 144),
(212, 377),
(212, 627),
(212, 292),
(212, 175),
(212, 917),
(212, 846),
(213, 676),
(213, 719),
(213, 541),
(213, 490),
(213, 2),
(213, 871),
(213, 924),
(213, 647),
(213, 358),
(214, 131),
(214, 823),
(214, 342),
(214, 158),
(214, 366),
(214, 477),
(214, 359),
(214, 803),
(216, 649),
(216, 481),
(216, 572),
(216, 260),
(216, 217),
(216, 58),
(216, 180),
(216, 217),
(216, 89),
(216, 323),
(216, 19),
(217, 657),
(217, 689),
(217, 895),
(217, 231),
(217, 932),
(217, 346),
(217, 611),
(217, 489),
(217, 101),
(217, 747),
(218, 478),
(218, 843),
(218, 123),
(218, 471),
(218, 357),
(218, 766),
(218, 358),
(218, 336),
(218, 314),
(218, 571),
(218, 138),
(219, 623),
(220, 327),
(221, 599),
(221, 145),
(222, 754),
(222, 142),
(222, 687),
(222, 320),
(223, 120),
(223, 48),
(223, 794),
(223, 415),
(223, 516),
(223, 333),
(223, 99),
(223, 446),
(223, 124),
(223, 494),
(223, 882),
(223, 225),
(223, 780),
(223, 859),
(223, 363),
(224, 530),
(224, 960),
(224, 596),
(225, 861),
(225, 992),
(225, 774),
(225, 492),
(225, 682),
(225, 177),
(226, 46),
(226, 671),
(226, 625),
(226, 576),
(226, 151),
(226, 858),
(226, 470),
(226, 942),
(226, 857),
(226, 559),
(227, 538),
(227, 81),
(227, 502),
(227, 562),
(227, 398),
(227, 384),
(227, 983),
(227, 843),
(227, 583),
(227, 569),
(227, 677),
(227, 801),
(228, 698),
(228, 895),
(228, 885),
(229, 641),
(229, 957),
(229, 291),
(229, 473),
(229, 892),
(229, 242),
(229, 660),
(229, 185),
(230, 173),
(230, 735),
(230, 345),
(230, 659),
(230, 945),
(230, 139),
(230, 725),
(230, 655),
(230, 156),
(230, 390),
(230, 909),
(231, 451),
(231, 705),
(231, 795),
(231, 547),
(231, 90),
(232, 615),
(232, 105),
(232, 754),
(232, 978),
(232, 332),
(232, 923),
(232, 6),
(232, 736),
(232, 639),
(232, 994),
(232, 734),
(232, 941),
(232, 622),
(232, 654),
(232, 151),
(233, 855),
(233, 401),
(234, 263),
(234, 753),
(234, 368),
(234, 974),
(234, 871),
(234, 80),
(234, 655),
(234, 602),
(234, 788),
(234, 564),
(234, 161),
(234, 470),
(234, 190),
(234, 488),
(234, 893),
(235, 812),
(235, 731),
(235, 328),
(235, 897),
(235, 957),
(235, 789),
(235, 76),
(236, 662),
(236, 211),
(237, 460),
(237, 458),
(238, 283),
(238, 676),
(238, 599),
(238, 756),
(238, 997),
(239, 724),
(239, 116),
(239, 291),
(239, 522),
(239, 915),
(239, 981),
(239, 28),
(239, 277),
(239, 531),
(239, 986),
(239, 481),
(239, 700),
(239, 134),
(240, 300),
(240, 689),
(240, 564),
(240, 478),
(240, 479),
(240, 318),
(240, 605),
(240, 496),
(241, 916),
(241, 975),
(241, 274),
(241, 388),
(241, 538),
(241, 118),
(241, 609),
(241, 226),
(241, 65),
(241, 412),
(241, 410),
(241, 178),
(241, 826),
(242, 656),
(242, 988),
(242, 687),
(242, 879),
(242, 273),
(242, 643),
(242, 817),
(243, 207),
(243, 388),
(243, 883),
(243, 329),
(243, 895),
(244, 731),
(244, 158),
(244, 51),
(244, 392),
(244, 763),
(244, 542),
(244, 444),
(244, 127),
(244, 818),
(244, 397),
(244, 334),
(245, 291),
(245, 148),
(245, 506),
(245, 372),
(245, 868),
(245, 746),
(245, 549),
(245, 641),
(245, 660),
(245, 621),
(245, 704),
(245, 580),
(245, 577),
(245, 112),
(245, 405),
(246, 488),
(246, 192),
(246, 636),
(246, 835),
(246, 530),
(246, 247),
(246, 713),
(246, 857),
(247, 186),
(248, 675),
(248, 617),
(248, 776),
(248, 357),
(248, 545),
(248, 498),
(248, 961),
(248, 855),
(249, 728),
(249, 175),
(249, 189),
(249, 353),
(251, 462),
(251, 769),
(251, 595),
(251, 278),
(251, 764),
(251, 661),
(251, 57),
(251, 361),
(251, 23),
(251, 789),
(251, 312),
(251, 731),
(251, 64),
(251, 6),
(251, 364),
(252, 153),
(252, 909),
(254, 485),
(254, 639),
(254, 165),
(254, 357),
(254, 926),
(254, 456),
(254, 589),
(254, 600),
(254, 305),
(255, 921),
(255, 632),
(256, 851),
(256, 704),
(256, 667),
(256, 177),
(256, 426),
(256, 211),
(256, 623),
(256, 736),
(256, 59),
(256, 543),
(256, 849),
(256, 81),
(256, 191),
(256, 905),
(256, 688),
(257, 364),
(257, 142),
(257, 672),
(257, 198),
(257, 939),
(257, 488),
(257, 398),
(257, 192),
(257, 731),
(257, 171),
(257, 419),
(257, 431),
(257, 453),
(258, 278),
(259, 936),
(259, 70),
(259, 24),
(259, 780),
(259, 913),
(260, 996),
(260, 776),
(260, 94),
(260, 818),
(260, 746),
(260, 867),
(260, 610),
(260, 858),
(261, 646),
(261, 290),
(261, 183),
(261, 805),
(261, 244),
(261, 211),
(261, 393),
(261, 929),
(261, 8),
(261, 337),
(261, 380),
(261, 695),
(261, 614),
(261, 180),
(262, 535),
(262, 116),
(262, 778),
(262, 528),
(262, 622),
(262, 825),
(262, 740),
(262, 1),
(262, 15),
(262, 683),
(262, 140),
(262, 708),
(262, 19),
(262, 869),
(262, 666),
(263, 406),
(264, 119),
(264, 378),
(264, 829),
(264, 21),
(264, 733),
(264, 50),
(264, 258),
(264, 941),
(264, 132),
(264, 558),
(266, 874),
(266, 301),
(266, 289),
(266, 366),
(266, 610),
(266, 871),
(266, 708),
(266, 338),
(266, 96),
(266, 893),
(266, 822),
(266, 587),
(266, 365),
(266, 727),
(266, 415),
(267, 792),
(267, 961),
(267, 912),
(267, 857),
(268, 807),
(268, 249),
(268, 99),
(268, 984),
(268, 694),
(268, 248),
(268, 759),
(269, 765),
(269, 562),
(270, 297),
(270, 668),
(271, 923),
(271, 925),
(271, 139),
(271, 298),
(271, 617),
(271, 285),
(271, 576),
(271, 19),
(271, 268),
(271, 743),
(272, 969),
(272, 898),
(272, 320),
(272, 257),
(272, 263),
(272, 289),
(272, 82),
(272, 390),
(272, 478),
(272, 899),
(272, 277),
(272, 741),
(272, 188),
(272, 826),
(272, 15),
(273, 905),
(273, 230),
(274, 591),
(274, 850),
(274, 932),
(274, 316),
(274, 948),
(274, 793),
(274, 695),
(274, 560),
(275, 857),
(275, 974),
(275, 298),
(275, 340),
(275, 229),
(275, 271),
(275, 197),
(275, 82),
(275, 649),
(275, 510),
(275, 970),
(275, 624),
(275, 363),
(275, 47),
(276, 284),
(276, 410),
(276, 516),
(277, 117),
(277, 546),
(277, 894),
(277, 934),
(277, 155),
(277, 71),
(277, 891),
(277, 891),
(278, 207),
(278, 85),
(279, 290),
(279, 514),
(279, 798),
(279, 278),
(279, 235),
(279, 975),
(279, 660),
(279, 719),
(279, 701),
(279, 706),
(279, 977),
(279, 550),
(279, 611),
(279, 616),
(280, 500),
(280, 638),
(280, 125),
(280, 70),
(280, 435),
(280, 837),
(280, 733),
(280, 720),
(280, 206),
(280, 690),
(281, 691),
(281, 83),
(281, 694),
(281, 407),
(281, 596),
(281, 81),
(282, 674),
(282, 329),
(282, 126),
(282, 486),
(282, 708),
(283, 429),
(283, 933),
(283, 648),
(283, 988),
(283, 534),
(283, 419),
(284, 513),
(284, 572),
(284, 433),
(284, 897),
(284, 519),
(284, 586),
(286, 664),
(286, 719),
(286, 855),
(286, 228),
(286, 343),
(286, 48),
(286, 882),
(286, 712),
(286, 811),
(286, 665),
(286, 9),
(286, 30),
(286, 124),
(287, 715),
(287, 606),
(287, 838),
(287, 68),
(287, 903),
(287, 969),
(287, 740),
(287, 877),
(287, 573),
(287, 802),
(287, 757),
(287, 171),
(287, 867),
(287, 288),
(287, 741),
(289, 783),
(289, 596),
(289, 490),
(289, 79),
(289, 811),
(289, 47),
(289, 308),
(289, 686),
(289, 772),
(289, 143),
(290, 859),
(290, 811),
(290, 877),
(290, 890),
(290, 582),
(290, 50),
(290, 330),
(290, 285),
(290, 380),
(290, 301),
(290, 976),
(290, 428),
(290, 82),
(290, 537),
(290, 898),
(291, 876),
(291, 875),
(291, 852),
(291, 38),
(291, 404),
(291, 545),
(291, 788),
(291, 423),
(292, 633),
(292, 600),
(292, 366),
(292, 491),
(292, 957),
(292, 150),
(292, 923),
(292, 644),
(292, 812),
(292, 905),
(292, 795),
(292, 636),
(292, 697),
(292, 844),
(292, 270),
(293, 654),
(293, 921),
(294, 453),
(294, 484),
(294, 942),
(295, 148),
(295, 892),
(295, 632),
(295, 598),
(295, 718),
(295, 575),
(295, 519),
(295, 80),
(295, 664),
(296, 826),
(296, 614),
(296, 786),
(296, 583),
(296, 138),
(296, 381),
(296, 839),
(296, 91),
(296, 866),
(296, 915),
(296, 210),
(296, 749),
(296, 980),
(297, 587),
(297, 501),
(297, 966),
(297, 374),
(297, 882),
(297, 134),
(297, 810),
(297, 601),
(297, 261),
(298, 628),
(298, 479),
(298, 19),
(298, 389),
(298, 49),
(300, 223),
(301, 771),
(301, 935),
(301, 393),
(301, 355),
(301, 575),
(301, 797),
(301, 681),
(301, 123),
(301, 576),
(301, 727),
(301, 348),
(301, 180),
(301, 461),
(301, 727),
(301, 407),
(302, 152),
(302, 185),
(302, 611),
(302, 580),
(302, 791),
(303, 829),
(303, 304),
(303, 333),
(303, 515),
(303, 193),
(303, 567),
(303, 358),
(303, 420),
(303, 63),
(303, 887),
(303, 480),
(303, 679),
(303, 688),
(303, 202),
(303, 216),
(304, 905),
(304, 480),
(304, 406),
(304, 987),
(304, 680),
(304, 876),
(304, 828),
(305, 839),
(305, 196),
(305, 507),
(305, 499),
(305, 89),
(305, 432),
(305, 268),
(305, 901),
(305, 218),
(305, 292),
(305, 583),
(307, 638),
(307, 146),
(307, 100),
(307, 501),
(307, 461),
(307, 801),
(308, 904),
(308, 873),
(309, 301),
(309, 724),
(309, 310),
(309, 827),
(309, 663),
(309, 738),
(309, 625),
(309, 724),
(309, 770),
(309, 14),
(309, 279),
(309, 932),
(309, 208),
(309, 550),
(309, 339),
(310, 738),
(310, 129),
(310, 447),
(310, 693),
(310, 975),
(311, 719),
(311, 402),
(311, 783),
(311, 391),
(311, 959),
(311, 10),
(312, 178),
(312, 73),
(312, 704),
(312, 11),
(312, 51),
(312, 385),
(312, 777),
(312, 452),
(312, 344),
(312, 116),
(312, 403),
(312, 293),
(312, 487),
(312, 375),
(312, 926),
(313, 297),
(314, 371),
(314, 809),
(314, 331),
(314, 162),
(314, 326),
(314, 792),
(314, 607),
(314, 449),
(314, 599),
(314, 200),
(314, 752),
(314, 992),
(314, 764),
(314, 325),
(314, 890),
(315, 460),
(315, 121),
(316, 27),
(316, 518),
(316, 18),
(316, 734),
(316, 148),
(316, 623),
(316, 445),
(316, 68),
(316, 115),
(316, 764),
(317, 97),
(317, 320),
(317, 20),
(317, 449),
(317, 565),
(319, 935),
(319, 679),
(319, 101),
(319, 107),
(319, 892),
(319, 948),
(319, 264),
(319, 59),
(319, 290),
(319, 667),
(321, 965),
(321, 71),
(322, 284),
(322, 173),
(322, 293),
(322, 581),
(322, 548),
(322, 339),
(322, 972),
(322, 5),
(322, 69),
(322, 309),
(322, 465),
(322, 427),
(322, 820),
(322, 966),
(322, 409),
(323, 671),
(323, 773),
(323, 776),
(323, 247),
(323, 738),
(323, 908),
(323, 708),
(323, 490),
(323, 684),
(324, 96),
(325, 282),
(325, 269),
(325, 175),
(325, 766),
(327, 467),
(327, 817),
(327, 315),
(327, 953),
(327, 298),
(327, 589),
(327, 475),
(327, 352),
(327, 200),
(327, 649),
(327, 178),
(327, 10),
(327, 507),
(327, 360),
(327, 97),
(329, 338),
(329, 72),
(329, 373),
(329, 281),
(329, 919),
(329, 964),
(329, 529),
(329, 667),
(329, 758),
(329, 263),
(329, 395),
(329, 239),
(329, 558),
(329, 107),
(329, 602),
(330, 740),
(330, 430),
(330, 21),
(330, 875),
(332, 211),
(332, 654),
(332, 231),
(332, 695),
(332, 903),
(332, 384),
(332, 944),
(332, 228),
(332, 251),
(332, 358),
(332, 380),
(332, 457),
(332, 732),
(335, 540),
(335, 546),
(335, 766),
(335, 518),
(335, 871),
(335, 325),
(335, 816),
(335, 321),
(335, 441),
(336, 665),
(336, 795),
(336, 645),
(336, 141),
(336, 243),
(336, 658),
(336, 83),
(336, 881),
(336, 258),
(336, 473),
(336, 972),
(336, 671),
(336, 781),
(336, 175),
(337, 930),
(337, 512),
(337, 40),
(337, 138),
(337, 489),
(337, 262),
(337, 720),
(337, 218),
(337, 535),
(337, 320),
(337, 545),
(337, 16),
(337, 29),
(337, 972),
(337, 832),
(338, 17),
(338, 511),
(338, 928),
(338, 504),
(338, 719),
(338, 303),
(338, 742),
(338, 96),
(338, 452),
(338, 133),
(339, 92),
(339, 79),
(339, 241),
(339, 354),
(339, 343),
(339, 960),
(339, 718),
(340, 785),
(340, 997),
(341, 337),
(341, 956),
(341, 461),
(341, 894),
(341, 60),
(341, 434),
(342, 965),
(342, 22),
(342, 651),
(342, 262),
(342, 527),
(342, 749),
(342, 236),
(342, 251),
(342, 356),
(342, 853),
(342, 959),
(342, 626),
(342, 712),
(342, 750),
(342, 686),
(344, 624),
(344, 390),
(344, 410),
(344, 353),
(345, 694),
(345, 909),
(345, 105),
(345, 219),
(345, 336),
(345, 806),
(345, 783),
(346, 727),
(346, 276),
(346, 920),
(346, 955),
(346, 77),
(347, 604),
(348, 284),
(348, 621),
(348, 95),
(349, 25),
(349, 354),
(349, 956),
(349, 791),
(350, 219),
(350, 16),
(350, 671),
(350, 724),
(350, 365),
(350, 355),
(350, 58),
(350, 399),
(351, 511),
(351, 783),
(351, 94),
(351, 505),
(351, 845),
(351, 956),
(351, 171),
(351, 879),
(352, 425),
(352, 270),
(352, 45),
(352, 506),
(352, 732),
(352, 313),
(352, 610),
(353, 459),
(353, 111),
(353, 680),
(353, 401),
(353, 53),
(353, 721),
(353, 403),
(353, 17),
(353, 53),
(353, 651),
(353, 978),
(353, 571),
(354, 69),
(354, 252),
(354, 419),
(354, 655),
(354, 959),
(354, 402),
(354, 392),
(354, 443),
(354, 992),
(354, 733),
(355, 614),
(355, 252),
(355, 229),
(355, 579),
(355, 689),
(355, 138),
(355, 230),
(356, 56),
(356, 685),
(356, 754),
(356, 845),
(356, 943),
(356, 279),
(356, 360),
(356, 350),
(356, 782),
(356, 963),
(356, 954),
(357, 150),
(357, 946),
(357, 903),
(357, 631),
(357, 460),
(357, 644),
(357, 473),
(357, 922),
(357, 619),
(357, 599),
(357, 988),
(357, 407),
(357, 825),
(357, 117),
(357, 162),
(358, 396),
(359, 590),
(359, 825),
(359, 674),
(359, 517),
(359, 218),
(359, 541),
(359, 600),
(359, 372),
(359, 578),
(359, 957),
(359, 403),
(359, 420),
(359, 207),
(359, 9),
(359, 561),
(360, 904),
(360, 717),
(360, 270),
(360, 510),
(360, 920),
(361, 824),
(362, 514),
(362, 118),
(362, 125),
(362, 718),
(362, 871),
(362, 954),
(362, 153),
(362, 431),
(362, 851),
(362, 27),
(362, 117),
(362, 328),
(362, 683),
(362, 878),
(362, 837),
(363, 883),
(363, 106),
(363, 989),
(364, 520),
(364, 544),
(364, 674),
(364, 772),
(365, 603),
(365, 522),
(365, 198),
(365, 646),
(365, 560),
(365, 897),
(365, 356),
(365, 891),
(365, 704),
(365, 68),
(365, 533),
(365, 434),
(365, 642),
(365, 371),
(365, 508),
(366, 520),
(366, 804),
(366, 148),
(366, 807),
(367, 878),
(367, 775),
(367, 812),
(367, 48),
(367, 419),
(367, 844),
(368, 641),
(368, 246),
(368, 269),
(368, 140),
(368, 820),
(368, 256),
(368, 236),
(368, 638),
(368, 420),
(368, 621),
(368, 384),
(368, 565),
(368, 806),
(368, 769),
(368, 671),
(369, 30),
(369, 812),
(369, 75),
(369, 188),
(369, 568),
(369, 404),
(369, 247),
(369, 603),
(369, 539),
(369, 926),
(369, 731),
(369, 562),
(369, 472),
(369, 496),
(369, 918),
(370, 13),
(370, 431),
(370, 135),
(370, 699),
(370, 997),
(370, 159),
(370, 788),
(370, 452),
(370, 670),
(370, 831),
(370, 401),
(370, 665),
(370, 226),
(371, 57),
(371, 601),
(371, 311),
(371, 222),
(371, 37),
(371, 588),
(371, 884),
(371, 588),
(371, 856),
(371, 797),
(371, 583),
(371, 298),
(371, 75),
(371, 15),
(371, 571),
(372, 240),
(372, 807),
(372, 839),
(372, 179),
(372, 54),
(372, 207),
(372, 744),
(372, 49),
(372, 282),
(372, 114),
(373, 93),
(373, 432),
(373, 510),
(374, 299),
(374, 987),
(374, 784),
(374, 699),
(374, 842),
(374, 631),
(374, 679),
(374, 826),
(374, 605),
(374, 570),
(374, 914),
(374, 253),
(374, 43),
(374, 620),
(374, 115),
(375, 294),
(377, 779),
(377, 47),
(377, 926),
(377, 10),
(377, 700),
(377, 29),
(377, 230),
(377, 748),
(377, 709),
(377, 426),
(377, 77),
(377, 89),
(377, 828),
(377, 749),
(377, 626),
(378, 703),
(378, 695),
(378, 662),
(378, 764),
(378, 924),
(378, 937),
(378, 529),
(379, 167),
(379, 77),
(379, 975),
(379, 120),
(379, 810),
(379, 593),
(379, 237),
(379, 497),
(380, 231),
(380, 967),
(380, 838),
(381, 560),
(383, 483),
(383, 656),
(383, 996),
(383, 596),
(383, 637),
(383, 772),
(383, 808),
(383, 234),
(383, 564),
(383, 579),
(383, 550),
(384, 494),
(384, 300),
(384, 377),
(384, 291),
(384, 539),
(384, 199),
(385, 821),
(385, 686),
(385, 534),
(385, 695),
(385, 96),
(385, 107),
(385, 461),
(386, 706),
(386, 714),
(386, 206),
(387, 203),
(387, 228),
(387, 344),
(387, 887),
(387, 61),
(387, 336),
(387, 505),
(387, 164),
(387, 898),
(388, 677),
(388, 98),
(388, 356),
(388, 259),
(388, 157),
(388, 290),
(388, 972),
(389, 189),
(389, 848),
(389, 732),
(389, 271),
(390, 803),
(390, 125),
(390, 820),
(390, 982),
(390, 966),
(390, 797),
(390, 939),
(390, 325),
(390, 664),
(390, 918),
(391, 58),
(391, 367),
(391, 846),
(392, 70),
(394, 781),
(394, 27),
(394, 546),
(394, 516),
(394, 697),
(394, 189),
(394, 142),
(395, 316),
(395, 93),
(395, 91),
(395, 217),
(395, 413),
(395, 894),
(395, 901),
(395, 378),
(396, 425),
(396, 590),
(396, 812),
(396, 676),
(396, 376),
(396, 658),
(396, 695),
(397, 107),
(397, 475),
(397, 598),
(397, 225),
(397, 276),
(397, 53),
(397, 701),
(397, 723),
(397, 875),
(397, 373),
(397, 985),
(397, 820),
(397, 256),
(397, 512),
(397, 219),
(398, 504),
(398, 131),
(398, 530),
(398, 812),
(398, 147),
(399, 554),
(399, 369),
(399, 406),
(399, 847),
(399, 815),
(399, 40),
(399, 488),
(399, 87),
(399, 28),
(400, 949),
(401, 741),
(401, 562),
(401, 182),
(401, 166),
(401, 695),
(401, 281),
(401, 469),
(402, 282),
(402, 42),
(402, 907),
(402, 266),
(402, 723),
(402, 363),
(402, 778),
(403, 893),
(403, 391),
(403, 630),
(404, 650),
(404, 729),
(404, 269),
(404, 390),
(404, 156),
(404, 642),
(404, 803),
(404, 234),
(404, 331),
(404, 175),
(404, 458),
(404, 638),
(404, 331),
(404, 73),
(404, 306),
(405, 677),
(405, 762),
(405, 627),
(405, 476),
(405, 969),
(405, 912),
(405, 854),
(405, 141),
(405, 765),
(405, 188),
(405, 933),
(405, 867),
(405, 348),
(405, 953),
(405, 288),
(406, 565),
(406, 954),
(406, 902),
(406, 104),
(406, 752),
(406, 621),
(406, 772),
(406, 942),
(406, 420),
(406, 209),
(406, 338),
(406, 432),
(406, 542),
(406, 535),
(407, 869),
(407, 16),
(407, 610),
(407, 155),
(407, 918),
(407, 862),
(407, 237),
(407, 802),
(407, 476),
(407, 171),
(407, 410),
(407, 357),
(407, 723),
(407, 418),
(407, 229),
(408, 660),
(409, 465),
(409, 511),
(410, 747),
(410, 49),
(411, 642),
(411, 832),
(412, 710),
(412, 333),
(412, 334),
(412, 575),
(412, 898),
(412, 118),
(413, 961),
(413, 514),
(413, 677),
(413, 757),
(413, 600),
(413, 676),
(413, 462),
(413, 546),
(414, 938),
(414, 506),
(414, 514),
(414, 844),
(414, 316),
(414, 102),
(415, 209),
(415, 972),
(415, 58),
(415, 947),
(415, 198),
(415, 195),
(415, 470),
(415, 855),
(415, 748),
(415, 641),
(415, 213),
(415, 763),
(415, 734),
(416, 162),
(416, 621),
(416, 155),
(416, 25),
(416, 265),
(416, 761),
(416, 908),
(417, 854),
(417, 804),
(417, 664),
(417, 511),
(418, 782),
(418, 228),
(418, 444),
(418, 432),
(418, 154),
(418, 12),
(418, 330),
(419, 906),
(419, 308),
(419, 376),
(419, 256),
(419, 363),
(419, 389),
(419, 773),
(419, 522),
(419, 688),
(419, 148),
(419, 284),
(419, 244),
(419, 67),
(419, 560),
(419, 829),
(420, 78),
(420, 561),
(420, 406),
(420, 851),
(420, 673),
(421, 445),
(421, 599),
(421, 771),
(421, 94),
(421, 970),
(421, 814),
(421, 250),
(422, 723),
(422, 24),
(422, 602),
(422, 186),
(422, 872),
(422, 834),
(422, 83),
(422, 18),
(422, 562),
(422, 477),
(422, 217),
(422, 824),
(422, 264),
(422, 640),
(422, 994),
(424, 635),
(424, 675),
(424, 928),
(424, 76),
(424, 981),
(424, 784),
(425, 612),
(425, 960),
(425, 767),
(426, 33),
(426, 847),
(426, 371),
(426, 817),
(426, 674),
(426, 955),
(426, 787),
(426, 387),
(427, 252),
(427, 387),
(427, 339),
(427, 485),
(428, 834),
(429, 673),
(429, 462),
(429, 695),
(429, 788),
(429, 383),
(429, 70),
(430, 812),
(430, 690),
(430, 968),
(430, 816),
(430, 164),
(431, 707),
(431, 668),
(431, 498),
(431, 325),
(431, 607),
(431, 758),
(431, 329),
(431, 915),
(431, 64),
(432, 51),
(432, 253),
(432, 967),
(432, 388),
(432, 460),
(432, 710),
(432, 743),
(432, 167),
(433, 195),
(433, 997),
(433, 936),
(433, 76),
(433, 369),
(433, 496),
(433, 770),
(433, 264),
(433, 474),
(433, 393),
(433, 375),
(433, 414),
(433, 103),
(433, 997),
(433, 713),
(435, 747),
(435, 989),
(435, 727),
(435, 732),
(435, 866),
(435, 352),
(435, 716),
(435, 953),
(435, 719),
(435, 238),
(435, 466),
(435, 813),
(435, 919),
(435, 997),
(435, 411),
(436, 282),
(437, 281),
(437, 969),
(437, 791),
(438, 209),
(438, 593),
(438, 820),
(438, 46),
(439, 993),
(439, 370),
(439, 851),
(440, 992),
(440, 245),
(440, 632),
(440, 554),
(441, 928),
(441, 446),
(442, 483),
(442, 270),
(442, 992),
(442, 99),
(442, 444),
(442, 628),
(444, 400),
(444, 163),
(444, 971),
(444, 120),
(444, 260),
(444, 716),
(444, 539),
(444, 133),
(444, 597),
(445, 938),
(445, 698),
(445, 810),
(445, 496),
(445, 200),
(445, 891),
(445, 137),
(445, 548),
(445, 555),
(445, 34),
(445, 665),
(446, 69),
(446, 136),
(446, 899),
(446, 889),
(446, 577),
(446, 386),
(446, 886),
(446, 178),
(446, 939),
(446, 202),
(446, 619),
(447, 114),
(448, 848),
(449, 823),
(449, 672),
(449, 358),
(449, 445),
(449, 715),
(449, 466),
(449, 91),
(449, 426),
(449, 119),
(449, 55),
(449, 159),
(449, 46),
(449, 860),
(451, 241),
(451, 513),
(451, 346),
(451, 160),
(451, 942),
(451, 431),
(451, 356),
(451, 322),
(451, 791),
(452, 591),
(453, 942),
(453, 512),
(454, 362),
(454, 51),
(454, 323),
(454, 616),
(454, 700),
(454, 855),
(454, 872),
(454, 941),
(454, 196),
(454, 918),
(454, 445),
(454, 746),
(454, 386),
(454, 93),
(454, 503),
(455, 565),
(455, 796),
(455, 962),
(455, 547),
(455, 108),
(455, 708),
(455, 323),
(456, 572),
(456, 438),
(456, 298),
(456, 431),
(456, 381),
(456, 758),
(456, 546),
(456, 939),
(457, 712),
(457, 673),
(457, 753),
(457, 875),
(457, 935),
(457, 911),
(457, 963),
(457, 470),
(458, 151),
(459, 94),
(459, 360),
(459, 827),
(459, 752),
(461, 667),
(461, 697),
(461, 614),
(462, 747),
(462, 159),
(462, 273),
(462, 88),
(462, 84),
(462, 325),
(462, 202),
(462, 431),
(462, 11),
(462, 442),
(462, 711),
(462, 184),
(462, 754),
(462, 88),
(462, 161),
(463, 781),
(463, 670),
(464, 502),
(464, 191),
(464, 238),
(464, 783),
(464, 683),
(464, 151),
(464, 628),
(464, 735),
(464, 40),
(464, 387),
(465, 436),
(465, 631),
(465, 927),
(465, 975),
(465, 968),
(465, 314),
(465, 380),
(465, 818),
(465, 217),
(465, 416),
(465, 388),
(465, 596),
(465, 303),
(465, 226),
(465, 286),
(466, 595),
(466, 870),
(467, 775),
(467, 252),
(467, 57),
(468, 735),
(469, 121),
(469, 123),
(469, 625),
(469, 603),
(470, 242),
(470, 781),
(470, 106),
(470, 155),
(470, 452),
(470, 574),
(470, 304),
(470, 840),
(470, 666),
(470, 553),
(471, 877),
(471, 846),
(471, 251),
(471, 264),
(471, 268),
(471, 536),
(471, 619),
(471, 777),
(471, 817),
(471, 703),
(471, 592),
(471, 110),
(471, 720),
(471, 924),
(471, 935),
(472, 278),
(472, 317),
(472, 219),
(472, 159),
(472, 897),
(472, 534),
(472, 14),
(472, 476),
(472, 794),
(472, 981),
(472, 436),
(472, 465),
(472, 410),
(472, 538),
(472, 437),
(473, 371),
(474, 192),
(474, 230),
(474, 365),
(474, 867),
(474, 929),
(474, 758),
(474, 906),
(474, 909),
(474, 338),
(475, 422),
(475, 690),
(475, 185),
(475, 179),
(475, 557),
(477, 306),
(478, 381),
(478, 622),
(478, 618),
(478, 738),
(478, 447),
(478, 141),
(478, 607),
(478, 410),
(478, 833),
(478, 512),
(478, 566),
(478, 11),
(479, 528),
(480, 412),
(481, 602),
(481, 300),
(481, 141),
(481, 450),
(481, 342),
(481, 888),
(481, 278),
(481, 28),
(481, 105),
(481, 532),
(481, 47),
(481, 683),
(481, 295),
(481, 507),
(481, 536),
(482, 701),
(482, 972),
(482, 680),
(482, 967),
(482, 532),
(482, 338),
(483, 402),
(483, 606),
(483, 883),
(483, 889),
(483, 762),
(483, 96),
(483, 726),
(483, 584),
(483, 307),
(483, 815),
(483, 207),
(484, 613),
(484, 511),
(484, 989),
(484, 850),
(484, 965),
(484, 910),
(484, 193),
(484, 318),
(484, 952),
(484, 217),
(484, 97),
(484, 730),
(484, 299),
(484, 522),
(484, 775),
(486, 862),
(487, 914),
(487, 491),
(487, 52),
(487, 975),
(487, 58),
(487, 304),
(487, 48),
(488, 952),
(488, 768),
(488, 675),
(488, 911),
(488, 402),
(488, 406),
(488, 320),
(488, 272),
(488, 621),
(488, 702),
(488, 500),
(488, 36),
(488, 584),
(488, 794),
(488, 74),
(489, 289),
(489, 213),
(489, 624),
(489, 750),
(490, 223),
(490, 939),
(490, 117),
(491, 209),
(491, 896),
(491, 798),
(491, 7),
(491, 706),
(491, 190),
(491, 700),
(491, 471),
(491, 239),
(491, 323),
(491, 390),
(491, 40),
(491, 318),
(491, 364),
(491, 848),
(492, 771),
(492, 774),
(492, 790),
(492, 328),
(492, 891),
(492, 799),
(492, 141),
(492, 47),
(492, 687),
(492, 578),
(492, 184),
(492, 257),
(492, 728),
(492, 261),
(492, 122),
(493, 977),
(493, 177),
(493, 339),
(493, 468),
(493, 74),
(493, 886),
(493, 150),
(493, 742),
(493, 581),
(493, 405),
(493, 570),
(493, 21),
(493, 443),
(493, 777),
(493, 223),
(494, 711),
(494, 832),
(494, 981),
(494, 875),
(494, 778),
(494, 524),
(494, 269),
(494, 970),
(494, 891),
(494, 717),
(494, 887),
(496, 347),
(496, 500),
(496, 440),
(496, 868),
(496, 189),
(497, 804),
(498, 241),
(498, 95),
(498, 670),
(499, 507),
(499, 632),
(499, 94),
(500, 305),
(500, 980),
(500, 629),
(500, 12),
(500, 133),
(500, 780),
(500, 919),
(500, 755),
(500, 956),
(500, 54),
(500, 834),
(500, 452),
(500, 145),
(500, 959),
(500, 209),
(501, 264),
(501, 423),
(501, 113),
(501, 347),
(501, 994),
(501, 935),
(501, 880),
(501, 374),
(502, 459),
(502, 229),
(502, 560),
(502, 398),
(502, 356),
(502, 369),
(502, 134),
(502, 493),
(502, 194),
(502, 286),
(502, 248),
(502, 831),
(502, 956),
(502, 976),
(502, 183),
(503, 241),
(503, 281),
(503, 63),
(504, 0),
(504, 347),
(504, 384),
(504, 246),
(504, 824),
(504, 326),
(504, 60),
(504, 5),
(504, 489),
(504, 142),
(504, 518),
(504, 828),
(504, 358),
(504, 970),
(504, 194),
(505, 34),
(505, 640),
(505, 760),
(505, 835),
(505, 61),
(505, 267),
(505, 224),
(505, 748),
(505, 82),
(505, 588),
(505, 815),
(505, 820),
(505, 912),
(505, 661),
(505, 48),
(506, 847),
(506, 456),
(506, 800),
(506, 467),
(506, 217),
(506, 595),
(507, 983),
(507, 874),
(507, 247),
(507, 565),
(507, 937),
(507, 156),
(507, 592),
(507, 880),
(507, 522),
(507, 725),
(507, 83),
(507, 108),
(507, 937),
(507, 215),
(507, 275),
(508, 349),
(508, 546),
(510, 123),
(510, 165),
(510, 751),
(510, 643),
(510, 106),
(510, 60),
(510, 718),
(510, 236),
(510, 272),
(510, 407),
(510, 7),
(510, 997),
(510, 971),
(511, 965),
(511, 224),
(511, 686),
(511, 713),
(511, 518),
(511, 898),
(512, 942),
(512, 734),
(512, 544),
(512, 694),
(512, 285),
(513, 665),
(513, 6),
(513, 3),
(513, 448),
(513, 906),
(513, 306),
(514, 91),
(514, 698),
(514, 505),
(515, 436),
(515, 886),
(515, 669),
(515, 976),
(515, 202),
(515, 207),
(515, 906),
(515, 187),
(515, 918),
(515, 975),
(515, 354),
(515, 970),
(515, 131),
(515, 57),
(515, 717),
(517, 858),
(517, 853),
(517, 58),
(517, 367),
(517, 182),
(517, 486),
(517, 862),
(517, 296),
(517, 526),
(517, 42),
(517, 922),
(517, 532),
(517, 512),
(517, 983),
(517, 698),
(518, 512),
(518, 896),
(518, 675),
(519, 923),
(519, 994),
(519, 112),
(519, 135),
(519, 951),
(520, 703),
(520, 432),
(520, 937),
(520, 321),
(520, 535),
(520, 350),
(520, 195),
(521, 799),
(521, 660),
(521, 704),
(521, 102),
(521, 507),
(521, 745),
(521, 471),
(522, 638),
(522, 352),
(522, 678),
(522, 2),
(522, 988),
(522, 689),
(522, 778),
(522, 328),
(522, 822),
(522, 196),
(522, 680),
(523, 838),
(523, 248),
(523, 982),
(523, 276),
(523, 646),
(523, 111),
(523, 546),
(523, 127),
(524, 279),
(524, 508),
(524, 516),
(524, 618),
(524, 785),
(524, 985),
(524, 673),
(524, 169),
(524, 789),
(525, 270),
(525, 178),
(525, 148),
(525, 396),
(525, 215),
(525, 21),
(525, 879),
(525, 118),
(525, 179),
(525, 254),
(525, 967),
(526, 727),
(526, 528),
(526, 340),
(526, 516),
(526, 952),
(526, 275),
(526, 851),
(526, 443),
(526, 752),
(526, 343),
(527, 403),
(528, 147),
(528, 302),
(528, 716),
(528, 29),
(528, 114),
(528, 707),
(528, 367),
(528, 333),
(528, 549),
(528, 33),
(528, 266),
(528, 753),
(528, 875),
(528, 406),
(528, 8),
(529, 71),
(529, 911),
(529, 120),
(529, 987),
(529, 297),
(529, 312),
(529, 746),
(529, 384),
(529, 315),
(529, 16),
(530, 840),
(530, 949),
(530, 151),
(530, 334),
(530, 200),
(530, 773),
(530, 749),
(530, 741),
(531, 68),
(531, 506),
(531, 303),
(531, 239),
(531, 999),
(531, 97),
(532, 169),
(532, 59),
(532, 266),
(532, 995),
(532, 256),
(532, 483),
(532, 120),
(532, 562),
(532, 460),
(532, 821),
(533, 369),
(534, 917),
(534, 161),
(534, 64),
(534, 846),
(534, 185),
(534, 516),
(534, 345),
(534, 103),
(534, 634),
(534, 111),
(534, 133),
(534, 946),
(534, 743),
(535, 279),
(535, 67),
(535, 519),
(538, 3),
(538, 232),
(538, 581),
(538, 971),
(538, 126),
(539, 716),
(539, 895),
(539, 94),
(539, 484),
(539, 246),
(539, 746),
(539, 639),
(539, 612),
(539, 616),
(540, 733),
(540, 817),
(540, 590),
(540, 531),
(540, 378),
(540, 711),
(540, 603),
(540, 528),
(540, 623),
(540, 379),
(540, 89),
(540, 660),
(540, 129),
(541, 131),
(541, 111),
(541, 852),
(542, 931),
(542, 895),
(542, 879),
(542, 49),
(542, 585),
(542, 300),
(542, 138),
(542, 738),
(542, 181),
(542, 488),
(542, 531),
(542, 754),
(543, 341),
(543, 649),
(544, 51),
(544, 800),
(544, 231),
(545, 72),
(545, 221),
(545, 19),
(545, 476),
(545, 329),
(545, 290),
(545, 537),
(545, 582),
(545, 907),
(545, 558),
(546, 416),
(546, 638),
(546, 340),
(547, 431),
(547, 304),
(547, 791),
(547, 556),
(547, 114),
(547, 970),
(547, 526),
(547, 882),
(547, 181),
(547, 435),
(547, 63),
(547, 165),
(547, 124),
(547, 141),
(547, 227),
(548, 347),
(548, 145),
(548, 311),
(548, 566),
(548, 155),
(548, 752),
(548, 74),
(548, 184),
(548, 466),
(548, 659),
(548, 321),
(548, 426),
(548, 376),
(548, 601),
(548, 36),
(549, 525),
(550, 191),
(550, 911),
(550, 899),
(551, 415),
(551, 132),
(551, 545),
(551, 639),
(551, 743),
(551, 422),
(551, 51),
(551, 922),
(551, 482),
(551, 411),
(551, 554),
(551, 354),
(551, 878),
(551, 819),
(551, 4),
(552, 941),
(552, 41),
(552, 980),
(552, 813),
(552, 847),
(552, 392),
(552, 838),
(552, 582),
(552, 478),
(552, 904),
(552, 429),
(552, 400),
(552, 425),
(552, 546),
(552, 241),
(553, 190),
(553, 197),
(553, 635),
(553, 197),
(553, 505),
(553, 93),
(553, 441),
(553, 283),
(553, 398),
(553, 557),
(553, 777),
(553, 73),
(553, 171),
(553, 794),
(553, 941),
(554, 962),
(554, 183),
(554, 336),
(554, 747),
(554, 507),
(554, 343),
(554, 145),
(554, 496),
(554, 929),
(554, 541),
(555, 181),
(555, 692),
(555, 609),
(555, 375),
(556, 535),
(556, 963),
(556, 320),
(557, 830),
(557, 906),
(557, 823),
(557, 98),
(557, 618),
(557, 683),
(557, 68),
(558, 478),
(558, 324),
(558, 81),
(558, 454),
(558, 930),
(558, 615),
(558, 688),
(558, 283),
(558, 757),
(558, 476),
(558, 852),
(558, 80),
(558, 357),
(560, 829),
(560, 998),
(561, 926),
(561, 913),
(561, 671),
(561, 820),
(561, 464),
(561, 149),
(561, 859),
(561, 597),
(561, 295),
(561, 908),
(561, 12),
(561, 798),
(561, 828),
(562, 850),
(562, 755),
(562, 670),
(562, 732),
(562, 647),
(562, 98),
(562, 684),
(563, 907),
(563, 975),
(563, 767),
(563, 691),
(564, 786),
(565, 16),
(565, 510),
(565, 45),
(565, 13),
(565, 566),
(565, 849),
(566, 586),
(566, 785),
(566, 616),
(566, 712),
(566, 288),
(566, 349),
(566, 326),
(566, 453),
(566, 302),
(566, 572),
(567, 5),
(567, 30),
(567, 574),
(567, 969),
(567, 17),
(567, 144),
(567, 836),
(567, 514),
(567, 592),
(567, 144),
(567, 50),
(567, 96),
(568, 657),
(568, 67),
(568, 289),
(568, 651),
(568, 179),
(568, 312),
(568, 87),
(568, 913),
(568, 636),
(568, 562),
(569, 597),
(569, 825),
(569, 713),
(569, 754),
(569, 158),
(569, 484),
(572, 822),
(572, 562),
(572, 19),
(573, 494),
(573, 560),
(573, 520),
(573, 945),
(574, 367),
(574, 929),
(574, 547),
(574, 906),
(574, 616),
(574, 639),
(574, 568),
(574, 624),
(574, 338),
(574, 793),
(575, 781),
(575, 719),
(575, 69),
(575, 885),
(575, 944),
(575, 718),
(575, 578),
(575, 950),
(575, 548),
(575, 97),
(575, 617),
(575, 437),
(575, 307),
(575, 307),
(575, 893),
(576, 208),
(576, 136),
(576, 803),
(576, 809),
(576, 405),
(576, 465),
(576, 70),
(577, 915),
(577, 180),
(577, 410),
(577, 954),
(577, 655),
(578, 746),
(578, 383),
(578, 715),
(578, 831),
(578, 987),
(578, 368),
(578, 890),
(578, 729),
(578, 906),
(578, 129),
(578, 229),
(578, 6),
(578, 692),
(578, 728),
(578, 494),
(580, 254),
(580, 391),
(580, 32),
(580, 682),
(580, 962),
(580, 68),
(580, 890),
(580, 313),
(580, 236),
(580, 502),
(581, 354),
(581, 944),
(581, 905),
(581, 959),
(581, 806),
(581, 500),
(581, 884),
(581, 643),
(581, 112),
(581, 545),
(581, 547),
(581, 676),
(581, 120),
(581, 26),
(581, 5),
(582, 15),
(582, 908),
(582, 248),
(582, 259),
(582, 787),
(582, 643),
(582, 496),
(582, 682),
(582, 99),
(582, 744),
(582, 838),
(582, 455),
(582, 260),
(582, 716),
(582, 206),
(583, 860),
(583, 436),
(583, 452),
(583, 587),
(583, 648),
(583, 825),
(583, 489),
(583, 126),
(583, 484),
(583, 882),
(583, 662),
(583, 468),
(583, 400),
(583, 253),
(583, 299),
(584, 404),
(584, 459),
(584, 701),
(585, 887),
(585, 381),
(585, 163),
(585, 83),
(585, 765),
(585, 162),
(585, 611),
(585, 562),
(585, 426),
(585, 731),
(585, 208),
(586, 15),
(586, 701),
(586, 785),
(586, 181),
(587, 249),
(587, 506),
(587, 549),
(588, 312),
(588, 898),
(588, 796),
(588, 862),
(588, 769),
(589, 436),
(589, 963),
(589, 67),
(589, 667),
(589, 485),
(589, 602),
(589, 396),
(589, 115),
(590, 723),
(590, 239),
(590, 609),
(590, 206),
(590, 618),
(590, 365),
(590, 759),
(590, 760),
(590, 159),
(590, 510),
(590, 852),
(590, 708),
(590, 737),
(591, 64),
(591, 327),
(591, 649),
(591, 671),
(593, 681),
(593, 420),
(593, 886),
(593, 732),
(593, 432),
(593, 414),
(593, 419),
(593, 162),
(593, 544),
(593, 3),
(593, 254),
(593, 926),
(593, 184),
(593, 226),
(594, 125),
(594, 629),
(594, 369),
(594, 818),
(594, 744),
(594, 264),
(594, 6),
(594, 773),
(594, 820),
(595, 732),
(595, 877),
(595, 404),
(596, 208),
(596, 771),
(596, 226),
(597, 501),
(597, 945),
(597, 502),
(597, 30),
(597, 422),
(597, 332),
(597, 710),
(597, 357),
(598, 221),
(598, 39),
(598, 173),
(598, 883),
(598, 274),
(598, 266),
(598, 922),
(598, 670),
(598, 233),
(598, 485),
(598, 778),
(598, 516),
(598, 90),
(598, 236),
(598, 450),
(599, 55),
(599, 639),
(599, 33),
(600, 797),
(600, 892),
(600, 525),
(600, 297),
(600, 65),
(600, 706),
(600, 763),
(600, 744),
(600, 389),
(600, 121),
(600, 946),
(600, 146),
(601, 396),
(601, 609),
(601, 351),
(601, 196),
(601, 775),
(601, 912),
(601, 175),
(601, 983),
(601, 803),
(601, 503),
(601, 872),
(601, 5),
(601, 782),
(601, 610),
(601, 706),
(602, 833),
(602, 488),
(602, 841),
(602, 989),
(602, 271),
(602, 250),
(603, 618),
(603, 569),
(603, 784),
(603, 775),
(604, 507),
(604, 859),
(604, 781),
(604, 216),
(604, 26),
(604, 808),
(604, 926),
(604, 567),
(604, 74),
(604, 454),
(604, 440),
(604, 904),
(604, 331),
(604, 594),
(604, 727),
(605, 49),
(605, 964),
(605, 68),
(605, 181),
(605, 800),
(605, 635),
(605, 622),
(605, 906),
(605, 111),
(605, 884),
(606, 744),
(606, 283),
(606, 942),
(606, 395),
(606, 709),
(606, 131),
(606, 652),
(606, 634),
(606, 36),
(606, 592),
(606, 84),
(606, 506),
(606, 921),
(606, 476),
(606, 212),
(607, 847),
(607, 721),
(607, 610),
(607, 454),
(607, 209),
(607, 357),
(607, 349),
(608, 641),
(608, 408),
(608, 406),
(608, 529),
(608, 978),
(608, 973),
(608, 340),
(608, 417),
(608, 760),
(608, 770),
(608, 300),
(608, 687),
(608, 800),
(608, 650),
(608, 592),
(609, 521),
(610, 309),
(610, 799),
(610, 70),
(610, 109),
(611, 387),
(611, 835),
(611, 91),
(611, 142),
(611, 246),
(611, 431),
(611, 461),
(611, 72),
(611, 84),
(611, 418),
(612, 869),
(612, 443),
(612, 287),
(612, 793),
(612, 320),
(612, 902),
(612, 296),
(613, 206),
(614, 289),
(614, 455),
(614, 106),
(614, 964),
(614, 648),
(614, 640),
(614, 317),
(614, 748),
(614, 505),
(614, 437),
(614, 457),
(614, 324),
(614, 94),
(614, 75),
(614, 5),
(615, 829),
(615, 192),
(615, 646),
(615, 574),
(616, 198),
(616, 519),
(616, 1),
(616, 470),
(617, 993),
(617, 247),
(617, 406),
(617, 689),
(617, 772),
(617, 737),
(617, 268),
(617, 497),
(619, 219),
(619, 841),
(619, 641),
(619, 454),
(619, 42),
(619, 431),
(619, 21),
(619, 615),
(619, 725),
(619, 676),
(619, 659),
(619, 10),
(619, 343),
(619, 436),
(619, 330),
(621, 636),
(621, 448),
(621, 893),
(621, 277),
(621, 759),
(621, 123),
(621, 978),
(621, 966),
(621, 31),
(621, 448),
(621, 65),
(621, 811),
(621, 691),
(621, 494),
(621, 672),
(623, 206),
(624, 694),
(624, 264),
(624, 717),
(624, 47),
(624, 597),
(624, 575),
(624, 209),
(624, 196),
(624, 370),
(624, 863),
(624, 301),
(624, 72),
(624, 634),
(624, 647),
(624, 629),
(626, 45),
(626, 448),
(626, 603),
(626, 283),
(626, 66),
(626, 792),
(626, 691),
(626, 18),
(626, 776),
(626, 181),
(626, 904),
(626, 92),
(626, 831),
(626, 1),
(626, 996),
(627, 367),
(628, 994),
(628, 700),
(628, 173),
(628, 506),
(628, 352),
(628, 935),
(628, 298),
(628, 919),
(628, 962),
(628, 276),
(628, 345),
(628, 282),
(628, 512),
(628, 448),
(628, 659),
(629, 485),
(629, 401),
(629, 942),
(629, 527),
(629, 22),
(629, 754),
(629, 0),
(629, 593),
(629, 641),
(629, 755),
(629, 529),
(629, 8),
(629, 759),
(629, 746),
(629, 723),
(630, 439),
(630, 565),
(630, 24),
(630, 203),
(630, 875),
(630, 115),
(630, 15),
(630, 814),
(630, 795),
(630, 359),
(630, 677),
(630, 599),
(630, 389),
(630, 966),
(630, 851),
(632, 233),
(632, 692),
(632, 733),
(632, 675),
(632, 628),
(632, 743),
(632, 263),
(632, 567),
(632, 105),
(632, 354),
(632, 16),
(633, 59),
(633, 778),
(635, 825),
(635, 706),
(635, 74),
(635, 639),
(635, 27),
(635, 48),
(635, 453),
(635, 721),
(635, 617),
(635, 716),
(635, 17),
(635, 903),
(635, 695),
(635, 864),
(637, 738),
(637, 305),
(637, 12),
(637, 263),
(637, 271),
(637, 233),
(637, 745),
(637, 575),
(637, 591),
(637, 218),
(637, 532),
(637, 975),
(637, 580),
(638, 418),
(638, 46),
(638, 656),
(638, 216),
(638, 204),
(638, 19),
(638, 190),
(638, 7),
(638, 99),
(638, 111),
(638, 976),
(638, 975),
(638, 409),
(638, 170),
(638, 498),
(639, 342),
(639, 556),
(639, 799),
(639, 224),
(639, 704),
(640, 604),
(640, 534),
(640, 144),
(641, 375),
(641, 603),
(641, 569),
(641, 863),
(641, 960),
(642, 381),
(642, 528),
(642, 764),
(642, 951),
(642, 468),
(642, 583),
(643, 535),
(643, 232),
(643, 284),
(643, 140),
(643, 39),
(643, 410),
(643, 363),
(643, 22),
(643, 194),
(643, 772),
(643, 596),
(643, 190),
(643, 342),
(643, 150),
(643, 608),
(644, 157),
(644, 243),
(644, 894),
(644, 878),
(644, 608),
(645, 93),
(647, 380),
(647, 833),
(648, 441),
(648, 986),
(648, 719),
(649, 784),
(649, 257),
(649, 502),
(649, 144),
(649, 272),
(649, 512),
(649, 829),
(649, 758),
(649, 916),
(649, 418),
(649, 93),
(649, 931),
(649, 466),
(649, 332),
(649, 429),
(652, 805),
(652, 710),
(652, 971),
(652, 594),
(652, 30),
(652, 854),
(652, 685),
(652, 665),
(653, 699),
(653, 813),
(653, 283),
(653, 224),
(653, 578),
(653, 252),
(653, 367),
(653, 138),
(653, 956),
(653, 637),
(653, 237),
(653, 220),
(654, 229),
(654, 278),
(654, 18),
(654, 944),
(654, 198),
(654, 666),
(654, 329),
(654, 118),
(654, 312),
(654, 380),
(654, 789),
(654, 440),
(654, 389),
(654, 223),
(654, 67),
(655, 748),
(655, 365),
(655, 461),
(655, 396),
(655, 191),
(655, 590),
(655, 41),
(656, 908),
(656, 986),
(656, 21),
(656, 85),
(656, 768),
(656, 818),
(656, 285),
(656, 674),
(656, 142),
(656, 537),
(656, 348),
(656, 541),
(656, 692),
(656, 655),
(657, 478),
(657, 424),
(657, 277),
(657, 86),
(657, 522),
(657, 548),
(657, 688),
(657, 839),
(657, 697),
(657, 879),
(657, 920),
(658, 381),
(658, 751),
(659, 706),
(659, 511),
(659, 456),
(659, 189),
(659, 28),
(659, 144),
(659, 633),
(660, 458),
(660, 661),
(661, 990),
(661, 591),
(661, 705),
(661, 756),
(661, 235),
(662, 131),
(662, 986),
(662, 242),
(662, 369),
(662, 186),
(662, 343),
(662, 174),
(662, 155),
(663, 223),
(663, 617),
(663, 590),
(663, 633),
(663, 185),
(663, 810),
(664, 838),
(664, 449),
(664, 461),
(664, 23),
(664, 346),
(665, 582),
(665, 769),
(666, 652),
(666, 892),
(666, 640),
(666, 738),
(668, 730),
(668, 262),
(668, 145),
(668, 253),
(668, 703),
(668, 324),
(668, 350),
(668, 716),
(668, 908),
(668, 167),
(668, 388),
(668, 170),
(668, 266),
(668, 145),
(668, 249),
(669, 369),
(669, 179),
(669, 489),
(669, 230),
(669, 621),
(669, 172),
(670, 862),
(670, 221),
(670, 645),
(670, 171),
(670, 481),
(670, 431),
(670, 226),
(670, 732),
(670, 56),
(670, 176),
(670, 579),
(671, 791),
(671, 220),
(673, 493),
(673, 423),
(673, 914),
(673, 468),
(673, 821),
(673, 429),
(673, 76),
(673, 881),
(673, 859),
(673, 608),
(673, 882),
(673, 415),
(673, 475),
(673, 206),
(673, 550),
(674, 286),
(676, 80),
(676, 865),
(676, 164),
(676, 881),
(676, 378),
(676, 869),
(676, 930),
(676, 907),
(676, 293),
(676, 312),
(677, 260),
(677, 143),
(679, 671),
(679, 416),
(679, 339),
(679, 446),
(679, 567),
(679, 346),
(679, 8),
(679, 457),
(679, 205),
(679, 501),
(679, 205),
(679, 488),
(679, 266),
(679, 195),
(679, 755),
(680, 682),
(680, 302),
(681, 514),
(681, 821),
(681, 38),
(681, 959),
(682, 361),
(682, 944),
(682, 282),
(682, 100),
(682, 876),
(683, 856),
(683, 127),
(683, 4),
(683, 570),
(683, 482),
(683, 331),
(683, 355),
(683, 526),
(683, 887),
(683, 780),
(683, 203),
(683, 812),
(683, 706),
(683, 678),
(683, 8),
(684, 717),
(684, 616),
(684, 35),
(684, 883),
(684, 388),
(685, 960),
(685, 430),
(686, 122),
(686, 934),
(687, 651),
(687, 811),
(687, 919),
(687, 892),
(687, 182),
(687, 113),
(687, 750),
(688, 970),
(688, 315),
(688, 414),
(688, 770),
(688, 724),
(688, 860),
(689, 632),
(689, 315),
(689, 339),
(689, 531),
(689, 235),
(689, 333),
(689, 420),
(689, 560),
(689, 635),
(689, 971),
(689, 466),
(689, 887),
(689, 54),
(689, 135),
(689, 54),
(691, 992),
(691, 310),
(693, 950),
(693, 931),
(693, 630),
(693, 378),
(693, 688),
(693, 373),
(693, 110),
(693, 610),
(693, 587),
(693, 766),
(693, 850),
(693, 149),
(693, 960),
(693, 597),
(693, 258),
(694, 261),
(694, 306),
(694, 828),
(695, 901),
(695, 461),
(695, 515),
(695, 675),
(695, 283),
(696, 466),
(697, 498),
(697, 241),
(697, 799),
(697, 94),
(697, 89),
(698, 510),
(698, 319),
(698, 431),
(698, 745),
(698, 21),
(698, 997),
(698, 936),
(698, 4),
(698, 49),
(699, 658),
(700, 862),
(700, 661),
(700, 258),
(700, 594),
(700, 820),
(700, 174),
(700, 593),
(700, 605),
(700, 969),
(700, 883),
(700, 168),
(700, 470),
(700, 871),
(700, 738),
(700, 678),
(701, 211),
(701, 495),
(701, 929),
(701, 110),
(701, 683),
(702, 3),
(702, 381),
(702, 158),
(702, 186),
(702, 480),
(702, 389),
(702, 760),
(702, 594),
(702, 776),
(702, 299),
(703, 196),
(703, 623),
(703, 714),
(703, 395),
(703, 934),
(703, 759),
(704, 558),
(704, 713),
(704, 215),
(704, 828),
(704, 118),
(704, 278),
(704, 879),
(705, 414),
(705, 91),
(705, 117),
(706, 337),
(706, 859),
(706, 534),
(706, 252),
(707, 332),
(707, 931),
(707, 840),
(708, 107),
(708, 531),
(708, 941),
(710, 603),
(710, 715),
(711, 251),
(711, 468),
(711, 163),
(711, 742),
(711, 759),
(711, 90),
(711, 732),
(711, 702),
(711, 979),
(711, 832),
(711, 641),
(711, 221),
(711, 796),
(711, 196),
(711, 537),
(712, 199),
(713, 638),
(713, 760),
(713, 690),
(713, 447),
(713, 811),
(713, 512),
(713, 730),
(713, 447),
(713, 344),
(713, 612),
(713, 340),
(713, 317),
(713, 82),
(713, 772),
(713, 944),
(714, 295),
(714, 915),
(714, 519),
(714, 910),
(714, 153),
(714, 909),
(714, 219),
(714, 144),
(714, 298),
(714, 381),
(714, 649),
(714, 548),
(714, 225),
(714, 337),
(714, 845),
(715, 287),
(715, 841),
(715, 189),
(715, 595),
(715, 704),
(715, 438),
(715, 104),
(715, 726),
(715, 839),
(716, 968),
(716, 104),
(716, 387),
(716, 802),
(716, 37),
(718, 706),
(718, 254),
(718, 153),
(718, 598),
(718, 782),
(718, 934),
(718, 653),
(718, 899),
(718, 838),
(718, 46),
(718, 413),
(718, 996),
(718, 195),
(718, 916),
(718, 799),
(719, 887),
(719, 841),
(719, 348),
(720, 781),
(720, 621),
(722, 962),
(722, 723),
(722, 532),
(722, 202),
(722, 736),
(724, 387),
(724, 413),
(724, 285),
(724, 94),
(724, 292),
(724, 459),
(724, 600),
(724, 767),
(724, 576),
(724, 11),
(724, 447),
(724, 533),
(724, 43),
(724, 708),
(724, 286),
(725, 378),
(725, 541),
(725, 588),
(725, 245),
(725, 573),
(725, 637),
(725, 761),
(725, 327),
(725, 972),
(725, 824),
(725, 762),
(725, 978),
(725, 825),
(725, 598),
(725, 984),
(726, 289),
(726, 469),
(726, 134),
(726, 420),
(726, 740),
(726, 397),
(726, 457),
(726, 780),
(726, 265),
(726, 368),
(727, 728),
(727, 236),
(727, 416),
(727, 361),
(727, 929),
(728, 211),
(728, 923),
(728, 33),
(728, 201),
(728, 285),
(728, 550),
(728, 723),
(728, 99),
(728, 514),
(729, 139),
(729, 416),
(729, 304),
(729, 109),
(729, 430),
(729, 216),
(729, 17),
(729, 151),
(729, 939),
(729, 565),
(730, 334),
(730, 755),
(730, 974),
(730, 277),
(730, 219),
(730, 801),
(732, 422),
(732, 349),
(732, 21),
(732, 403),
(732, 746),
(732, 605),
(732, 610),
(732, 262),
(732, 557),
(732, 481),
(732, 936),
(732, 366),
(733, 357),
(733, 382),
(733, 331),
(733, 675),
(733, 90),
(733, 959),
(734, 884),
(735, 220),
(735, 885),
(735, 5),
(735, 785),
(735, 797),
(735, 93),
(735, 124),
(735, 717),
(736, 436),
(736, 537),
(736, 882),
(736, 188),
(736, 493),
(736, 914),
(736, 217),
(736, 299),
(736, 59),
(736, 890),
(737, 116),
(737, 699),
(737, 487),
(737, 812),
(737, 786),
(737, 736),
(737, 416),
(737, 652),
(738, 94),
(738, 489),
(738, 917),
(738, 456),
(738, 857),
(738, 186),
(738, 680),
(739, 468),
(739, 881),
(739, 301),
(740, 44),
(741, 798),
(741, 980),
(741, 54),
(741, 677),
(741, 271),
(742, 505),
(742, 879),
(743, 123),
(743, 56),
(743, 795),
(743, 566),
(743, 491),
(743, 566),
(743, 55),
(743, 545),
(743, 692),
(743, 617),
(743, 382),
(743, 179),
(743, 51),
(743, 646),
(743, 898),
(744, 753),
(744, 441),
(744, 875),
(744, 815),
(744, 640),
(744, 937),
(744, 211),
(746, 593),
(746, 59),
(746, 78),
(747, 728),
(747, 459),
(747, 96),
(747, 232),
(747, 644),
(747, 921),
(747, 272),
(747, 830),
(747, 295),
(747, 410),
(747, 381),
(747, 963),
(747, 506),
(747, 915),
(747, 25),
(748, 590),
(748, 404),
(748, 920),
(748, 243),
(748, 545),
(748, 484),
(748, 676),
(748, 504),
(748, 353),
(748, 305),
(748, 249),
(748, 117),
(748, 59),
(748, 620),
(748, 332),
(750, 185),
(750, 318),
(750, 171),
(750, 508),
(750, 178),
(750, 285),
(750, 696),
(750, 343),
(750, 161),
(750, 80),
(750, 894),
(750, 895),
(751, 828),
(751, 666),
(751, 561),
(751, 928),
(751, 562),
(752, 267),
(752, 100),
(752, 273),
(752, 743),
(752, 933),
(752, 480),
(752, 865),
(752, 185),
(752, 790),
(752, 992),
(752, 973),
(753, 904),
(753, 385),
(753, 104),
(753, 763),
(753, 449),
(753, 58),
(753, 128),
(753, 114),
(753, 677),
(753, 862),
(753, 593),
(753, 902),
(753, 105),
(753, 295),
(753, 311),
(754, 482),
(755, 184),
(756, 518),
(756, 187),
(756, 608),
(756, 918),
(756, 374),
(756, 588),
(756, 584),
(756, 125),
(756, 89),
(756, 366),
(756, 628),
(756, 254),
(756, 771),
(756, 408),
(756, 975),
(757, 859),
(757, 828),
(757, 769),
(757, 614),
(757, 360),
(757, 286),
(758, 722),
(758, 478),
(758, 260),
(758, 90),
(758, 321),
(759, 337),
(759, 50),
(759, 158),
(759, 771),
(759, 297),
(759, 709),
(759, 716),
(759, 707),
(759, 103),
(759, 977),
(759, 260),
(759, 485),
(759, 167),
(759, 159),
(759, 69),
(760, 177),
(761, 218),
(761, 289),
(761, 922),
(761, 317),
(761, 308),
(761, 812),
(761, 640),
(761, 550),
(762, 935),
(762, 170),
(762, 530),
(762, 163),
(762, 175),
(762, 275),
(762, 823),
(762, 116),
(762, 766),
(762, 72),
(762, 949),
(762, 985),
(762, 892),
(762, 922),
(762, 496),
(763, 821),
(763, 168),
(763, 401),
(763, 785),
(763, 764),
(763, 970),
(763, 405),
(763, 48),
(763, 506),
(763, 496),
(763, 902),
(763, 819),
(763, 437),
(763, 49),
(763, 310),
(765, 679),
(765, 323),
(765, 273),
(765, 337),
(765, 35),
(765, 771),
(765, 809),
(766, 948),
(766, 481),
(767, 404),
(767, 349),
(769, 552),
(769, 537),
(769, 625),
(769, 591),
(770, 945),
(771, 613),
(771, 80),
(771, 239),
(772, 751),
(772, 352),
(772, 674),
(772, 912),
(773, 758),
(774, 471),
(774, 194),
(774, 790),
(774, 30),
(774, 495),
(774, 553),
(774, 425),
(774, 887),
(774, 820),
(774, 359),
(775, 480),
(777, 734),
(777, 175),
(778, 867),
(778, 674),
(778, 238),
(778, 594),
(778, 536),
(778, 530),
(778, 866),
(778, 836),
(779, 232),
(779, 159),
(779, 117),
(779, 374),
(779, 591),
(779, 673),
(779, 494),
(780, 240),
(780, 904),
(780, 592),
(780, 148),
(780, 247),
(780, 265),
(781, 10),
(781, 368),
(781, 234),
(781, 353),
(781, 352),
(781, 756),
(781, 449),
(781, 55),
(781, 41),
(782, 857),
(782, 7),
(782, 467),
(782, 619),
(782, 660),
(782, 813),
(782, 46),
(782, 941),
(782, 829),
(782, 615),
(782, 562),
(783, 223),
(784, 627),
(784, 363),
(785, 741),
(785, 60),
(785, 137),
(785, 910),
(785, 330),
(785, 215),
(785, 930),
(785, 894),
(785, 149),
(785, 445),
(785, 795),
(785, 55),
(785, 873),
(785, 297),
(785, 70),
(786, 780),
(786, 379),
(786, 922),
(786, 892),
(786, 969),
(786, 526),
(786, 716),
(786, 99),
(786, 689),
(786, 480),
(786, 197),
(786, 100),
(786, 487),
(787, 543),
(787, 867),
(787, 167),
(787, 326),
(787, 346),
(787, 877),
(787, 634),
(787, 797),
(787, 685),
(788, 260),
(789, 801),
(789, 549),
(789, 764),
(790, 271),
(790, 245),
(790, 59),
(790, 328),
(790, 800),
(790, 783),
(790, 184),
(791, 460),
(791, 433),
(791, 156),
(791, 285),
(791, 32),
(791, 338),
(791, 27),
(791, 434),
(791, 221),
(791, 313),
(791, 738),
(791, 174),
(792, 38),
(792, 367),
(792, 626),
(792, 224),
(792, 37),
(792, 463),
(792, 862),
(792, 164),
(792, 854),
(792, 548),
(792, 348),
(792, 331),
(793, 269),
(793, 408),
(793, 674),
(793, 588),
(793, 526),
(793, 461),
(793, 207),
(793, 649),
(793, 387),
(793, 240),
(793, 296),
(793, 298),
(793, 746),
(793, 987),
(793, 56),
(794, 711),
(795, 345),
(795, 225),
(795, 835),
(795, 666),
(795, 476),
(795, 430),
(795, 339),
(795, 294),
(796, 636),
(796, 657),
(796, 976),
(796, 743),
(796, 991),
(796, 126),
(796, 127),
(796, 320),
(796, 934),
(796, 631),
(796, 917),
(796, 860),
(797, 232),
(797, 960),
(797, 141),
(797, 863),
(797, 29),
(797, 773),
(797, 863),
(797, 176),
(797, 240),
(797, 167),
(798, 813),
(798, 32),
(798, 503),
(798, 145),
(798, 792),
(798, 632),
(798, 986),
(798, 462),
(798, 298),
(798, 64),
(798, 260),
(798, 964),
(798, 550),
(798, 635),
(798, 186),
(799, 84),
(799, 92),
(800, 638),
(800, 225),
(800, 779),
(801, 111),
(801, 283),
(801, 489),
(801, 323),
(801, 876),
(801, 255),
(801, 648),
(801, 578),
(802, 963),
(802, 626),
(802, 59),
(802, 983),
(802, 274),
(802, 601),
(802, 115),
(802, 724),
(803, 837),
(803, 201),
(803, 30),
(803, 210),
(803, 772),
(804, 20),
(804, 636),
(804, 711),
(804, 436),
(804, 48),
(804, 14),
(804, 466),
(804, 316),
(804, 924),
(804, 7),
(804, 654),
(804, 533),
(804, 71),
(804, 330),
(804, 853),
(805, 49),
(805, 755),
(805, 428),
(805, 957),
(805, 770),
(805, 644),
(805, 527),
(805, 619),
(805, 372),
(806, 536),
(807, 16),
(808, 250),
(808, 464),
(809, 701),
(811, 783),
(811, 564),
(811, 771),
(811, 451),
(811, 567),
(811, 336),
(811, 848),
(811, 78),
(811, 428),
(811, 13),
(811, 620),
(811, 616),
(811, 474),
(812, 279),
(812, 391),
(812, 661),
(812, 51),
(812, 312),
(812, 475),
(812, 741),
(812, 181),
(812, 12),
(812, 277),
(812, 320),
(812, 828),
(812, 359),
(812, 823),
(812, 634),
(813, 52),
(813, 531),
(813, 983),
(813, 67),
(813, 754),
(813, 967),
(813, 367),
(813, 142),
(813, 736),
(814, 256),
(815, 211),
(816, 287),
(816, 637),
(816, 565),
(816, 199),
(816, 535),
(816, 634),
(817, 25),
(817, 451),
(817, 297),
(817, 902),
(817, 996),
(817, 943),
(817, 196),
(817, 236),
(819, 896),
(819, 212),
(819, 611),
(819, 694),
(819, 957),
(819, 242),
(819, 829),
(819, 555),
(819, 625),
(819, 148),
(819, 949),
(819, 490),
(819, 535),
(819, 382),
(819, 83),
(820, 105),
(820, 341),
(820, 534),
(821, 983),
(821, 731),
(822, 681),
(822, 402),
(822, 758),
(822, 361),
(822, 933),
(822, 933),
(822, 947),
(822, 745),
(822, 729),
(822, 823),
(822, 649),
(822, 134),
(822, 620),
(822, 42),
(822, 262),
(823, 910),
(823, 217),
(823, 333),
(823, 742),
(823, 323),
(823, 920),
(823, 601),
(823, 923),
(823, 600),
(823, 828),
(823, 796),
(823, 433),
(823, 954),
(824, 716),
(825, 429),
(825, 24),
(826, 735),
(826, 900),
(826, 727),
(827, 749),
(827, 94),
(827, 224),
(827, 523),
(827, 891),
(827, 766),
(827, 22),
(827, 574),
(827, 246),
(827, 116),
(827, 627),
(827, 419),
(827, 349),
(827, 509),
(827, 95),
(828, 399),
(828, 737),
(828, 153),
(828, 645),
(828, 650),
(828, 934),
(828, 657),
(828, 645),
(828, 236),
(828, 971),
(828, 239),
(828, 802),
(828, 435),
(828, 358),
(828, 110),
(829, 219),
(829, 265),
(829, 575),
(830, 265),
(830, 767),
(831, 206),
(831, 533),
(831, 735),
(831, 490),
(831, 997),
(831, 986),
(831, 401),
(831, 749),
(831, 979),
(831, 847),
(831, 551),
(831, 733),
(831, 525),
(831, 502),
(831, 996),
(832, 522),
(832, 114),
(832, 182),
(832, 630),
(832, 104),
(832, 692),
(832, 287),
(832, 790),
(832, 128),
(832, 487),
(832, 876),
(832, 498),
(832, 996),
(832, 242),
(832, 969),
(833, 630),
(833, 908),
(833, 259),
(833, 242),
(833, 617),
(833, 826),
(833, 200),
(833, 445),
(833, 995),
(834, 518),
(834, 812),
(834, 673),
(834, 824),
(834, 117),
(834, 996),
(834, 837),
(834, 962),
(834, 862),
(835, 106),
(835, 949),
(835, 956),
(835, 502),
(835, 20),
(835, 745),
(835, 167),
(835, 253),
(835, 756),
(835, 847),
(835, 457),
(835, 335),
(835, 736),
(835, 65),
(835, 273),
(836, 854),
(836, 202),
(836, 118),
(836, 993),
(837, 156),
(837, 39),
(838, 837),
(838, 680),
(839, 572),
(839, 824),
(840, 811),
(840, 286),
(840, 189),
(840, 861),
(840, 195),
(840, 927),
(840, 523),
(840, 142),
(840, 341),
(840, 793),
(840, 918),
(840, 479),
(843, 785),
(843, 332),
(843, 945),
(843, 184),
(843, 208),
(843, 378),
(843, 502),
(843, 428),
(843, 148),
(843, 723),
(843, 646),
(843, 889),
(843, 339),
(843, 896),
(843, 215),
(844, 739),
(844, 314),
(844, 63),
(844, 147),
(844, 239),
(844, 345),
(844, 140),
(844, 201),
(844, 366),
(845, 943),
(845, 332),
(845, 519),
(845, 507),
(845, 381),
(845, 328),
(845, 312),
(845, 283),
(845, 928),
(845, 834),
(845, 487),
(845, 52),
(845, 575),
(845, 7),
(845, 377),
(846, 677),
(846, 285),
(846, 203),
(846, 871),
(846, 270),
(846, 80),
(846, 969),
(846, 408),
(846, 809),
(846, 357),
(846, 877),
(846, 66),
(846, 795),
(846, 519),
(847, 787),
(848, 97),
(849, 673),
(849, 301),
(849, 565),
(849, 243),
(849, 593),
(849, 826),
(849, 471),
(849, 22),
(849, 594),
(849, 350),
(849, 417),
(849, 25),
(849, 412),
(849, 595),
(849, 205),
(850, 933),
(850, 277),
(850, 454),
(850, 80),
(850, 534),
(850, 478),
(850, 539),
(850, 696),
(850, 244),
(850, 143),
(850, 910),
(850, 898),
(850, 87),
(850, 463),
(850, 292),
(851, 860),
(851, 175),
(851, 987),
(851, 28),
(852, 123),
(852, 654),
(852, 379),
(852, 82),
(853, 44),
(853, 19),
(853, 290),
(853, 94),
(853, 652),
(853, 15),
(853, 249),
(853, 694),
(853, 888),
(853, 978),
(853, 568),
(853, 228),
(853, 525),
(853, 591),
(853, 323),
(854, 862),
(854, 843),
(854, 353),
(854, 123),
(854, 770),
(854, 74),
(854, 27),
(854, 301),
(854, 873),
(854, 378),
(854, 827),
(854, 182),
(854, 771),
(854, 668),
(854, 140),
(855, 260),
(855, 998),
(855, 557),
(855, 758),
(855, 799),
(855, 964),
(855, 560),
(855, 476),
(855, 14),
(856, 334),
(856, 467),
(856, 302),
(856, 797),
(856, 932),
(856, 169),
(856, 195),
(856, 160),
(856, 510),
(856, 575),
(856, 702),
(858, 583),
(858, 33),
(858, 224),
(859, 210),
(859, 234),
(859, 447),
(859, 456),
(859, 834),
(859, 188),
(859, 96),
(859, 795),
(859, 712),
(859, 197),
(859, 440),
(859, 290),
(859, 229),
(859, 737),
(859, 297),
(860, 571),
(861, 500),
(861, 931),
(861, 246),
(861, 423),
(861, 191),
(861, 175),
(861, 14),
(861, 361),
(861, 605),
(861, 620),
(861, 400),
(861, 13),
(861, 697),
(861, 880),
(861, 191),
(862, 428),
(862, 15),
(862, 604),
(862, 656),
(863, 776),
(863, 939),
(863, 783),
(863, 543),
(863, 740),
(863, 435),
(863, 612),
(863, 541),
(863, 823),
(863, 846),
(863, 589),
(863, 572),
(863, 552),
(863, 402),
(864, 146),
(864, 796),
(865, 99),
(865, 817),
(865, 368),
(865, 110),
(865, 596),
(865, 765),
(866, 816),
(866, 704),
(866, 671),
(866, 90),
(866, 753),
(866, 139),
(866, 217),
(866, 238),
(867, 966),
(867, 751),
(867, 966),
(867, 427),
(867, 245),
(867, 412),
(867, 898),
(867, 952),
(867, 41),
(867, 990),
(867, 136),
(867, 254),
(867, 829),
(867, 699),
(867, 229),
(868, 653),
(868, 688),
(868, 327),
(868, 112),
(868, 509),
(868, 6),
(868, 311),
(868, 510),
(868, 278),
(868, 115),
(868, 384),
(869, 83),
(869, 977),
(869, 2),
(869, 282),
(869, 896),
(869, 906),
(869, 967),
(869, 364),
(869, 804),
(869, 179),
(869, 533),
(869, 479),
(869, 39),
(869, 275),
(869, 103),
(870, 167),
(871, 304),
(871, 417),
(871, 538),
(872, 29),
(872, 911),
(872, 745),
(872, 463),
(872, 707),
(873, 129),
(873, 476),
(873, 567),
(873, 397),
(873, 902),
(873, 938),
(873, 593),
(873, 15),
(873, 490),
(873, 318),
(873, 277),
(873, 952),
(873, 724),
(873, 765),
(873, 33),
(874, 219),
(874, 692),
(874, 180),
(874, 878),
(874, 187),
(874, 742),
(874, 842),
(875, 847),
(875, 699),
(875, 747),
(875, 809),
(876, 410),
(877, 396),
(877, 311),
(877, 523),
(877, 278),
(877, 182),
(877, 647),
(877, 906),
(877, 49),
(877, 232),
(878, 445),
(878, 698),
(878, 601),
(878, 891),
(879, 204),
(879, 838),
(879, 637),
(879, 755),
(879, 266),
(879, 920),
(879, 889),
(879, 70),
(879, 638),
(880, 618),
(880, 522),
(880, 731),
(880, 769),
(880, 949),
(880, 772),
(880, 596),
(880, 15),
(880, 124),
(880, 360),
(880, 821),
(880, 736),
(880, 526),
(880, 752),
(880, 808),
(881, 798),
(881, 976),
(882, 340),
(883, 345),
(883, 717),
(883, 927),
(884, 822),
(884, 124),
(885, 725),
(885, 957),
(885, 645),
(886, 799),
(886, 496),
(887, 26),
(887, 966),
(887, 141),
(887, 323),
(887, 738),
(888, 686),
(888, 266),
(888, 470),
(889, 128),
(889, 847),
(889, 575),
(889, 547),
(890, 977),
(890, 944),
(890, 862),
(890, 307),
(890, 172),
(890, 925),
(890, 933),
(890, 657),
(890, 43),
(891, 866),
(891, 98),
(891, 708),
(891, 11),
(891, 318),
(891, 749),
(891, 858),
(891, 323),
(891, 523),
(891, 291),
(891, 746),
(891, 105),
(891, 446),
(891, 740),
(891, 910),
(892, 144),
(892, 158),
(892, 739),
(892, 180),
(892, 166),
(892, 404),
(892, 315),
(892, 234),
(892, 156),
(892, 806),
(892, 426),
(892, 626),
(892, 539),
(892, 82),
(893, 945),
(893, 60),
(893, 207),
(893, 615),
(893, 331),
(893, 694),
(893, 666),
(893, 188),
(893, 115),
(893, 599),
(893, 146),
(893, 613),
(893, 737),
(893, 768),
(893, 330),
(894, 819),
(894, 905),
(894, 591),
(895, 336),
(895, 798),
(895, 51),
(895, 126),
(895, 410),
(895, 401),
(895, 830),
(895, 103),
(895, 623),
(895, 565),
(895, 188),
(895, 394),
(895, 798),
(898, 740),
(898, 581),
(898, 966),
(898, 828),
(898, 8),
(898, 761),
(898, 45),
(898, 974),
(898, 600),
(898, 44),
(898, 915),
(898, 203),
(898, 658),
(898, 825),
(898, 853),
(899, 670),
(899, 784),
(899, 686),
(899, 65),
(899, 254),
(899, 32),
(899, 166),
(900, 144),
(900, 889),
(900, 741),
(901, 938),
(902, 930),
(902, 961),
(902, 251),
(902, 610),
(902, 290),
(902, 275),
(902, 37),
(902, 909),
(902, 305),
(902, 911),
(902, 864),
(902, 836),
(902, 321),
(902, 445),
(902, 990),
(903, 586),
(903, 514),
(903, 998),
(903, 396),
(903, 574),
(903, 853),
(903, 787),
(904, 681),
(904, 129),
(904, 600),
(904, 957),
(904, 703),
(904, 322),
(904, 346),
(904, 457),
(904, 396),
(904, 292),
(904, 608),
(904, 288),
(905, 145),
(905, 527),
(905, 536),
(905, 829),
(905, 77),
(905, 109),
(905, 545),
(905, 450),
(905, 153),
(905, 465),
(905, 461),
(905, 683),
(905, 105),
(905, 182),
(905, 699),
(906, 251),
(906, 694),
(907, 275),
(907, 601),
(907, 283),
(908, 73),
(908, 939),
(909, 192),
(909, 889),
(909, 548),
(909, 811),
(909, 350),
(909, 631),
(909, 282),
(909, 802),
(909, 184),
(909, 878),
(909, 587),
(909, 902),
(909, 259),
(909, 907),
(909, 680),
(910, 236),
(910, 939),
(910, 873),
(910, 833),
(910, 455),
(910, 766),
(910, 883),
(910, 731),
(911, 860),
(911, 944),
(913, 218),
(913, 398),
(913, 251),
(913, 941),
(913, 598),
(913, 255),
(913, 431),
(913, 918),
(913, 121),
(914, 924),
(914, 111),
(914, 615),
(914, 321),
(914, 2),
(915, 904),
(915, 869),
(915, 482),
(916, 882),
(916, 388),
(916, 281),
(916, 582),
(916, 572),
(916, 990),
(916, 968),
(916, 661),
(918, 521),
(918, 782),
(918, 449),
(918, 637),
(918, 619),
(918, 721),
(918, 1),
(918, 526),
(918, 955),
(918, 412),
(918, 521),
(919, 119),
(919, 726),
(919, 312),
(919, 722),
(919, 328),
(920, 755),
(920, 408),
(920, 366),
(920, 694),
(920, 325),
(920, 913),
(920, 261),
(920, 910),
(920, 196),
(920, 223),
(920, 790),
(920, 977),
(920, 597),
(920, 968),
(920, 818),
(921, 605),
(921, 797),
(922, 450),
(923, 889),
(923, 439),
(923, 441),
(923, 926),
(923, 215),
(924, 250),
(924, 397),
(924, 817),
(924, 177),
(925, 87),
(925, 227),
(925, 579),
(925, 226),
(926, 607),
(926, 950),
(926, 894),
(926, 510),
(927, 748),
(927, 856),
(928, 686),
(928, 930),
(928, 908),
(928, 810),
(928, 572),
(928, 316),
(929, 770),
(929, 992),
(929, 846),
(929, 729),
(929, 327),
(929, 259),
(930, 931),
(930, 504),
(930, 814),
(931, 273),
(931, 128),
(931, 507),
(931, 569),
(932, 414),
(933, 267),
(934, 305),
(935, 542),
(935, 824),
(935, 123),
(935, 167),
(935, 292),
(935, 673),
(935, 140),
(935, 243),
(935, 679),
(936, 312),
(936, 561),
(936, 494),
(936, 284),
(936, 885),
(937, 672),
(937, 868),
(937, 290),
(937, 58),
(937, 173),
(937, 168),
(937, 945),
(937, 366),
(939, 158),
(939, 570),
(939, 604),
(939, 724),
(939, 443),
(939, 627),
(939, 40),
(939, 457),
(940, 478),
(940, 222),
(940, 795),
(940, 754),
(940, 214),
(940, 367),
(940, 995),
(940, 784),
(940, 192),
(941, 880),
(941, 12),
(941, 678),
(941, 310),
(941, 502),
(941, 47),
(942, 17),
(942, 189),
(942, 746),
(942, 214),
(942, 204),
(943, 815),
(943, 147),
(944, 755),
(944, 217),
(944, 932),
(945, 991),
(945, 643),
(945, 189),
(945, 161),
(945, 83),
(945, 250),
(945, 764),
(945, 496),
(945, 647),
(945, 675),
(946, 65),
(946, 351),
(947, 936),
(947, 781),
(947, 22),
(947, 576),
(947, 98),
(947, 967),
(947, 483),
(947, 141),
(947, 287),
(947, 409),
(947, 97),
(947, 427),
(947, 960),
(947, 566),
(947, 648),
(948, 983),
(948, 128),
(948, 444),
(948, 461),
(948, 383),
(948, 880),
(948, 289),
(948, 200),
(948, 108),
(948, 518),
(948, 823),
(948, 295),
(948, 284),
(948, 661),
(948, 754),
(949, 58),
(949, 19),
(949, 23),
(949, 602),
(949, 961),
(949, 149),
(949, 439),
(949, 329),
(949, 744),
(949, 16),
(949, 859),
(949, 467),
(949, 387),
(949, 35),
(950, 925),
(950, 143),
(950, 318),
(950, 638),
(950, 848),
(950, 802),
(950, 426),
(950, 234),
(950, 546),
(950, 291),
(950, 1),
(950, 378),
(950, 778),
(950, 475),
(950, 696),
(951, 283),
(951, 481),
(951, 236),
(951, 911),
(951, 343),
(951, 129),
(951, 380),
(951, 141),
(951, 611),
(951, 655),
(951, 484),
(951, 451),
(951, 366),
(951, 172),
(951, 787),
(952, 510),
(952, 999),
(954, 113),
(954, 399),
(954, 393),
(954, 602),
(955, 338),
(955, 423),
(955, 61),
(955, 903),
(955, 989),
(956, 577),
(956, 775),
(956, 653),
(956, 773),
(956, 377),
(956, 794),
(956, 977),
(956, 212),
(956, 245),
(956, 255),
(957, 3),
(957, 212),
(957, 495),
(957, 691),
(958, 446),
(958, 533),
(958, 218),
(958, 432),
(958, 178),
(958, 212),
(958, 822),
(959, 951),
(959, 654),
(959, 693),
(959, 138),
(960, 383),
(960, 322),
(960, 436),
(960, 340),
(960, 713),
(960, 476),
(960, 517),
(960, 323),
(960, 737),
(960, 529),
(960, 604),
(960, 756),
(960, 643),
(960, 627),
(960, 110),
(963, 413),
(963, 704),
(963, 752),
(963, 35),
(963, 844),
(963, 363),
(963, 784),
(963, 925),
(963, 991),
(963, 197),
(963, 725),
(963, 309),
(963, 377),
(963, 901),
(963, 358),
(964, 33),
(964, 531),
(964, 146),
(964, 908),
(964, 749),
(964, 863),
(964, 532),
(964, 244),
(964, 908),
(964, 881),
(964, 999),
(964, 102),
(964, 596),
(964, 306),
(964, 521),
(965, 973),
(965, 40),
(965, 425),
(965, 188),
(965, 708),
(965, 735),
(966, 232),
(966, 105),
(966, 574),
(966, 879),
(966, 620),
(966, 732),
(966, 683),
(966, 506),
(966, 795),
(966, 29),
(966, 542),
(966, 540),
(966, 628),
(966, 742),
(966, 509),
(967, 321),
(967, 584),
(967, 294),
(967, 162),
(967, 721),
(967, 941),
(967, 382),
(967, 431),
(967, 633),
(967, 341),
(967, 758),
(967, 795),
(967, 460),
(967, 274),
(967, 206),
(968, 630),
(968, 42),
(968, 217),
(969, 564),
(969, 717),
(969, 188),
(969, 936),
(969, 337),
(969, 354),
(969, 182),
(969, 962),
(969, 738),
(970, 643),
(970, 377),
(970, 797),
(970, 921),
(970, 517),
(970, 668),
(970, 606),
(970, 78),
(970, 198),
(970, 93),
(970, 868),
(970, 36),
(970, 435),
(970, 667),
(970, 660),
(971, 97),
(971, 451),
(971, 913),
(971, 490),
(971, 237),
(971, 178),
(971, 47),
(971, 376),
(971, 244),
(971, 36),
(971, 455),
(971, 475),
(971, 898),
(971, 859),
(972, 349),
(972, 236),
(972, 134),
(972, 808),
(972, 20),
(972, 20),
(972, 483),
(972, 757),
(972, 248),
(972, 780),
(972, 552),
(972, 471),
(972, 432),
(973, 713),
(973, 977),
(973, 642),
(973, 721),
(973, 484),
(973, 543),
(973, 914),
(973, 370),
(973, 652),
(973, 538),
(973, 475),
(973, 5),
(973, 903),
(973, 287),
(973, 965),
(974, 57),
(974, 551),
(974, 916),
(974, 848),
(974, 397),
(975, 533),
(975, 253),
(976, 432),
(976, 421),
(976, 136),
(976, 20),
(976, 232),
(976, 403),
(976, 800),
(976, 435),
(976, 836),
(976, 858),
(976, 858),
(976, 993),
(976, 644),
(976, 532),
(976, 342),
(977, 712),
(977, 78),
(977, 856),
(977, 944),
(977, 892),
(977, 774),
(977, 385),
(977, 662),
(977, 33),
(978, 461),
(979, 964),
(979, 349),
(979, 851),
(979, 338),
(979, 68),
(979, 172),
(979, 742),
(980, 978),
(980, 36),
(980, 410),
(980, 528),
(980, 264),
(980, 656),
(980, 208),
(981, 605),
(981, 207),
(981, 903),
(981, 610),
(981, 414),
(981, 966),
(981, 388),
(981, 571),
(981, 688),
(981, 708),
(981, 459),
(981, 70),
(981, 576),
(981, 355),
(981, 597),
(982, 301),
(982, 29),
(982, 860),
(982, 394),
(982, 906),
(982, 833),
(982, 737),
(982, 506),
(982, 566),
(982, 417),
(982, 207),
(982, 44),
(982, 442),
(982, 303),
(982, 375),
(983, 102),
(983, 764),
(983, 455),
(983, 329),
(983, 92),
(983, 688),
(983, 294),
(983, 45),
(983, 14),
(983, 456),
(983, 343),
(983, 230),
(983, 610),
(983, 602),
(984, 182),
(984, 996),
(984, 137),
(984, 743),
(984, 417),
(985, 921),
(985, 965),
(985, 440),
(985, 464),
(985, 26),
(985, 437),
(985, 8),
(985, 264),
(985, 44),
(985, 720),
(985, 15),
(986, 313),
(986, 946),
(986, 668),
(986, 282),
(987, 873),
(987, 578),
(987, 11),
(987, 310),
(987, 842),
(987, 629),
(988, 999),
(988, 298),
(988, 964),
(988, 775),
(988, 752),
(988, 19),
(989, 674),
(989, 293),
(989, 849),
(989, 341),
(990, 16),
(990, 715),
(990, 701),
(990, 188),
(991, 253),
(991, 811),
(991, 787),
(991, 838),
(992, 371),
(992, 519),
(992, 807),
(992, 982),
(992, 513),
(992, 932),
(992, 132),
(992, 54),
(992, 825),
(992, 434),
(992, 892),
(992, 305),
(992, 994),
(992, 399),
(992, 545),
(993, 265),
(993, 735),
(994, 711),
(994, 567),
(994, 37),
(994, 991),
(994, 820),
(994, 69),
(995, 82),
(995, 453),
(995, 727),
(995, 382),
(995, 657),
(995, 264),
(995, 757),
(995, 575),
(995, 761),
(995, 305),
(995, 267),
(996, 136),
(996, 690),
(996, 729),
(996, 513),
(996, 689),
(996, 878),
(996, 833),
(996, 962),
(996, 787),
(997, 845),
(997, 130),
(997, 781),
(997, 336),
(997, 347),
(997, 494),
(997, 34),
(997, 16),
(997, 605),
(997, 206),
(997, 566),
(997, 470),
(997, 577),
(997, 824),
(997, 160),
(998, 727),
(998, 980),
(998, 229),
(998, 539),
(998, 59),
(998, 473),
(999, 254),
(999, 586),
(999, 450);



INSERT INTO groups (id, "name") VALUES
(0, 'p>5E1fn@NJ'),
(1, 'qT\O`@f_ba'),
(2, '<U0aYVg9PA'),
(3, '<WSpckdANM'),
(4, 'c^lRzWb_vq'),
(5, 'ydJRkRVGFr'),
(6, '5FdH^bwjA?'),
(7, 'hzXrh731NC'),
(8, '5KG>iY0h4S'),
(9, '5VQ5Ni\wrr'),
(10, 'XQK[G@9l<B'),
(11, 'yPUVpPz;xW'),
(12, 'YR^aCJMjFY'),
(13, 'RN13i=Fmws'),
(14, 'k13f`oZO^9'),
(15, '?hco`luWQD'),
(16, 'zv]DbS1@v3'),
(17, 'cB[NvKUGeI'),
(18, '\y[FDl\hHf'),
(19, 'sw05Bp;3i;'),
(20, 'qGN4z8rMBZ'),
(21, '5g54dx4?[O'),
(22, 'g4ZS:wTSs^'),
(23, 'ycP9mP3Q`q'),
(24, 'T?0G<X2Cu`'),
(25, 'i_``_thM3^'),
(26, 'KupF]lvi;]'),
(27, '8xiyj9W6qE'),
(28, 'Kx[G6Rqt7b'),
(29, 'h<v\Zp<qDC'),
(30, 'hK?wBZP[\e'),
(31, 'tr3v[njS@G'),
(32, 'VcBpkEyWY@'),
(33, 'iIc]l6i:r7'),
(34, '9>[wTIcTRW'),
(35, 'NhpKJy]zLs'),
(36, 'HwXHuXZgI\'),
(37, 'OS[8ViPx>o'),
(38, '71UiDG@:xI'),
(39, '1G@FSf1aNA'),
(40, ':kW5[t4_9l'),
(41, 'Pmx\WjFOPr'),
(42, 'CUzO0=Qc7['),
(43, 'm^s182zQ\0'),
(44, 'e?Rf]GzaL\'),
(45, 'mLYjuo7wjn'),
(46, 'JGgPJ?bX8;'),
(47, 'ddUL3<0wT['),
(48, 'k<hrlZDMI\'),
(49, 'Ty9PC1_qpR'),
(50, 'Vq6Ya49qQX'),
(51, 'Cmz[hfY^qa'),
(52, 'oC9z4[W^B2'),
(53, 'VSbY^Wfe:p'),
(54, '0FlAXP;_xJ'),
(55, 'r^TdBZ8Htg'),
(56, 'zGN<W@0tg^'),
(57, 'uiLZlGz`4E'),
(58, 'vOoWeeq9I6'),
(59, '_spW2==K>c');



INSERT INTO group_members ("user", "group") VALUES
(140, 0),
(470, 0),
(877, 0),
(746, 0),
(439, 0),
(618, 1),
(990, 1),
(619, 1),
(827, 1),
(753, 1),
(623, 2),
(7, 2),
(347, 2),
(82, 2),
(920, 2),
(758, 3),
(934, 3),
(916, 3),
(55, 3),
(355, 3),
(989, 4),
(370, 4),
(475, 4),
(844, 4),
(920, 4),
(980, 5),
(293, 5),
(418, 5),
(914, 5),
(144, 5),
(846, 6),
(542, 6),
(154, 6),
(173, 6),
(765, 6),
(443, 7),
(919, 7),
(249, 7),
(471, 7),
(717, 7),
(464, 8),
(742, 8),
(157, 8),
(378, 8),
(740, 8),
(151, 9),
(226, 9),
(779, 9),
(947, 9),
(431, 9),
(847, 10),
(160, 10),
(425, 10),
(206, 10),
(615, 10),
(944, 11),
(475, 11),
(437, 11),
(390, 11),
(259, 11),
(550, 12),
(88, 12),
(941, 12),
(289, 12),
(314, 12),
(994, 13),
(438, 13),
(919, 13),
(85, 13),
(164, 13),
(321, 14),
(500, 14),
(600, 14),
(963, 14),
(614, 14),
(207, 15),
(784, 15),
(931, 15),
(604, 15),
(675, 15),
(693, 16),
(131, 16),
(361, 16),
(878, 16),
(862, 16),
(722, 17),
(193, 17),
(99, 17),
(50, 17),
(56, 17),
(70, 18),
(311, 18),
(584, 18),
(174, 18),
(197, 18),
(894, 19),
(263, 19),
(740, 19),
(126, 19),
(962, 19),
(927, 20),
(972, 20),
(698, 20),
(986, 20),
(761, 20),
(655, 21),
(911, 21),
(245, 21),
(974, 21),
(534, 21),
(805, 22),
(257, 22),
(679, 22),
(984, 22),
(292, 22),
(114, 23),
(662, 23),
(955, 23),
(735, 23),
(3, 23),
(388, 24),
(574, 24),
(931, 24),
(619, 24),
(60, 24),
(577, 25),
(978, 25),
(996, 25),
(244, 25),
(125, 25),
(935, 26),
(623, 26),
(292, 26),
(540, 26),
(155, 26),
(399, 27),
(548, 27),
(520, 27),
(15, 27),
(798, 27),
(834, 28),
(74, 28),
(547, 28),
(524, 28),
(548, 28),
(563, 29),
(416, 29),
(669, 29),
(58, 29),
(851, 29),
(576, 30),
(907, 30),
(63, 30),
(587, 30),
(332, 30),
(317, 31),
(684, 31),
(27, 31),
(664, 31),
(766, 31),
(378, 32),
(849, 32),
(182, 32),
(587, 32),
(643, 32),
(960, 33),
(648, 33),
(706, 33),
(168, 33),
(803, 33),
(667, 34),
(358, 34),
(490, 34),
(626, 34),
(782, 34),
(321, 35),
(549, 35),
(380, 35),
(762, 35),
(694, 35),
(911, 36),
(893, 36),
(335, 36),
(783, 36),
(571, 36),
(971, 37),
(940, 37),
(540, 37),
(47, 37),
(827, 37),
(743, 38),
(492, 38),
(47, 38),
(350, 38),
(641, 38),
(99, 39),
(358, 39),
(595, 39),
(371, 39),
(947, 39),
(345, 40),
(95, 40),
(90, 40),
(101, 40),
(567, 40),
(231, 41),
(171, 41),
(666, 41),
(27, 41),
(936, 41),
(825, 42),
(882, 42),
(779, 42),
(206, 42),
(43, 42),
(726, 43),
(749, 43),
(356, 43),
(812, 43),
(704, 43),
(960, 44),
(618, 44),
(955, 44),
(371, 44),
(601, 44),
(864, 45),
(845, 45),
(320, 45),
(49, 45),
(263, 45),
(693, 46),
(311, 46),
(367, 46),
(857, 46),
(497, 46),
(658, 47),
(816, 47),
(593, 47),
(428, 47),
(807, 47),
(934, 48),
(550, 48),
(66, 48),
(621, 48),
(2, 48),
(211, 49),
(671, 49),
(468, 49),
(164, 49),
(822, 49),
(561, 50),
(160, 50),
(461, 50),
(481, 50),
(876, 50),
(16, 51),
(60, 51),
(34, 51),
(391, 51),
(751, 51),
(398, 52),
(816, 52),
(100, 52),
(873, 52),
(477, 52),
(617, 53),
(707, 53),
(626, 53),
(298, 53),
(144, 53),
(823, 54),
(918, 54),
(971, 54),
(384, 54),
(474, 54),
(516, 55),
(496, 55),
(903, 55),
(789, 55),
(288, 55),
(628, 56),
(165, 56),
(100, 56),
(769, 56),
(48, 56),
(546, 57),
(330, 57),
(541, 57),
(189, 57),
(807, 57),
(141, 58),
(226, 58),
(679, 58),
(769, 58),
(759, 58),
(667, 59),
(619, 59),
(26, 59),
(389, 59),
(556, 59);



