INSERT INTO users (id, "name", age, buddy) VALUES
(0, 'Shai', 21, 282),
(1, 'John', 24, 718),
(2, 'William', 32, 560),
(3, 'James', 24, null),
(4, 'Charles', 20, null),
(5, 'George', 24, 373),
(6, 'Frank', 18, 293),
(7, 'Joseph', 16, null),
(8, 'Thomas', 16, null),
(9, 'Henry', 25, null),
(10, 'Robert', 31, null),
(11, 'Edward', 27, 438),
(12, 'Harry', 22, null),
(13, 'Walter', 31, null),
(14, 'Arthur', 15, null),
(15, 'Fred', 32, null),
(16, 'Albert', 15, null),
(17, 'Samuel', 23, null),
(18, 'David', 29, null),
(19, 'Louis', 19, null),
(20, 'Joe', 15, 861),
(21, 'Charlie', 27, null),
(22, 'Clarence', 13, 207),
(23, 'Richard', 23, 788),
(24, 'Andrew', 28, null),
(25, 'Daniel', 19, null),
(26, 'Ernest', 30, null),
(27, 'Will', 28, null),
(28, 'Jesse', 29, null),
(29, 'Oscar', 18, 448),
(30, 'Lewis', 18, null),
(31, 'Peter', 25, 676),
(32, 'Benjamin', 34, null),
(33, 'Frederick', 19, 599),
(34, 'Willie', 22, null),
(35, 'Alfred', 11, 822),
(36, 'Sam', 29, null),
(37, 'Roy', 25, 262),
(38, 'Herbert', 21, 62),
(39, 'Jacob', 28, 859),
(40, 'Tom', 12, null),
(41, 'Elmer', 25, null),
(42, 'Carl', 21, null),
(43, 'Lee', 24, 114),
(44, 'Howard', 25, 510),
(45, 'Martin', 29, null),
(46, 'Michael', 20, null),
(47, 'Bert', 25, 423),
(48, 'Herman', 19, null),
(49, 'Jim', 14, null),
(50, 'Francis', 29, null),
(51, 'Harvey', 28, null),
(52, 'Earl', 25, null),
(53, 'Eugene', 18, null),
(54, 'Ralph', 17, null),
(55, 'Ed', 27, 630),
(56, 'Claude', 27, null),
(57, 'Edwin', 26, null),
(58, 'Ben', 27, null),
(59, 'Charley', 20, null),
(60, 'Paul', 13, null),
(61, 'Edgar', 35, null),
(62, 'Isaac', 26, null),
(63, 'Otto', 21, 226),
(64, 'Luther', 17, 442),
(65, 'Lawrence', 25, null),
(66, 'Ira', 25, 547),
(67, 'Patrick', 24, 373),
(68, 'Guy', 27, 93),
(69, 'Oliver', 19, 856),
(70, 'Theodore', 17, 158),
(71, 'Hugh', 20, null),
(72, 'Clyde', 22, 548),
(73, 'Alexander', 21, null),
(74, 'August', 24, 887),
(75, 'Floyd', 27, null),
(76, 'Homer', 22, 264),
(77, 'Jack', 25, null),
(78, 'Leonard', 28, null),
(79, 'Horace', 18, null),
(80, 'Marion', 28, null),
(81, 'Philip', 18, null),
(82, 'Allen', 24, null),
(83, 'Archie', 24, 342),
(84, 'Stephen', 22, 795),
(85, 'Chester', 18, null),
(86, 'Willis', 29, 991),
(87, 'Raymond', 20, null),
(88, 'Rufus', 32, null),
(89, 'Warren', 20, 491),
(90, 'Jessie', 22, null),
(91, 'Milton', 31, null),
(92, 'Alex', 26, null),
(93, 'Leo', 23, null),
(94, 'Julius', 26, 422),
(95, 'Ray', 24, 788),
(96, 'Sidney', 11, 542),
(97, 'Bernard', 25, null),
(98, 'Dan', 22, null),
(99, 'Jerry', 23, null),
(100, 'Calvin', 15, 572),
(101, 'Perry', 37, null),
(102, 'Dave', 21, null),
(103, 'Anthony', 30, 732),
(104, 'Eddie', 23, 328),
(105, 'Amos', 19, null),
(106, 'Dennis', 32, null),
(107, 'Clifford', 16, null),
(108, 'Leroy', 19, null),
(109, 'Wesley', 17, 619),
(110, 'Alonzo', 33, null),
(111, 'Garfield', 24, 209),
(112, 'Franklin', 18, 688),
(113, 'Emil', 20, null),
(114, 'Leon', 28, 343),
(115, 'Nathan', 20, null),
(116, 'Harold', 25, null),
(117, 'Matthew', 39, null),
(118, 'Levi', 16, null),
(119, 'Moses', 33, null),
(120, 'Everett', 22, null),
(121, 'Lester', 30, null),
(122, 'Winfield', 27, null),
(123, 'Adam', 5, null),
(124, 'Lloyd', 16, 42),
(125, 'Mack', 10, 760),
(126, 'Fredrick', 23, null),
(127, 'Jay', 25, null),
(128, 'Jess', 32, 260),
(129, 'Melvin', 23, null),
(130, 'Noah', 15, null),
(131, 'Aaron', 24, 93),
(132, 'Alvin', 26, null),
(133, 'Norman', 17, null),
(134, 'Gilbert', 18, 736),
(135, 'Elijah', 30, null),
(136, 'Victor', 22, null),
(137, 'Gus', 17, 568),
(138, 'Nelson', 23, null),
(139, 'Jasper', 24, 821),
(140, 'Silas', 16, null),
(141, 'Christopher', 28, 777),
(142, 'Jake', 16, 882),
(143, 'Mike', 9, null),
(144, 'Percy', 23, null),
(145, 'Adolph', 22, null),
(146, 'Maurice', 24, null),
(147, 'Cornelius', 25, null),
(148, 'Felix', 17, null),
(149, 'Reuben', 19, 846),
(150, 'Wallace', 20, null),
(151, 'Claud', 30, null),
(152, 'Roscoe', 28, null),
(153, 'Sylvester', 30, 20),
(154, 'Earnest', 19, null),
(155, 'Hiram', 26, 149),
(156, 'Otis', 19, 793),
(157, 'Simon', 30, null),
(158, 'Willard', 26, null),
(159, 'Irvin', 24, 995),
(160, 'Mark', 18, null),
(161, 'Jose', 35, null),
(162, 'Wilbur', 32, null),
(163, 'Abraham', 22, null),
(164, 'Virgil', 29, 379),
(165, 'Clinton', 24, 980),
(166, 'Elbert', 27, null),
(167, 'Leslie', 22, null),
(168, 'Marshall', 14, null),
(169, 'Owen', 19, null),
(170, 'Wiley', 22, null),
(171, 'Anton', 21, 538),
(172, 'Morris', 34, null),
(173, 'Manuel', 21, 324),
(174, 'Phillip', 20, 418),
(175, 'Augustus', 25, null),
(176, 'Emmett', 23, null),
(177, 'Eli', 26, 828),
(178, 'Nicholas', 10, 758),
(179, 'Wilson', 13, 875),
(180, 'Alva', 27, null),
(181, 'Harley', 22, 998),
(182, 'Newton', 23, null),
(183, 'Timothy', 18, null),
(184, 'Marvin', 16, 512),
(185, 'Ross', 16, null),
(186, 'Curtis', 22, null),
(187, 'Edmund', 16, null),
(188, 'Jeff', 20, 1),
(189, 'Elias', 28, 47),
(190, 'Harrison', 20, 901),
(191, 'Stanley', 10, null),
(192, 'Columbus', 12, null),
(193, 'Lon', 27, null),
(194, 'Ora', 25, null),
(195, 'Ollie', 25, null),
(196, 'Russell', 27, null),
(197, 'Pearl', 14, null),
(198, 'Solomon', 26, 309),
(199, 'Arch', 24, 360),
(200, 'Asa', 25, 145),
(201, 'Clayton', 14, null),
(202, 'Enoch', 17, null),
(203, 'Irving', 17, null),
(204, 'Mathew', 23, 142),
(205, 'Nathaniel', 20, 627),
(206, 'Scott', 29, 654),
(207, 'Hubert', 23, 189),
(208, 'Lemuel', 23, null),
(209, 'Andy', 32, null),
(210, 'Ellis', 30, 13),
(211, 'Emanuel', 16, 962),
(212, 'Joshua', 30, null),
(213, 'Millard', 27, 947),
(214, 'Vernon', 17, 804),
(215, 'Wade', 32, 564),
(216, 'Cyrus', 31, null),
(217, 'Miles', 23, 661),
(218, 'Rudolph', 30, null),
(219, 'Sherman', 16, 628),
(220, 'Austin', 23, 166),
(221, 'Bill', 26, 918),
(222, 'Chas', 20, null),
(223, 'Lonnie', 27, null),
(224, 'Monroe', 27, null),
(225, 'Byron', 16, 556),
(226, 'Edd', 31, 379),
(227, 'Emery', 29, null),
(228, 'Grant', 27, null),
(229, 'Jerome', 30, null),
(230, 'Max', 24, null),
(231, 'Mose', 29, 932),
(232, 'Steve', 21, null),
(233, 'Gordon', 25, null),
(234, 'Abe', 22, null),
(235, 'Pete', 33, null),
(236, 'Chris', 21, null),
(237, 'Clark', 19, 0),
(238, 'Gustave', 21, 344),
(239, 'Orville', 22, 654),
(240, 'Lorenzo', 19, 468),
(241, 'Bruce', 20, 778),
(242, 'Marcus', 20, null),
(243, 'Preston', 33, null),
(244, 'Bob', 19, 710),
(245, 'Dock', 20, null),
(246, 'Donald', 21, null),
(247, 'Jackson', 14, 33),
(248, 'Cecil', 20, 812),
(249, 'Barney', 27, null),
(250, 'Delbert', 34, 517),
(251, 'Edmond', 17, 691),
(252, 'Anderson', 22, null),
(253, 'Christian', 20, 942),
(254, 'Glenn', 23, null),
(255, 'Jefferson', 26, 928),
(256, 'Luke', 25, null),
(257, 'Neal', 19, null),
(258, 'Burt', 19, null),
(259, 'Ike', 23, null),
(260, 'Myron', 31, 737),
(261, 'Tony', 21, null),
(262, 'Conrad', 23, 822),
(263, 'Joel', 26, null),
(264, 'Matt', 31, 811),
(265, 'Riley', 19, null),
(266, 'Vincent', 37, 963),
(267, 'Emory', 26, null),
(268, 'Isaiah', 20, null),
(269, 'Nick', 18, null),
(270, 'Ezra', 21, 683),
(271, 'Green', 13, null),
(272, 'Juan', 28, null),
(273, 'Clifton', 26, null),
(274, 'Lucius', 19, 981),
(275, 'Porter', 22, 883),
(276, 'Arnold', 36, 542),
(277, 'Bud', 28, null),
(278, 'Jeremiah', 36, 915),
(279, 'Taylor', 18, null),
(280, 'Forrest', 22, 607),
(281, 'Roland', 26, null),
(282, 'Spencer', 25, 716),
(283, 'Burton', 28, null),
(284, 'Don', 18, null),
(285, 'Emmet', 24, null),
(286, 'Gustav', 18, 487),
(287, 'Louie', 29, 886),
(288, 'Morgan', 29, null),
(289, 'Ned', 27, null),
(290, 'Van', 20, 79),
(291, 'Ambrose', 20, null),
(292, 'Chauncey', 27, 378),
(293, 'Elisha', 19, null),
(294, 'Ferdinand', 28, 835),
(295, 'General', 22, 4),
(296, 'Julian', 23, null),
(297, 'Kenneth', 25, null),
(298, 'Mitchell', 26, 378),
(299, 'Allie', 38, 840),
(300, 'Josh', 12, null),
(301, 'Judson', 27, null),
(302, 'Lyman', 28, 735),
(303, 'Napoleon', 24, null),
(304, 'Pedro', 16, 330),
(305, 'Berry', 22, 322),
(306, 'Dewitt', 25, 845),
(307, 'Ervin', 25, 340),
(308, 'Forest', 32, null),
(309, 'Lynn', 25, null),
(310, 'Pink', 17, null),
(311, 'Ruben', 20, null),
(312, 'Sanford', 16, 434),
(313, 'Ward', 22, null),
(314, 'Douglas', 35, null),
(315, 'Ole', 22, null),
(316, 'Omer', 14, 429),
(317, 'Ulysses', 22, 533),
(318, 'Walker', 25, null),
(319, 'Wilbert', 34, null),
(320, 'Adelbert', 15, null),
(321, 'Benjiman', 26, null),
(322, 'Ivan', 24, 966),
(323, 'Jonas', 7, null),
(324, 'Major', 34, 961),
(325, 'Abner', 26, null),
(326, 'Archibald', 30, null),
(327, 'Caleb', 28, 61),
(328, 'Clint', 24, null),
(329, 'Dudley', 20, null),
(330, 'Granville', 19, null),
(331, 'King', 29, null),
(332, 'Mary', 22, 746),
(333, 'Merton', 34, 389),
(334, 'Antonio', 17, 373),
(335, 'Bennie', 38, null),
(336, 'Carroll', 34, 859),
(337, 'Freeman', 19, 302),
(338, 'Josiah', 31, 357),
(339, 'Milo', 23, 141),
(340, 'Royal', 28, 851),
(341, 'Dick', 28, 799),
(342, 'Earle', 22, 443),
(343, 'Elza', 21, null),
(344, 'Emerson', 17, null),
(345, 'Fletcher', 34, null),
(346, 'Judge', 27, 873),
(347, 'Laurence', 26, null),
(348, 'Neil', 33, 507),
(349, 'Roger', 27, 193),
(350, 'Seth', 28, 180),
(351, 'Glen', 30, 352),
(352, 'Hugo', 27, null),
(353, 'Jimmie', 20, null),
(354, 'Johnnie', 31, null),
(355, 'Washington', 25, 133),
(356, 'Elwood', 21, null),
(357, 'Gust', 30, 538),
(358, 'Harmon', 16, 104),
(359, 'Jordan', 20, 308),
(360, 'Simeon', 29, null),
(361, 'Wayne', 21, null),
(362, 'Wilber', 24, 638),
(363, 'Clem', 21, null),
(364, 'Evan', 21, 548),
(365, 'Frederic', 23, null),
(366, 'Irwin', 21, 786),
(367, 'Junius', 17, null),
(368, 'Lafayette', 18, null),
(369, 'Loren', 13, null),
(370, 'Madison', 36, 985),
(371, 'Mason', 32, null),
(372, 'Orval', 33, 228),
(373, 'Abram', 29, 846),
(374, 'Aubrey', 23, null),
(375, 'Elliott', 38, null),
(376, 'Hans', 29, null),
(377, 'Karl', 16, 267),
(378, 'Minor', 24, null),
(379, 'Wash', 20, null),
(380, 'Wilfred', 20, null),
(381, 'Allan', 34, null),
(382, 'Alphonse', 16, null),
(383, 'Dallas', 21, 224),
(384, 'Dee', 16, null),
(385, 'Isiah', 22, null),
(386, 'Jason', 21, 435),
(387, 'Johnny', 14, 325),
(388, 'Lawson', 30, null),
(389, 'Lew', 19, 96),
(390, 'Micheal', 31, 892),
(391, 'Orin', 18, null),
(392, 'Addison', 28, 276),
(393, 'Cal', 27, 208),
(394, 'Erastus', 16, null),
(395, 'Francisco', 24, null),
(396, 'Hardy', 23, null),
(397, 'Lucien', 30, 56),
(398, 'Randolph', 20, null),
(399, 'Stewart', 21, null),
(400, 'Vern', 28, null),
(401, 'Wilmer', 20, null),
(402, 'Zack', 19, null),
(403, 'Adrian', 13, 819),
(404, 'Alvah', 23, null),
(405, 'Bertram', 14, 285),
(406, 'Clay', 21, 296),
(407, 'Ephraim', 31, null),
(408, 'Fritz', 30, 214),
(409, 'Giles', 37, null),
(410, 'Grover', 16, 906),
(411, 'Harris', 17, null),
(412, 'Isom', 18, null),
(413, 'Jesus', 23, null),
(414, 'Johnie', 22, null),
(415, 'Jonathan', 16, null),
(416, 'Lucian', 26, null),
(417, 'Malcolm', 20, null),
(418, 'Merritt', 22, null),
(419, 'Otho', 34, 246),
(420, 'Perley', 25, 266),
(421, 'Rolla', 24, 590),
(422, 'Sandy', 13, 409),
(423, 'Tomas', 21, null),
(424, 'Wilford', 11, 357),
(425, 'Adolphus', 27, null),
(426, 'Angus', 24, null),
(427, 'Arther', 23, null),
(428, 'Carlos', 31, null),
(429, 'Cary', 28, null),
(430, 'Cassius', 28, null),
(431, 'Davis', 20, 619),
(432, 'Hamilton', 29, null),
(433, 'Harve', 12, 476),
(434, 'Israel', 25, null),
(435, 'Leander', 14, 621),
(436, 'Melville', 26, null),
(437, 'Merle', 19, null),
(438, 'Murray', 32, null),
(439, 'Pleasant', 27, 938),
(440, 'Sterling', 31, null),
(441, 'Steven', 21, 154),
(442, 'Axel', 19, 273),
(443, 'Boyd', 22, null),
(444, 'Bryant', 22, 259),
(445, 'Clement', 20, 280),
(446, 'Erwin', 20, null),
(447, 'Ezekiel', 34, null),
(448, 'Foster', 19, null),
(449, 'Frances', 21, null),
(450, 'Geo', 22, null),
(451, 'Houston', 21, null),
(452, 'Issac', 25, null),
(453, 'Jules', 15, null),
(454, 'Larkin', 21, 889),
(455, 'Mat', 28, null),
(456, 'Morton', 22, null),
(457, 'Orlando', 26, 361),
(458, 'Pierce', 21, null),
(459, 'Prince', 25, null),
(460, 'Rollie', 26, 144),
(461, 'Rollin', 25, null),
(462, 'Sim', 24, 150),
(463, 'Stuart', 31, null),
(464, 'Wilburn', 10, null),
(465, 'Bennett', 17, null),
(466, 'Casper', 23, 246),
(467, 'Christ', 23, null),
(468, 'Dell', 23, null),
(469, 'Egbert', 36, null),
(470, 'Elmo', 30, null),
(471, 'Fay', 15, null),
(472, 'Gabriel', 24, null),
(473, 'Hector', 24, 28),
(474, 'Horatio', 15, 183),
(475, 'Lige', 32, null),
(476, 'Saul', 27, null),
(477, 'Smith', 21, 996),
(478, 'Squire', 33, 195),
(479, 'Tobe', 27, null),
(480, 'Tommie', 29, null),
(481, 'Wyatt', 26, null),
(482, 'Alford', 25, 359),
(483, 'Alma', 21, null),
(484, 'Alton', 16, 354),
(485, 'Andres', 26, null),
(486, 'Burl', 24, 140),
(487, 'Cicero', 23, null),
(488, 'Dean', 28, null),
(489, 'Dorsey', 26, null),
(490, 'Enos', 26, 829),
(491, 'Howell', 19, null),
(492, 'Lou', 14, null),
(493, 'Loyd', 21, 990),
(494, 'Mahlon', 24, 65),
(495, 'Nat', 26, 361),
(496, 'Omar', 18, null),
(497, 'Oran', 27, 839),
(498, 'Parker', 35, null),
(499, 'Raleigh', 25, 688),
(500, 'Reginald', 28, null),
(501, 'Rubin', 27, null),
(502, 'Seymour', 18, null),
(503, 'Wm', 20, 906),
(504, 'Young', 20, null),
(505, 'Benjamine', 22, 27),
(506, 'Carey', 29, null),
(507, 'Carlton', 32, null),
(508, 'Eldridge', 22, null),
(509, 'Elzie', 27, 744),
(510, 'Garrett', 18, null),
(511, 'Isham', 15, 97),
(512, 'Johnson', 23, null),
(513, 'Larry', 22, null),
(514, 'Logan', 23, 135),
(515, 'Merrill', 22, 888),
(516, 'Mont', 11, 358),
(517, 'Oren', 23, 371),
(518, 'Pierre', 22, null),
(519, 'Rex', 22, null),
(520, 'Rodney', 39, 691),
(521, 'Ted', 30, 445),
(522, 'Webster', 38, null),
(523, 'West', 24, null),
(524, 'Wheeler', 28, null),
(525, 'Willam', 23, null),
(526, 'Al', 31, 847),
(527, 'Aloysius', 19, null),
(528, 'Alvie', 21, null),
(529, 'Anna', 20, 961),
(530, 'Art', 21, null),
(531, 'Augustine', 36, 890),
(532, 'Bailey', 27, 671),
(533, 'Benjaman', 20, 905),
(534, 'Beverly', 34, 855),
(535, 'Bishop', 21, 541),
(536, 'Clair', 20, null),
(537, 'Cloyd', 25, null),
(538, 'Coleman', 28, 642),
(539, 'Dana', 28, null),
(540, 'Duncan', 25, 300),
(541, 'Dwight', 12, 828),
(542, 'Emile', 31, null),
(543, 'Evert', 17, null),
(544, 'Henderson', 25, 981),
(545, 'Hunter', 27, 945),
(546, 'Jean', 18, 528),
(547, 'Lem', 26, null),
(548, 'Luis', 25, 230),
(549, 'Mathias', 27, null),
(550, 'Maynard', 29, 945),
(551, 'Miguel', 10, null),
(552, 'Mortimer', 4, null),
(553, 'Nels', 18, null),
(554, 'Norris', 19, null),
(555, 'Pat', 20, null),
(556, 'Phil', 22, null),
(557, 'Rush', 28, null),
(558, 'Santiago', 27, 619),
(559, 'Sol', 24, null),
(560, 'Sydney', 32, null),
(561, 'Thaddeus', 25, null),
(562, 'Thornton', 28, null),
(563, 'Tim', 18, 804),
(564, 'Travis', 20, null),
(565, 'Truman', 14, null),
(566, 'Watson', 26, 653),
(567, 'Webb', 22, 312),
(568, 'Wellington', 33, null),
(569, 'Winfred', 18, 696),
(570, 'Wylie', 21, 983),
(571, 'Alec', 26, 242),
(572, 'Basil', 17, 443),
(573, 'Baxter', 31, null),
(574, 'Bertrand', 25, 619),
(575, 'Buford', 26, null),
(576, 'Burr', 18, null),
(577, 'Cleveland', 22, null),
(578, 'Colonel', 24, null),
(579, 'Dempsey', 22, null),
(580, 'Early', 27, 670),
(581, 'Ellsworth', 27, 769),
(582, 'Fate', 15, 510),
(583, 'Finley', 19, 931),
(584, 'Gabe', 21, 944),
(585, 'Garland', 19, null),
(586, 'Gerald', 31, null),
(587, 'Herschel', 28, null),
(588, 'Hezekiah', 30, 339),
(589, 'Justus', 29, null),
(590, 'Lindsey', 20, null),
(591, 'Marcellus', 25, 604),
(592, 'Olaf', 27, 844),
(593, 'Olin', 28, null),
(594, 'Pablo', 13, null),
(595, 'Rolland', 20, 818),
(596, 'Turner', 18, null),
(597, 'Verne', 26, null),
(598, 'Volney', 23, null),
(599, 'Williams', 35, 468),
(600, 'Almon', 33, 826),
(601, 'Alois', 18, null),
(602, 'Alonza', 33, null),
(603, 'Anson', 16, null),
(604, 'Authur', 27, null),
(605, 'Benton', 26, null),
(606, 'Billie', 7, 584),
(607, 'Cornelious', 33, 169),
(608, 'Darius', 15, 49),
(609, 'Denis', 22, null),
(610, 'Dillard', 25, null),
(611, 'Doctor', 23, null),
(612, 'Elvin', 22, null),
(613, 'Emma', 23, null),
(614, 'Eric', 19, null),
(615, 'Evans', 24, 98),
(616, 'Gideon', 19, 892),
(617, 'Haywood', 21, null),
(618, 'Hilliard', 26, 762),
(619, 'Hosea', 20, 67),
(620, 'Lincoln', 26, 18),
(621, 'Lonzo', 29, 554),
(622, 'Lucious', 12, 2),
(623, 'Lum', 25, 463),
(624, 'Malachi', 21, null),
(625, 'Newt', 6, null),
(626, 'Noel', 21, null),
(627, 'Orie', 25, null),
(628, 'Palmer', 31, null),
(629, 'Pinkney', 29, 566),
(630, 'Shirley', 28, 995),
(631, 'Sumner', 18, 443),
(632, 'Terry', 23, null),
(633, 'Urban', 29, null),
(634, 'Uriah', 20, null),
(635, 'Valentine', 17, null),
(636, 'Waldo', 23, 844),
(637, 'Warner', 19, 610),
(638, 'Wong', 27, null),
(639, 'Zeb', 23, null),
(640, 'Abel', 23, null),
(641, 'Alden', 32, null),
(642, 'Archer', 24, 518),
(643, 'Avery', 18, 825),
(644, 'Carson', 25, null),
(645, 'Cullen', 21, null),
(646, 'Doc', 19, 518),
(647, 'Eben', 25, null),
(648, 'Elige', 14, null),
(649, 'Elizabeth', 21, 67),
(650, 'Elmore', 17, null),
(651, 'Ernst', 12, 707),
(652, 'Finis', 38, null),
(653, 'Freddie', 23, null),
(654, 'Godfrey', 23, null),
(655, 'Guss', 23, 205),
(656, 'Hamp', 26, 787),
(657, 'Hermann', 32, 462),
(658, 'Isadore', 27, null),
(659, 'Isreal', 24, null),
(660, 'Jones', 28, null),
(661, 'June', 21, 834),
(662, 'Lacy', 24, null),
(663, 'Lafe', 23, 245),
(664, 'Leland', 14, 751),
(665, 'Llewellyn', 28, null),
(666, 'Ludwig', 23, null),
(667, 'Manford', 23, 130),
(668, 'Maxwell', 13, 567),
(669, 'Minnie', 17, 760),
(670, 'Obie', 20, null),
(671, 'Octave', 25, null),
(672, 'Orrin', 22, null),
(673, 'Ossie', 27, null),
(674, 'Oswald', 28, null),
(675, 'Park', 27, null),
(676, 'Parley', 16, null),
(677, 'Ramon', 21, null),
(678, 'Rice', 24, 572),
(679, 'Stonewall', 22, null),
(680, 'Theo', 25, null),
(681, 'Tillman', 29, 304),
(682, 'Addie', 16, null),
(683, 'Aron', 35, null),
(684, 'Ashley', 18, null),
(685, 'Bernhard', 34, 792),
(686, 'Bertie', 11, 780),
(687, 'Berton', 23, null),
(688, 'Buster', 28, 661),
(689, 'Butler', 18, null),
(690, 'Carleton', 19, null),
(691, 'Carrie', 21, 543),
(692, 'Clara', 19, null),
(693, 'Clarance', 21, null),
(694, 'Clare', 24, 526),
(695, 'Crawford', 31, 410),
(696, 'Danial', 21, null),
(697, 'Dayton', 20, null),
(698, 'Dolphus', 26, null),
(699, 'Elder', 22, null),
(700, 'Ephriam', 24, 645),
(701, 'Fayette', 27, null),
(702, 'Felipe', 37, 411),
(703, 'Fernando', 18, 854),
(704, 'Flem', 12, null),
(705, 'Florence', 27, null),
(706, 'Ford', 11, null),
(707, 'Harlan', 17, null),
(708, 'Hayes', 21, 318),
(709, 'Henery', 25, null),
(710, 'Hoy', 31, null),
(711, 'Huston', 28, 670),
(712, 'Ida', 17, 665),
(713, 'Ivory', 18, null),
(714, 'Jonah', 36, 998),
(715, 'Justin', 25, null),
(716, 'Lenard', 17, null),
(717, 'Leopold', 29, null),
(718, 'Lionel', 22, null),
(719, 'Manley', 27, null),
(720, 'Marquis', 26, 111),
(721, 'Marshal', 23, 23),
(722, 'Mart', 17, 651),
(723, 'Odie', 14, null),
(724, 'Olen', 21, null),
(725, 'Oral', 18, 515),
(726, 'Orley', 24, 705),
(727, 'Otha', 18, null),
(728, 'Press', 28, null),
(729, 'Price', 29, null),
(730, 'Quincy', 20, null),
(731, 'Randall', 17, null),
(732, 'Rich', 28, null),
(733, 'Richmond', 24, 744),
(734, 'Romeo', 22, null),
(735, 'Russel', 20, 855),
(736, 'Rutherford', 32, null),
(737, 'Shade', 23, 4),
(738, 'Shelby', 26, null),
(739, 'Solon', 22, null),
(740, 'Thurman', 22, 802),
(741, 'Tilden', 18, null),
(742, 'Troy', 23, 250),
(743, 'Woodson', 18, null),
(744, 'Worth', 19, 317),
(745, 'Aden', 28, 908),
(746, 'Alcide', 29, null),
(747, 'Alf', 23, 388),
(748, 'Algie', 23, 82),
(749, 'Arlie', 15, null),
(750, 'Bart', 19, 631),
(751, 'Bedford', 28, null),
(752, 'Benito', 29, null),
(753, 'Billy', 13, null),
(754, 'Bird', 17, null),
(755, 'Birt', 30, null),
(756, 'Bruno', 17, 253),
(757, 'Burley', 31, 355),
(758, 'Chancy', 22, 830),
(759, 'Claus', 15, null),
(760, 'Cliff', 16, null),
(761, 'Clovis', 30, null),
(762, 'Connie', 32, null),
(763, 'Creed', 22, null),
(764, 'Delos', 16, null),
(765, 'Duke', 17, null),
(766, 'Eber', 18, 839),
(767, 'Eligah', 19, 638),
(768, 'Elliot', 16, 916),
(769, 'Elton', 18, null),
(770, 'Emmitt', 34, null),
(771, 'Gene', 18, null),
(772, 'Golden', 28, 948),
(773, 'Hal', 11, 173),
(774, 'Hardin', 26, null),
(775, 'Harman', 18, 192),
(776, 'Hervey', 22, null),
(777, 'Hollis', 26, 686),
(778, 'Ivey', 34, null),
(779, 'Jennie', 23, 519),
(780, 'Len', 13, 32),
(781, 'Lindsay', 21, null),
(782, 'Lonie', 29, 274),
(783, 'Lyle', 28, 81),
(784, 'Mac', 25, null),
(785, 'Mal', 24, null),
(786, 'Math', 30, null),
(787, 'Miller', 26, 434),
(788, 'Orson', 16, null),
(789, 'Osborne', 25, null),
(790, 'Percival', 28, null),
(791, 'Pleas', 23, null),
(792, 'Ples', 29, null),
(793, 'Rafael', 18, 108),
(794, 'Raoul', 21, null),
(795, 'Roderick', 32, 825),
(796, 'Rose', 26, null),
(797, 'Shelton', 26, 617),
(798, 'Sid', 18, 956),
(799, 'Theron', 23, null),
(800, 'Tobias', 14, 502),
(801, 'Toney', 23, null),
(802, 'Tyler', 27, null),
(803, 'Vance', 15, 474),
(804, 'Vivian', 35, 579),
(805, 'Walton', 24, null),
(806, 'Watt', 34, null),
(807, 'Weaver', 24, null),
(808, 'Wilton', 18, 938),
(809, 'Adolf', 16, 636),
(810, 'Albin', 30, 415),
(811, 'Albion', 22, 495),
(812, 'Allison', 26, null),
(813, 'Alpha', 19, 768),
(814, 'Alpheus', 20, null),
(815, 'Anastacio', 26, 54),
(816, 'Andre', 30, null),
(817, 'Annie', 20, null),
(818, 'Arlington', 23, null),
(819, 'Armand', 25, null),
(820, 'Asberry', 20, null),
(821, 'Asbury', 22, null),
(822, 'Asher', 21, 299),
(823, 'Augustin', 20, 319),
(824, 'Auther', 36, null),
(825, 'Author', 16, 140),
(826, 'Ballard', 33, null),
(827, 'Blas', 20, 149),
(828, 'Caesar', 40, null),
(829, 'Candido', 29, null),
(830, 'Cato', 22, null),
(831, 'Clarke', 22, 225),
(832, 'Clemente', 19, null),
(833, 'Colin', 23, null),
(834, 'Commodore', 22, null),
(835, 'Cora', 17, null),
(836, 'Coy', 14, null),
(837, 'Cruz', 20, null),
(838, 'Curt', 23, null),
(839, 'Damon', 12, 186),
(840, 'Davie', 22, null),
(841, 'Delmar', 23, 554),
(842, 'Dexter', 18, null),
(843, 'Dora', 22, 87),
(844, 'Doss', 27, null),
(845, 'Drew', 26, null),
(846, 'Edson', 30, null),
(847, 'Elam', 24, null),
(848, 'Elihu', 26, 983),
(849, 'Eliza', 12, 275),
(850, 'Elsie', 23, null),
(851, 'Erie', 34, null),
(852, 'Ernie', 23, 832),
(853, 'Ethel', 23, null),
(854, 'Ferd', 35, 632),
(855, 'Friend', 15, null),
(856, 'Garry', 28, 862),
(857, 'Gary', 27, null),
(858, 'Grace', 24, null),
(859, 'Gustaf', 29, null),
(860, 'Hallie', 27, null),
(861, 'Hampton', 34, null),
(862, 'Harrie', 25, null),
(863, 'Hattie', 26, null),
(864, 'Hence', 26, null),
(865, 'Hillard', 17, 321),
(866, 'Hollie', 23, null),
(867, 'Holmes', 15, null),
(868, 'Hope', 31, null),
(869, 'Hyman', 20, null),
(870, 'Ishmael', 29, 287),
(871, 'Jarrett', 28, null),
(872, 'Jessee', 24, null),
(873, 'Joeseph', 14, null),
(874, 'Junious', 32, 716),
(875, 'Kirk', 24, 421),
(876, 'Levy', 38, 468),
(877, 'Mervin', 27, 328),
(878, 'Michel', 25, 848),
(879, 'Milford', 24, 938),
(880, 'Mitchel', 20, null),
(881, 'Nellie', 31, null),
(882, 'Noble', 21, 383),
(883, 'Obed', 17, 532),
(884, 'Oda', 27, null),
(885, 'Orren', 26, null),
(886, 'Ottis', 30, 705),
(887, 'Rafe', 23, 659),
(888, 'Redden', 18, null),
(889, 'Reese', 25, null),
(890, 'Rube', 15, 354),
(891, 'Ruby', 27, null),
(892, 'Rupert', 13, 226),
(893, 'Salomon', 20, 201),
(894, 'Sammie', 27, 329),
(895, 'Sanders', 18, null),
(896, 'Soloman', 12, 65),
(897, 'Stacy', 25, null),
(898, 'Stanford', 32, 39),
(899, 'Stanton', 29, null),
(900, 'Thad', 29, 451),
(901, 'Titus', 21, 526),
(902, 'Tracy', 32, null),
(903, 'Vernie', 19, 628),
(904, 'Wendell', 16, null),
(905, 'Wilhelm', 28, null),
(906, 'Willian', 21, 972),
(907, 'Yee', 19, null),
(908, 'Zeke', 15, 481),
(909, 'Ab', 25, null),
(910, 'Abbott', 28, null),
(911, 'Agustus', 28, null),
(912, 'Albertus', 30, null),
(913, 'Almer', 23, null),
(914, 'Alphonso', 23, null),
(915, 'Alvia', 24, 785),
(916, 'Artie', 24, 614),
(917, 'Arvid', 23, null),
(918, 'Ashby', 25, 489),
(919, 'Augusta', 22, 439),
(920, 'Aurthur', 19, 749),
(921, 'Babe', 22, null),
(922, 'Baldwin', 13, null),
(923, 'Barnett', 36, null),
(924, 'Bartholomew', 35, 740),
(925, 'Barton', 28, 42),
(926, 'Bernie', 28, null),
(927, 'Blaine', 26, 627),
(928, 'Boston', 27, 194),
(929, 'Brad', 21, null),
(930, 'Bradford', 22, null),
(931, 'Bradley', 24, null),
(932, 'Brooks', 36, 756),
(933, 'Buck', 30, 438),
(934, 'Budd', 29, 316),
(935, 'Ceylon', 18, null),
(936, 'Chalmers', 31, null),
(937, 'Chesley', 18, null),
(938, 'Chin', 21, null),
(939, 'Cleo', 21, null),
(940, 'Crockett', 26, null),
(941, 'Cyril', 16, 928),
(942, 'Daisy', 21, 583),
(943, 'Denver', 36, 418),
(944, 'Dow', 28, null),
(945, 'Duff', 25, null),
(946, 'Edie', 23, 685),
(947, 'Edith', 15, 359),
(948, 'Elick', 26, null),
(949, 'Elie', 31, 111),
(950, 'Eliga', 18, null),
(951, 'Eliseo', 22, null),
(952, 'Elroy', 28, null),
(953, 'Ely', 11, 274),
(954, 'Ennis', 25, null),
(955, 'Enrique', 19, 617),
(956, 'Erasmus', 36, null),
(957, 'Esau', 26, null),
(958, 'Everette', 33, null),
(959, 'Firman', 18, null),
(960, 'Fleming', 23, 328),
(961, 'Flora', 21, null),
(962, 'Gardner', 27, 614),
(963, 'Gee', 28, null),
(964, 'Gorge', 21, 918),
(965, 'Gottlieb', 28, null),
(966, 'Gregorio', 37, 686),
(967, 'Gregory', 37, null),
(968, 'Gustavus', 21, 652),
(969, 'Halsey', 24, null),
(970, 'Handy', 20, 917),
(971, 'Hardie', 17, 74),
(972, 'Harl', 25, null),
(973, 'Hayden', 13, 632),
(974, 'Hays', 29, 291),
(975, 'Hermon', 23, 198),
(976, 'Hershel', 13, null),
(977, 'Holly', 20, 594),
(978, 'Hosteen', 40, 3),
(979, 'Hoyt', 25, 203),
(980, 'Hudson', 21, 282),
(981, 'Huey', 32, null),
(982, 'Humphrey', 28, 843),
(983, 'Hunt', 21, 853),
(984, 'Hyrum', 22, 982),
(985, 'Irven', 19, 257),
(986, 'Isam', 29, 722),
(987, 'Ivy', 19, 881),
(988, 'Jabez', 29, 232),
(989, 'Jewel', 32, null),
(990, 'Jodie', 30, null),
(991, 'Judd', 28, 248),
(992, 'Julious', 17, null),
(993, 'Justice', 20, null),
(994, 'Katherine', 27, null),
(995, 'Kelly', 24, null),
(996, 'Kit', 25, null),
(997, 'Knute', 28, null),
(998, 'Lavern', 24, null),
(999, 'Lawyer', 16, null);



INSERT INTO hobbies (id, "name") VALUES
(0, 'Tennis'),
(1, 'Chess'),
(2, 'Painting'),
(3, 'Soccer'),
(4, 'Reading'),
(5, 'Cycling'),
(6, 'Running'),
(7, 'Skiing'),
(8, 'Hiking'),
(9, 'Basketball'),
(10, 'Dungeons and Dragons'),
(11, 'Knitting'),
(12, 'Crocheting'),
(13, 'Camping'),
(14, 'Bars'),
(15, 'Fishing');



INSERT INTO user_hobbies ("user", hobby) VALUES
(1, 12),
(1, 15),
(1, 9),
(1, 7),
(1, 11),
(1, 0),
(1, 15),
(1, 13),
(2, 15),
(2, 13),
(3, 7),
(4, 1),
(4, 12),
(4, 4),
(4, 10),
(6, 11),
(7, 5),
(7, 12),
(7, 8),
(7, 1),
(8, 11),
(8, 1),
(8, 4),
(8, 5),
(8, 5),
(8, 6),
(8, 14),
(8, 2),
(10, 0),
(10, 12),
(11, 14),
(11, 7),
(14, 8),
(14, 7),
(14, 8),
(14, 3),
(14, 4),
(14, 12),
(14, 5),
(16, 6),
(16, 1),
(16, 6),
(16, 9),
(16, 12),
(16, 11),
(17, 6),
(17, 11),
(17, 4),
(17, 13),
(18, 1),
(18, 3),
(18, 9),
(18, 8),
(18, 3),
(18, 2),
(18, 2),
(18, 9),
(19, 11),
(19, 5),
(19, 10),
(20, 14),
(20, 13),
(20, 6),
(20, 8),
(21, 2),
(21, 13),
(21, 8),
(21, 7),
(21, 4),
(21, 11),
(21, 5),
(23, 1),
(23, 7),
(23, 12),
(23, 7),
(23, 7),
(23, 2),
(23, 6),
(23, 0),
(24, 7),
(25, 0),
(26, 14),
(26, 1),
(26, 10),
(26, 4),
(26, 4),
(26, 14),
(27, 3),
(28, 14),
(29, 14),
(30, 0),
(30, 9),
(30, 6),
(32, 0),
(33, 13),
(33, 11),
(33, 10),
(35, 6),
(35, 12),
(35, 6),
(35, 9),
(35, 4),
(36, 12),
(36, 13),
(36, 0),
(37, 4),
(37, 9),
(37, 5),
(38, 12),
(38, 12),
(38, 4),
(38, 0),
(38, 4),
(38, 11),
(38, 15),
(38, 1),
(39, 5),
(39, 6),
(40, 3),
(40, 0),
(40, 12),
(41, 3),
(41, 1),
(41, 2),
(41, 7),
(41, 0),
(41, 15),
(43, 5),
(43, 2),
(43, 6),
(43, 8),
(46, 11),
(47, 10),
(47, 14),
(47, 7),
(48, 6),
(48, 2),
(48, 1),
(49, 14),
(49, 11),
(49, 7),
(49, 11),
(49, 4),
(49, 10),
(49, 6),
(49, 14),
(51, 9),
(52, 9),
(52, 8),
(52, 4),
(52, 11),
(52, 1),
(52, 14),
(52, 1),
(52, 2),
(53, 0),
(54, 13),
(54, 13),
(54, 2),
(54, 5),
(55, 0),
(59, 8),
(59, 9),
(59, 6),
(59, 0),
(59, 0),
(59, 14),
(59, 4),
(59, 14),
(60, 12),
(60, 14),
(61, 4),
(61, 13),
(61, 13),
(61, 10),
(61, 12),
(61, 3),
(61, 12),
(61, 12),
(62, 9),
(62, 8),
(63, 1),
(63, 9),
(63, 13),
(63, 5),
(63, 9),
(63, 8),
(63, 3),
(63, 5),
(64, 12),
(64, 13),
(65, 5),
(65, 12),
(65, 5),
(65, 5),
(65, 10),
(65, 9),
(66, 15),
(66, 13),
(68, 3),
(70, 12),
(70, 14),
(70, 7),
(70, 15),
(70, 13),
(70, 6),
(70, 8),
(70, 8),
(72, 2),
(72, 7),
(72, 14),
(72, 14),
(72, 9),
(72, 6),
(72, 12),
(72, 6),
(73, 2),
(74, 13),
(76, 7),
(77, 5),
(77, 2),
(78, 9),
(78, 10),
(81, 8),
(81, 1),
(81, 3),
(81, 7),
(82, 4),
(82, 9),
(82, 8),
(84, 7),
(84, 10),
(84, 5),
(84, 4),
(87, 1),
(87, 8),
(87, 12),
(87, 12),
(87, 9),
(87, 5),
(87, 10),
(87, 10),
(88, 2),
(88, 4),
(88, 0),
(88, 14),
(88, 12),
(88, 11),
(88, 4),
(88, 14),
(89, 10),
(89, 12),
(89, 10),
(89, 9),
(89, 3),
(89, 6),
(89, 14),
(89, 4),
(90, 8),
(90, 0),
(90, 12),
(90, 8),
(90, 0),
(91, 13),
(91, 6),
(92, 12),
(92, 10),
(92, 11),
(92, 5),
(92, 15),
(92, 8),
(93, 0),
(93, 12),
(93, 0),
(93, 1),
(93, 11),
(93, 10),
(93, 13),
(93, 12),
(96, 4),
(97, 7),
(98, 15),
(99, 7),
(99, 0),
(99, 12),
(99, 11),
(99, 1),
(99, 5),
(100, 6),
(100, 11),
(100, 11),
(100, 2),
(100, 3),
(100, 0),
(100, 6),
(103, 8),
(103, 7),
(103, 10),
(103, 11),
(104, 12),
(104, 0),
(104, 11),
(105, 12),
(106, 12),
(106, 3),
(106, 4),
(108, 11),
(108, 12),
(108, 9),
(109, 4),
(109, 6),
(109, 3),
(110, 2),
(110, 5),
(110, 13),
(110, 14),
(110, 3),
(110, 1),
(110, 10),
(111, 12),
(111, 6),
(111, 0),
(111, 13),
(111, 15),
(111, 12),
(112, 8),
(113, 4),
(113, 15),
(113, 6),
(114, 1),
(114, 8),
(114, 5),
(114, 0),
(116, 9),
(116, 4),
(116, 12),
(116, 15),
(116, 1),
(116, 9),
(116, 1),
(116, 2),
(117, 1),
(117, 2),
(117, 7),
(118, 9),
(118, 5),
(120, 11),
(120, 10),
(120, 14),
(122, 8),
(122, 11),
(122, 15),
(122, 8),
(122, 3),
(122, 1),
(123, 12),
(123, 12),
(124, 15),
(125, 4),
(126, 7),
(126, 7),
(128, 0),
(128, 7),
(128, 11),
(128, 0),
(129, 13),
(129, 6),
(129, 0),
(130, 0),
(132, 0),
(134, 4),
(134, 0),
(134, 14),
(134, 12),
(134, 13),
(134, 11),
(134, 2),
(134, 4),
(135, 0),
(135, 5),
(135, 2),
(137, 9),
(138, 10),
(138, 11),
(138, 13),
(139, 15),
(140, 4),
(140, 4),
(140, 14),
(141, 12),
(142, 14),
(142, 0),
(142, 11),
(143, 8),
(143, 10),
(143, 15),
(143, 8),
(143, 5),
(144, 14),
(144, 12),
(144, 2),
(144, 3),
(145, 8),
(147, 3),
(147, 3),
(147, 7),
(149, 9),
(149, 7),
(150, 0),
(150, 13),
(150, 7),
(151, 6),
(151, 4),
(154, 2),
(154, 3),
(154, 13),
(154, 8),
(154, 5),
(154, 3),
(154, 15),
(155, 4),
(156, 8),
(156, 0),
(156, 10),
(156, 7),
(156, 6),
(157, 14),
(157, 4),
(157, 9),
(157, 3),
(157, 1),
(157, 11),
(158, 9),
(158, 0),
(159, 14),
(159, 3),
(159, 11),
(160, 6),
(161, 10),
(161, 3),
(161, 3),
(161, 8),
(162, 14),
(162, 1),
(162, 6),
(162, 13),
(162, 8),
(162, 5),
(162, 6),
(164, 5),
(165, 15),
(165, 5),
(165, 5),
(165, 2),
(166, 9),
(166, 3),
(166, 9),
(167, 12),
(167, 13),
(168, 8),
(168, 9),
(168, 3),
(170, 2),
(170, 11),
(171, 0),
(171, 6),
(171, 11),
(171, 12),
(171, 15),
(171, 11),
(171, 12),
(171, 8),
(172, 13),
(172, 15),
(173, 12),
(173, 2),
(173, 4),
(173, 1),
(173, 3),
(173, 15),
(173, 7),
(173, 15),
(174, 15),
(175, 12),
(175, 3),
(176, 5),
(177, 10),
(179, 4),
(180, 4),
(180, 14),
(180, 14),
(180, 9),
(180, 10),
(180, 1),
(180, 8),
(180, 12),
(181, 9),
(181, 9),
(181, 0),
(184, 9),
(184, 9),
(184, 1),
(184, 1),
(185, 8),
(185, 13),
(185, 12),
(186, 9),
(186, 7),
(187, 10),
(187, 5),
(187, 8),
(187, 9),
(187, 0),
(187, 1),
(188, 2),
(188, 7),
(189, 10),
(189, 3),
(189, 1),
(189, 4),
(189, 6),
(189, 13),
(189, 11),
(190, 6),
(190, 0),
(190, 5),
(190, 0),
(190, 11),
(190, 6),
(190, 7),
(190, 8),
(192, 7),
(192, 3),
(192, 0),
(192, 9),
(193, 0),
(193, 6),
(194, 0),
(194, 14),
(194, 8),
(194, 8),
(196, 6),
(197, 1),
(197, 9),
(197, 15),
(198, 14),
(198, 10),
(198, 3),
(198, 6),
(198, 7),
(199, 9),
(199, 15),
(199, 5),
(199, 4),
(199, 3),
(199, 1),
(199, 7),
(199, 6),
(200, 3),
(200, 5),
(201, 6),
(201, 0),
(201, 6),
(201, 15),
(201, 11),
(202, 0),
(202, 0),
(202, 4),
(203, 8),
(203, 15),
(203, 8),
(203, 13),
(204, 0),
(204, 2),
(205, 7),
(205, 11),
(205, 10),
(205, 11),
(205, 6),
(205, 9),
(205, 1),
(205, 2),
(206, 5),
(206, 12),
(206, 8),
(206, 8),
(206, 10),
(206, 1),
(206, 3),
(206, 4),
(207, 3),
(207, 14),
(207, 15),
(207, 0),
(207, 3),
(207, 15),
(207, 1),
(207, 6),
(208, 5),
(208, 15),
(208, 1),
(208, 7),
(208, 3),
(208, 14),
(209, 11),
(211, 8),
(211, 8),
(212, 3),
(214, 4),
(214, 11),
(214, 8),
(214, 2),
(214, 11),
(215, 7),
(215, 1),
(215, 1),
(215, 7),
(216, 8),
(216, 3),
(216, 7),
(216, 1),
(216, 0),
(216, 8),
(216, 3),
(216, 7),
(217, 5),
(220, 0),
(220, 2),
(222, 12),
(222, 3),
(222, 14),
(222, 3),
(222, 7),
(222, 9),
(222, 2),
(222, 11),
(223, 13),
(223, 9),
(223, 10),
(224, 10),
(224, 3),
(224, 0),
(225, 13),
(225, 8),
(226, 15),
(226, 0),
(229, 4),
(230, 5),
(230, 6),
(230, 13),
(230, 7),
(230, 14),
(230, 3),
(230, 6),
(230, 6),
(232, 8),
(232, 10),
(232, 8),
(232, 6),
(232, 7),
(232, 14),
(232, 15),
(232, 5),
(233, 3),
(233, 1),
(233, 14),
(233, 6),
(233, 12),
(233, 10),
(233, 0),
(233, 3),
(234, 11),
(234, 14),
(234, 1),
(234, 11),
(234, 7),
(234, 8),
(234, 10),
(234, 6),
(235, 5),
(236, 4),
(237, 2),
(238, 13),
(239, 3),
(239, 11),
(239, 6),
(239, 6),
(239, 2),
(239, 7),
(239, 12),
(240, 5),
(240, 8),
(240, 1),
(240, 0),
(240, 1),
(241, 7),
(241, 9),
(241, 1),
(241, 12),
(241, 5),
(242, 10),
(242, 2),
(242, 6),
(242, 8),
(242, 2),
(242, 8),
(242, 10),
(242, 5),
(243, 3),
(243, 10),
(243, 6),
(243, 5),
(243, 12),
(243, 5),
(243, 11),
(243, 0),
(244, 2),
(244, 3),
(244, 5),
(244, 4),
(244, 13),
(244, 12),
(244, 4),
(244, 13),
(246, 2),
(246, 5),
(246, 4),
(246, 3),
(246, 3),
(247, 6),
(248, 12),
(248, 2),
(249, 3),
(249, 0),
(249, 10),
(249, 4),
(249, 14),
(250, 10),
(250, 15),
(250, 12),
(250, 8),
(250, 1),
(250, 13),
(250, 10),
(250, 7),
(251, 11),
(251, 7),
(251, 9),
(251, 1),
(251, 14),
(251, 2),
(251, 7),
(251, 12),
(252, 7),
(252, 1),
(252, 13),
(252, 14),
(252, 4),
(253, 8),
(253, 6),
(253, 4),
(253, 8),
(253, 7),
(253, 12),
(253, 12),
(254, 0),
(254, 3),
(254, 14),
(254, 1),
(254, 6),
(254, 13),
(254, 6),
(254, 2),
(255, 15),
(255, 7),
(255, 8),
(255, 6),
(256, 11),
(256, 7),
(256, 14),
(257, 15),
(257, 5),
(257, 3),
(257, 10),
(257, 8),
(257, 12),
(257, 6),
(257, 4),
(258, 6),
(258, 11),
(258, 0),
(258, 2),
(258, 15),
(258, 3),
(258, 1),
(258, 1),
(259, 9),
(261, 0),
(261, 8),
(261, 15),
(261, 9),
(261, 7),
(261, 13),
(261, 4),
(261, 6),
(263, 6),
(263, 12),
(265, 8),
(265, 7),
(266, 10),
(266, 15),
(266, 3),
(266, 11),
(266, 3),
(267, 10),
(267, 2),
(267, 14),
(267, 11),
(267, 14),
(267, 9),
(268, 9),
(268, 6),
(268, 1),
(269, 12),
(269, 10),
(269, 7),
(269, 5),
(269, 0),
(269, 7),
(270, 15),
(270, 8),
(270, 11),
(270, 2),
(270, 4),
(270, 6),
(270, 12),
(270, 1),
(271, 8),
(271, 15),
(271, 1),
(272, 3),
(272, 9),
(272, 2),
(272, 6),
(272, 8),
(272, 8),
(272, 5),
(272, 4),
(273, 7),
(273, 2),
(273, 5),
(273, 1),
(273, 15),
(273, 3),
(273, 11),
(274, 3),
(274, 14),
(274, 13),
(274, 2),
(274, 7),
(274, 12),
(274, 5),
(274, 9),
(275, 0),
(275, 1),
(275, 1),
(275, 15),
(276, 7),
(276, 13),
(277, 14),
(277, 4),
(278, 9),
(278, 3),
(278, 12),
(278, 7),
(280, 3),
(280, 12),
(281, 2),
(281, 9),
(281, 6),
(281, 1),
(281, 6),
(281, 7),
(281, 9),
(281, 8),
(282, 9),
(282, 15),
(282, 2),
(282, 7),
(282, 7),
(282, 14),
(282, 4),
(283, 3),
(283, 13),
(283, 1),
(283, 14),
(283, 13),
(283, 9),
(284, 9),
(284, 14),
(284, 1),
(284, 12),
(284, 6),
(284, 15),
(284, 5),
(284, 3),
(286, 4),
(286, 5),
(287, 4),
(288, 8),
(288, 2),
(288, 6),
(288, 14),
(289, 9),
(291, 15),
(291, 2),
(291, 10),
(291, 12),
(291, 2),
(291, 1),
(291, 4),
(291, 2),
(293, 10),
(293, 6),
(293, 7),
(293, 15),
(293, 15),
(294, 1),
(294, 2),
(295, 10),
(295, 0),
(295, 7),
(295, 15),
(295, 12),
(296, 3),
(296, 11),
(296, 7),
(296, 0),
(296, 0),
(296, 11),
(296, 2),
(296, 0),
(297, 4),
(297, 10),
(297, 3),
(297, 2),
(297, 11),
(297, 13),
(297, 0),
(297, 8),
(298, 14),
(298, 13),
(301, 11),
(302, 5),
(302, 13),
(302, 10),
(302, 9),
(302, 4),
(302, 9),
(303, 12),
(303, 2),
(303, 15),
(303, 9),
(303, 11),
(303, 5),
(303, 15),
(303, 14),
(305, 14),
(306, 3),
(306, 4),
(306, 5),
(306, 8),
(306, 7),
(306, 8),
(306, 2),
(306, 1),
(307, 10),
(307, 1),
(308, 15),
(308, 11),
(308, 6),
(308, 15),
(308, 13),
(308, 9),
(309, 11),
(310, 13),
(310, 15),
(310, 9),
(311, 5),
(311, 11),
(311, 6),
(311, 9),
(311, 6),
(311, 13),
(311, 8),
(312, 1),
(313, 4),
(313, 3),
(314, 1),
(314, 2),
(314, 9),
(314, 10),
(314, 5),
(314, 13),
(315, 10),
(315, 6),
(315, 10),
(315, 1),
(315, 15),
(315, 9),
(315, 6),
(315, 0),
(316, 7),
(316, 14),
(317, 5),
(317, 4),
(317, 15),
(317, 1),
(317, 13),
(319, 1),
(322, 13),
(322, 6),
(322, 10),
(322, 9),
(322, 15),
(322, 13),
(322, 7),
(323, 12),
(323, 6),
(323, 7),
(323, 3),
(323, 12),
(324, 11),
(325, 3),
(325, 0),
(325, 12),
(325, 1),
(326, 4),
(326, 13),
(326, 6),
(326, 15),
(326, 9),
(326, 10),
(326, 3),
(326, 15),
(329, 13),
(329, 8),
(329, 5),
(330, 11),
(330, 14),
(330, 7),
(330, 1),
(330, 14),
(330, 3),
(330, 1),
(330, 0),
(331, 15),
(331, 2),
(331, 11),
(331, 13),
(331, 0),
(331, 9),
(331, 10),
(332, 7),
(332, 9),
(333, 10),
(334, 8),
(334, 12),
(334, 3),
(334, 10),
(334, 9),
(335, 6),
(335, 14),
(335, 10),
(336, 10),
(336, 5),
(336, 3),
(336, 0),
(336, 3),
(336, 13),
(336, 7),
(336, 1),
(337, 8),
(337, 3),
(339, 15),
(339, 6),
(339, 4),
(339, 4),
(340, 7),
(340, 9),
(341, 14),
(342, 12),
(343, 6),
(343, 14),
(343, 15),
(343, 4),
(343, 12),
(343, 13),
(344, 2),
(344, 8),
(344, 7),
(345, 15),
(345, 8),
(346, 15),
(346, 8),
(346, 10),
(348, 15),
(348, 3),
(348, 7),
(348, 4),
(348, 15),
(348, 12),
(349, 6),
(349, 2),
(350, 6),
(350, 13),
(351, 4),
(351, 14),
(351, 3),
(351, 11),
(351, 11),
(351, 8),
(351, 2),
(351, 8),
(353, 14),
(353, 6),
(354, 5),
(354, 12),
(354, 7),
(354, 9),
(354, 13),
(354, 3),
(354, 9),
(354, 1),
(355, 2),
(355, 9),
(357, 12),
(357, 2),
(357, 10),
(357, 7),
(357, 5),
(359, 6),
(360, 6),
(360, 10),
(360, 14),
(360, 10),
(362, 3),
(362, 4),
(363, 0),
(363, 12),
(363, 2),
(364, 8),
(365, 13),
(366, 9),
(366, 10),
(366, 3),
(368, 1),
(368, 6),
(368, 6),
(368, 8),
(369, 5),
(372, 11),
(372, 3),
(372, 3),
(372, 4),
(372, 14),
(372, 7),
(372, 6),
(372, 10),
(374, 6),
(374, 6),
(374, 5),
(374, 3),
(374, 13),
(374, 10),
(374, 5),
(374, 0),
(376, 1),
(376, 15),
(376, 13),
(377, 15),
(377, 13),
(377, 1),
(377, 8),
(377, 7),
(377, 2),
(377, 15),
(377, 9),
(380, 13),
(380, 10),
(380, 2),
(381, 11),
(381, 4),
(381, 3),
(381, 6),
(381, 10),
(382, 12),
(382, 0),
(382, 15),
(382, 4),
(384, 4),
(385, 7),
(385, 10),
(385, 12),
(385, 14),
(385, 14),
(385, 10),
(386, 11),
(386, 8),
(387, 12),
(387, 7),
(389, 4),
(389, 10),
(389, 12),
(389, 0),
(389, 0),
(390, 14),
(390, 5),
(390, 0),
(390, 6),
(390, 15),
(390, 13),
(390, 12),
(391, 2),
(391, 13),
(391, 5),
(391, 13),
(392, 12),
(393, 3),
(393, 0),
(393, 13),
(393, 14),
(393, 8),
(394, 7),
(394, 4),
(394, 15),
(395, 5),
(396, 11),
(396, 11),
(397, 11),
(397, 8),
(397, 1),
(397, 5),
(397, 12),
(397, 3),
(398, 2),
(398, 15),
(398, 12),
(398, 10),
(398, 9),
(398, 0),
(398, 3),
(398, 10),
(399, 14),
(399, 14),
(399, 14),
(399, 3),
(399, 15),
(399, 10),
(399, 4),
(399, 10),
(400, 13),
(400, 9),
(400, 3),
(400, 8),
(400, 2),
(401, 7),
(401, 6),
(401, 1),
(401, 14),
(401, 1),
(401, 12),
(401, 7),
(401, 6),
(402, 3),
(404, 9),
(404, 9),
(404, 0),
(405, 15),
(405, 12),
(407, 6),
(407, 10),
(407, 15),
(407, 14),
(408, 0),
(408, 8),
(408, 0),
(408, 13),
(408, 3),
(408, 3),
(408, 4),
(408, 14),
(410, 14),
(410, 1),
(411, 7),
(411, 0),
(412, 0),
(412, 12),
(412, 3),
(412, 0),
(412, 7),
(412, 4),
(412, 9),
(412, 6),
(413, 2),
(413, 6),
(413, 10),
(413, 15),
(413, 0),
(413, 8),
(413, 7),
(413, 0),
(414, 12),
(414, 12),
(414, 11),
(414, 7),
(414, 10),
(414, 14),
(414, 12),
(414, 0),
(415, 9),
(415, 1),
(416, 5),
(416, 7),
(417, 10),
(417, 1),
(417, 7),
(419, 5),
(419, 0),
(420, 11),
(420, 10),
(420, 1),
(420, 12),
(420, 6),
(421, 10),
(421, 6),
(421, 13),
(421, 14),
(421, 8),
(421, 4),
(421, 2),
(421, 10),
(422, 6),
(422, 3),
(422, 3),
(423, 8),
(423, 9),
(426, 5),
(427, 7),
(427, 7),
(427, 0),
(427, 15),
(430, 2),
(430, 6),
(430, 12),
(430, 0),
(430, 13),
(430, 0),
(430, 13),
(430, 10),
(431, 13),
(431, 11),
(431, 1),
(431, 5),
(431, 4),
(431, 12),
(431, 1),
(431, 10),
(432, 12),
(432, 10),
(432, 10),
(432, 7),
(432, 5),
(433, 5),
(433, 8),
(433, 8),
(434, 10),
(434, 1),
(434, 5),
(434, 9),
(434, 7),
(434, 5),
(434, 12),
(434, 10),
(435, 3),
(435, 5),
(435, 14),
(437, 13),
(437, 10),
(437, 7),
(437, 6),
(437, 9),
(437, 6),
(437, 2),
(437, 13),
(438, 15),
(439, 14),
(439, 3),
(439, 1),
(440, 2),
(440, 1),
(440, 1),
(440, 5),
(440, 8),
(440, 13),
(440, 13),
(440, 3),
(441, 0),
(441, 7),
(441, 10),
(441, 2),
(441, 8),
(441, 11),
(441, 10),
(441, 2),
(442, 13),
(442, 12),
(442, 7),
(442, 9),
(442, 7),
(446, 7),
(446, 13),
(446, 1),
(446, 7),
(446, 9),
(446, 6),
(447, 3),
(448, 3),
(449, 11),
(450, 12),
(451, 5),
(451, 2),
(451, 13),
(451, 2),
(453, 3),
(454, 13),
(454, 6),
(454, 13),
(454, 7),
(454, 4),
(454, 11),
(454, 15),
(455, 2),
(455, 9),
(455, 9),
(455, 7),
(455, 10),
(455, 7),
(455, 10),
(455, 1),
(456, 7),
(456, 10),
(456, 7),
(457, 6),
(457, 15),
(457, 8),
(458, 2),
(458, 7),
(458, 9),
(459, 8),
(459, 11),
(459, 15),
(460, 3),
(461, 0),
(461, 1),
(462, 12),
(463, 1),
(464, 3),
(465, 7),
(466, 14),
(466, 15),
(466, 1),
(466, 10),
(466, 6),
(467, 6),
(467, 14),
(467, 10),
(467, 1),
(467, 14),
(467, 8),
(467, 0),
(467, 9),
(468, 7),
(470, 2),
(470, 7),
(470, 14),
(470, 2),
(470, 0),
(470, 6),
(471, 1),
(472, 4),
(472, 8),
(472, 13),
(472, 11),
(472, 2),
(472, 15),
(472, 10),
(472, 14),
(474, 14),
(474, 10),
(474, 12),
(474, 2),
(474, 9),
(474, 3),
(474, 2),
(474, 2),
(475, 15),
(475, 9),
(475, 14),
(476, 6),
(476, 5),
(476, 11),
(477, 3),
(477, 14),
(478, 14),
(478, 2),
(478, 4),
(478, 7),
(478, 9),
(478, 15),
(479, 12),
(480, 5),
(480, 5),
(480, 2),
(480, 2),
(481, 4),
(481, 10),
(481, 11),
(482, 2),
(482, 11),
(482, 14),
(482, 10),
(482, 15),
(483, 9),
(483, 15),
(483, 7),
(484, 2),
(484, 15),
(486, 0),
(486, 2),
(486, 12),
(486, 10),
(486, 4),
(486, 5),
(486, 15),
(486, 5),
(487, 7),
(487, 8),
(488, 10),
(488, 14),
(488, 7),
(488, 14),
(489, 8),
(491, 1),
(491, 15),
(491, 9),
(491, 12),
(491, 5),
(491, 9),
(491, 13),
(491, 11),
(492, 14),
(492, 15),
(492, 14),
(492, 0),
(493, 15),
(493, 0),
(495, 10),
(496, 11),
(496, 6),
(496, 11),
(496, 12),
(496, 14),
(496, 0),
(498, 6),
(498, 13),
(498, 15),
(498, 15),
(498, 2),
(498, 5),
(498, 2),
(498, 14),
(499, 2),
(499, 7),
(500, 10),
(500, 5),
(501, 10),
(501, 0),
(502, 4),
(502, 12),
(504, 12),
(504, 13),
(504, 5),
(504, 6),
(504, 9),
(504, 6),
(504, 8),
(504, 10),
(506, 15),
(507, 11),
(507, 5),
(507, 11),
(507, 12),
(508, 4),
(508, 9),
(508, 4),
(509, 6),
(510, 3),
(510, 11),
(511, 3),
(511, 11),
(511, 15),
(511, 15),
(511, 1),
(511, 12),
(511, 13),
(511, 6),
(512, 5),
(512, 5),
(512, 1),
(512, 2),
(512, 4),
(512, 0),
(513, 10),
(513, 7),
(513, 11),
(513, 14),
(513, 4),
(513, 4),
(513, 9),
(515, 9),
(515, 5),
(516, 1),
(518, 9),
(518, 8),
(518, 2),
(519, 8),
(519, 14),
(520, 3),
(520, 15),
(520, 6),
(520, 6),
(521, 15),
(521, 10),
(521, 1),
(521, 15),
(521, 5),
(521, 4),
(521, 8),
(521, 5),
(523, 15),
(525, 7),
(525, 3),
(526, 6),
(526, 3),
(526, 8),
(526, 1),
(526, 12),
(526, 4),
(526, 14),
(527, 0),
(527, 8),
(527, 2),
(527, 9),
(527, 13),
(528, 12),
(528, 6),
(528, 8),
(529, 14),
(529, 14),
(529, 6),
(529, 2),
(529, 5),
(530, 3),
(530, 5),
(530, 0),
(530, 9),
(530, 11),
(530, 15),
(530, 13),
(530, 0),
(535, 15),
(535, 3),
(535, 15),
(535, 1),
(535, 14),
(535, 6),
(535, 0),
(535, 2),
(536, 5),
(536, 10),
(536, 9),
(536, 10),
(536, 6),
(536, 11),
(536, 0),
(536, 14),
(537, 14),
(537, 10),
(537, 6),
(538, 5),
(539, 8),
(539, 11),
(540, 3),
(540, 6),
(540, 2),
(540, 2),
(540, 13),
(541, 14),
(541, 13),
(541, 11),
(541, 1),
(541, 4),
(541, 14),
(541, 15),
(542, 12),
(542, 9),
(542, 14),
(543, 10),
(543, 15),
(543, 9),
(543, 1),
(544, 5),
(545, 12),
(546, 11),
(546, 10),
(546, 11),
(546, 3),
(546, 9),
(546, 15),
(546, 4),
(546, 1),
(547, 12),
(547, 13),
(547, 15),
(547, 15),
(547, 5),
(547, 8),
(547, 9),
(547, 15),
(548, 7),
(548, 10),
(551, 8),
(551, 3),
(551, 3),
(551, 0),
(552, 11),
(552, 0),
(552, 1),
(552, 10),
(552, 11),
(554, 14),
(554, 5),
(554, 10),
(554, 11),
(554, 6),
(554, 3),
(555, 12),
(556, 12),
(556, 13),
(556, 12),
(556, 15),
(556, 0),
(556, 11),
(556, 2),
(557, 10),
(558, 6),
(558, 3),
(558, 2),
(559, 13),
(560, 8),
(560, 6),
(560, 13),
(560, 10),
(560, 4),
(560, 6),
(560, 8),
(560, 3),
(561, 3),
(561, 14),
(563, 10),
(563, 0),
(563, 10),
(563, 2),
(563, 2),
(563, 0),
(563, 11),
(563, 5),
(564, 1),
(564, 2),
(564, 2),
(565, 1),
(565, 7),
(566, 4),
(566, 3),
(566, 13),
(566, 12),
(566, 4),
(566, 0),
(566, 1),
(566, 10),
(567, 11),
(567, 0),
(567, 12),
(567, 6),
(568, 14),
(568, 0),
(568, 1),
(568, 0),
(568, 3),
(568, 0),
(568, 7),
(569, 0),
(569, 11),
(569, 12),
(569, 14),
(569, 9),
(569, 8),
(569, 13),
(570, 12),
(570, 4),
(570, 14),
(570, 15),
(570, 12),
(570, 13),
(570, 15),
(572, 13),
(572, 5),
(573, 11),
(573, 14),
(573, 11),
(573, 11),
(573, 8),
(573, 15),
(573, 3),
(574, 0),
(574, 4),
(578, 13),
(578, 14),
(578, 10),
(578, 0),
(578, 9),
(578, 14),
(578, 3),
(579, 0),
(579, 6),
(579, 9),
(579, 15),
(579, 14),
(581, 10),
(581, 11),
(581, 7),
(581, 2),
(581, 3),
(581, 4),
(581, 6),
(581, 13),
(582, 14),
(583, 13),
(583, 0),
(583, 0),
(583, 7),
(583, 15),
(584, 0),
(584, 15),
(584, 11),
(584, 3),
(584, 2),
(584, 12),
(584, 14),
(584, 1),
(585, 13),
(585, 9),
(585, 8),
(585, 15),
(586, 0),
(586, 13),
(586, 2),
(586, 8),
(588, 13),
(588, 0),
(588, 4),
(588, 9),
(588, 2),
(589, 7),
(589, 5),
(591, 9),
(591, 14),
(591, 1),
(592, 14),
(593, 0),
(593, 11),
(593, 0),
(594, 10),
(594, 6),
(594, 10),
(594, 10),
(594, 7),
(595, 12),
(595, 15),
(595, 7),
(595, 6),
(595, 7),
(595, 12),
(596, 5),
(596, 9),
(597, 14),
(597, 8),
(597, 5),
(597, 3),
(597, 9),
(597, 4),
(598, 12),
(598, 4),
(600, 3),
(600, 14),
(600, 5),
(600, 11),
(600, 12),
(600, 9),
(601, 1),
(601, 11),
(601, 1),
(601, 5),
(601, 2),
(602, 10),
(602, 5),
(602, 6),
(603, 10),
(603, 12),
(603, 8),
(604, 11),
(604, 11),
(604, 4),
(604, 4),
(604, 5),
(604, 6),
(604, 10),
(604, 6),
(605, 2),
(607, 0),
(607, 13),
(607, 13),
(607, 11),
(607, 9),
(607, 12),
(607, 3),
(607, 5),
(608, 0),
(608, 0),
(608, 3),
(608, 15),
(608, 11),
(608, 7),
(609, 10),
(609, 9),
(609, 10),
(609, 15),
(609, 8),
(609, 14),
(609, 15),
(610, 7),
(610, 6),
(610, 7),
(610, 7),
(610, 6),
(610, 15),
(610, 14),
(610, 3),
(611, 13),
(611, 14),
(611, 7),
(612, 7),
(616, 13),
(616, 0),
(616, 14),
(616, 10),
(617, 1),
(617, 4),
(617, 4),
(617, 3),
(617, 5),
(618, 6),
(618, 5),
(619, 15),
(619, 2),
(620, 6),
(620, 13),
(620, 15),
(620, 2),
(621, 7),
(621, 5),
(621, 8),
(621, 14),
(621, 11),
(621, 13),
(621, 5),
(621, 12),
(622, 14),
(622, 11),
(622, 1),
(622, 3),
(622, 7),
(623, 2),
(624, 6),
(624, 7),
(624, 5),
(624, 13),
(625, 0),
(625, 5),
(625, 2),
(625, 4),
(625, 0),
(625, 7),
(625, 8),
(625, 2),
(626, 10),
(626, 0),
(628, 13),
(628, 9),
(629, 13),
(629, 15),
(630, 15),
(630, 1),
(630, 8),
(632, 4),
(632, 15),
(632, 5),
(632, 5),
(632, 8),
(632, 3),
(633, 2),
(633, 10),
(633, 13),
(633, 13),
(636, 0),
(636, 2),
(636, 5),
(637, 3),
(637, 7),
(637, 9),
(638, 10),
(638, 7),
(639, 7),
(639, 3),
(639, 7),
(639, 15),
(639, 9),
(640, 12),
(640, 3),
(640, 10),
(640, 0),
(641, 5),
(641, 10),
(641, 8),
(641, 9),
(642, 0),
(642, 11),
(642, 14),
(642, 7),
(644, 10),
(644, 0),
(644, 1),
(646, 14),
(646, 3),
(646, 15),
(646, 14),
(646, 6),
(646, 14),
(646, 6),
(646, 0),
(647, 8),
(647, 13),
(647, 1),
(647, 4),
(648, 8),
(648, 1),
(648, 0),
(649, 13),
(649, 4),
(649, 12),
(649, 3),
(649, 6),
(650, 11),
(650, 8),
(650, 11),
(650, 1),
(650, 14),
(650, 12),
(650, 9),
(652, 6),
(652, 13),
(652, 7),
(653, 11),
(654, 13),
(654, 1),
(655, 15),
(655, 1),
(655, 10),
(657, 13),
(658, 12),
(658, 4),
(658, 1),
(658, 12),
(658, 4),
(658, 11),
(658, 2),
(658, 3),
(659, 1),
(659, 0),
(659, 13),
(659, 3),
(661, 5),
(661, 8),
(661, 12),
(661, 0),
(662, 2),
(662, 10),
(662, 5),
(662, 12),
(664, 3),
(664, 0),
(665, 10),
(666, 11),
(667, 8),
(667, 15),
(667, 10),
(668, 12),
(668, 8),
(669, 2),
(669, 0),
(669, 3),
(669, 13),
(669, 9),
(669, 3),
(669, 0),
(670, 12),
(671, 4),
(671, 8),
(671, 15),
(671, 15),
(671, 14),
(671, 9),
(671, 6),
(671, 2),
(672, 0),
(673, 3),
(673, 0),
(674, 1),
(674, 15),
(674, 7),
(674, 7),
(674, 0),
(674, 7),
(675, 1),
(675, 4),
(675, 12),
(675, 15),
(675, 6),
(675, 6),
(675, 5),
(675, 7),
(676, 1),
(676, 4),
(676, 11),
(676, 12),
(676, 8),
(676, 11),
(676, 13),
(676, 11),
(677, 3),
(677, 8),
(677, 14),
(678, 3),
(679, 8),
(679, 14),
(679, 12),
(680, 13),
(680, 15),
(680, 6),
(680, 1),
(681, 3),
(681, 0),
(681, 8),
(682, 1),
(682, 7),
(682, 14),
(682, 6),
(682, 6),
(682, 8),
(682, 9),
(682, 7),
(683, 10),
(683, 0),
(683, 12),
(684, 6),
(684, 10),
(684, 10),
(684, 7),
(684, 4),
(684, 13),
(684, 11),
(685, 4),
(685, 13),
(685, 10),
(685, 9),
(685, 14),
(686, 3),
(686, 9),
(686, 0),
(686, 10),
(687, 7),
(687, 1),
(687, 1),
(687, 6),
(687, 15),
(688, 5),
(689, 12),
(689, 9),
(689, 9),
(689, 12),
(689, 4),
(689, 13),
(689, 11),
(689, 5),
(690, 2),
(690, 9),
(690, 14),
(690, 12),
(690, 11),
(690, 2),
(690, 0),
(690, 12),
(691, 0),
(692, 1),
(692, 14),
(692, 7),
(693, 0),
(694, 9),
(694, 11),
(694, 5),
(694, 10),
(694, 14),
(694, 12),
(694, 10),
(695, 2),
(695, 14),
(695, 15),
(695, 4),
(696, 7),
(696, 14),
(697, 14),
(697, 9),
(697, 9),
(697, 6),
(698, 13),
(698, 4),
(699, 0),
(699, 6),
(700, 11),
(701, 7),
(702, 11),
(702, 3),
(702, 14),
(702, 3),
(702, 4),
(702, 6),
(703, 11),
(703, 15),
(704, 14),
(704, 9),
(705, 0),
(705, 12),
(706, 4),
(706, 6),
(708, 13),
(708, 1),
(709, 0),
(709, 1),
(709, 5),
(710, 6),
(710, 8),
(710, 14),
(710, 14),
(710, 4),
(710, 3),
(710, 0),
(710, 12),
(711, 12),
(711, 7),
(711, 14),
(711, 5),
(712, 12),
(712, 8),
(712, 5),
(712, 10),
(712, 13),
(712, 2),
(712, 11),
(715, 6),
(716, 4),
(716, 15),
(716, 0),
(716, 0),
(719, 2),
(720, 2),
(720, 11),
(720, 15),
(720, 8),
(720, 14),
(722, 9),
(722, 2),
(722, 4),
(722, 8),
(722, 11),
(722, 3),
(722, 13),
(723, 14),
(723, 5),
(723, 8),
(723, 5),
(723, 5),
(723, 5),
(723, 5),
(723, 12),
(724, 10),
(726, 10),
(726, 12),
(727, 11),
(727, 7),
(727, 8),
(727, 14),
(727, 8),
(727, 1),
(727, 10),
(728, 6),
(728, 13),
(728, 3),
(728, 2),
(728, 11),
(729, 9),
(729, 12),
(729, 9),
(729, 9),
(729, 12),
(729, 11),
(732, 11),
(732, 1),
(732, 8),
(732, 6),
(736, 12),
(736, 7),
(736, 4),
(736, 0),
(736, 4),
(736, 0),
(736, 3),
(736, 1),
(737, 1),
(737, 8),
(737, 13),
(737, 0),
(737, 11),
(737, 8),
(737, 8),
(737, 14),
(738, 2),
(739, 4),
(739, 2),
(739, 3),
(739, 10),
(739, 3),
(739, 1),
(739, 2),
(739, 15),
(740, 3),
(741, 11),
(741, 7),
(741, 6),
(741, 8),
(741, 8),
(742, 12),
(742, 0),
(742, 13),
(742, 3),
(742, 4),
(742, 8),
(742, 0),
(742, 15),
(743, 3),
(745, 13),
(745, 4),
(745, 11),
(745, 1),
(747, 14),
(747, 7),
(747, 13),
(747, 1),
(748, 0),
(748, 0),
(748, 8),
(748, 4),
(748, 4),
(748, 15),
(748, 0),
(749, 12),
(749, 2),
(749, 6),
(749, 3),
(749, 12),
(749, 14),
(750, 14),
(751, 0),
(751, 9),
(751, 0),
(751, 10),
(751, 13),
(751, 9),
(751, 3),
(751, 6),
(753, 1),
(754, 9),
(755, 10),
(755, 9),
(755, 13),
(755, 0),
(755, 7),
(755, 12),
(756, 5),
(757, 4),
(757, 1),
(757, 6),
(757, 5),
(757, 15),
(757, 12),
(757, 7),
(757, 5),
(758, 6),
(759, 5),
(759, 2),
(759, 2),
(759, 15),
(759, 9),
(760, 7),
(760, 10),
(760, 5),
(760, 4),
(760, 14),
(760, 13),
(760, 10),
(760, 12),
(761, 15),
(761, 7),
(761, 5),
(762, 6),
(762, 14),
(762, 13),
(763, 15),
(763, 9),
(763, 9),
(763, 1),
(763, 5),
(763, 15),
(763, 6),
(763, 13),
(765, 0),
(766, 11),
(766, 10),
(766, 15),
(766, 12),
(766, 2),
(766, 2),
(767, 10),
(767, 2),
(769, 3),
(769, 14),
(769, 5),
(769, 14),
(769, 3),
(769, 6),
(769, 4),
(769, 4),
(771, 4),
(771, 3),
(771, 11),
(771, 1),
(771, 14),
(771, 2),
(771, 6),
(771, 3),
(772, 1),
(773, 5),
(773, 0),
(773, 6),
(773, 1),
(773, 7),
(773, 1),
(773, 0),
(773, 2),
(774, 5),
(774, 7),
(774, 1),
(774, 15),
(775, 2),
(775, 12),
(775, 9),
(775, 4),
(775, 8),
(776, 2),
(776, 6),
(776, 8),
(777, 11),
(777, 4),
(777, 4),
(778, 6),
(778, 13),
(778, 0),
(778, 8),
(778, 10),
(779, 0),
(780, 12),
(780, 2),
(780, 15),
(780, 5),
(780, 6),
(780, 2),
(780, 9),
(780, 9),
(781, 15),
(781, 15),
(781, 7),
(781, 15),
(781, 4),
(783, 6),
(783, 7),
(784, 11),
(784, 0),
(784, 2),
(784, 6),
(784, 4),
(784, 3),
(784, 9),
(784, 8),
(785, 14),
(785, 2),
(785, 15),
(785, 8),
(785, 2),
(785, 5),
(785, 5),
(785, 9),
(788, 2),
(788, 0),
(789, 9),
(790, 6),
(790, 15),
(790, 0),
(790, 10),
(790, 5),
(791, 6),
(791, 10),
(792, 3),
(792, 4),
(793, 13),
(793, 11),
(793, 1),
(794, 14),
(794, 8),
(794, 13),
(794, 10),
(794, 11),
(794, 13),
(794, 12),
(794, 7),
(795, 0),
(795, 4),
(795, 2),
(795, 12),
(795, 15),
(795, 14),
(795, 15),
(795, 2),
(796, 11),
(796, 4),
(796, 14),
(796, 8),
(796, 15),
(797, 15),
(797, 8),
(797, 6),
(797, 0),
(800, 2),
(800, 15),
(800, 5),
(800, 9),
(800, 7),
(800, 3),
(800, 9),
(800, 5),
(801, 5),
(801, 10),
(801, 0),
(801, 15),
(801, 9),
(801, 8),
(801, 9),
(802, 4),
(802, 0),
(802, 5),
(802, 1),
(802, 1),
(803, 7),
(805, 7),
(805, 5),
(805, 6),
(805, 3),
(805, 2),
(806, 5),
(807, 2),
(807, 8),
(808, 3),
(808, 10),
(808, 12),
(808, 4),
(808, 0),
(809, 8),
(810, 15),
(811, 4),
(811, 10),
(811, 10),
(811, 9),
(811, 3),
(811, 9),
(811, 9),
(812, 1),
(812, 5),
(813, 2),
(814, 6),
(816, 11),
(816, 12),
(816, 11),
(816, 0),
(816, 6),
(816, 10),
(816, 4),
(816, 13),
(817, 15),
(817, 15),
(817, 12),
(817, 10),
(817, 14),
(817, 7),
(817, 15),
(818, 11),
(818, 15),
(819, 3),
(819, 1),
(819, 9),
(819, 15),
(820, 6),
(820, 14),
(820, 10),
(821, 15),
(821, 9),
(821, 11),
(821, 0),
(821, 0),
(821, 12),
(821, 1),
(821, 10),
(822, 12),
(824, 3),
(824, 2),
(824, 7),
(824, 1),
(824, 0),
(824, 15),
(824, 13),
(825, 4),
(825, 14),
(826, 10),
(826, 12),
(826, 8),
(827, 1),
(828, 10),
(830, 6),
(833, 3),
(833, 13),
(833, 8),
(833, 2),
(833, 13),
(834, 2),
(834, 12),
(834, 0),
(834, 1),
(834, 6),
(834, 4),
(834, 9),
(834, 10),
(835, 10),
(835, 11),
(835, 11),
(835, 10),
(835, 8),
(835, 11),
(835, 10),
(835, 7),
(836, 5),
(836, 4),
(836, 13),
(836, 4),
(837, 3),
(837, 13),
(837, 12),
(837, 15),
(837, 3),
(837, 4),
(837, 14),
(837, 5),
(838, 4),
(838, 10),
(838, 0),
(838, 14),
(838, 9),
(838, 2),
(838, 15),
(838, 10),
(839, 6),
(839, 2),
(839, 6),
(839, 12),
(840, 11),
(842, 1),
(844, 0),
(844, 4),
(844, 12),
(844, 9),
(844, 1),
(844, 4),
(844, 2),
(844, 12),
(845, 4),
(846, 9),
(846, 5),
(846, 12),
(847, 5),
(847, 13),
(848, 15),
(848, 10),
(848, 7),
(848, 1),
(848, 15),
(848, 8),
(848, 15),
(848, 0),
(849, 5),
(849, 6),
(849, 7),
(849, 12),
(850, 2),
(850, 13),
(850, 11),
(850, 8),
(852, 12),
(852, 9),
(852, 9),
(854, 11),
(854, 0),
(856, 5),
(856, 5),
(856, 15),
(856, 1),
(856, 9),
(856, 10),
(856, 0),
(856, 12),
(858, 11),
(858, 11),
(859, 14),
(859, 8),
(860, 10),
(860, 12),
(860, 0),
(860, 7),
(860, 10),
(860, 6),
(860, 14),
(860, 7),
(863, 2),
(863, 13),
(863, 6),
(863, 13),
(863, 5),
(863, 10),
(863, 11),
(863, 12),
(864, 14),
(864, 0),
(864, 10),
(864, 7),
(864, 7),
(865, 9),
(865, 11),
(865, 3),
(865, 1),
(865, 11),
(865, 11),
(865, 5),
(865, 7),
(866, 2),
(866, 9),
(866, 2),
(866, 1),
(866, 12),
(866, 2),
(866, 4),
(866, 6),
(867, 5),
(867, 8),
(867, 8),
(867, 15),
(868, 6),
(868, 14),
(868, 2),
(868, 2),
(868, 7),
(868, 4),
(868, 4),
(868, 6),
(869, 15),
(870, 8),
(871, 8),
(871, 10),
(871, 11),
(871, 14),
(872, 9),
(872, 9),
(872, 13),
(872, 5),
(872, 10),
(872, 1),
(872, 10),
(872, 0),
(873, 1),
(875, 2),
(875, 15),
(875, 11),
(875, 6),
(875, 13),
(875, 3),
(875, 5),
(875, 15),
(876, 1),
(877, 0),
(877, 14),
(877, 7),
(877, 10),
(877, 7),
(877, 4),
(877, 8),
(878, 12),
(878, 1),
(878, 3),
(878, 9),
(878, 12),
(878, 13),
(878, 11),
(878, 14),
(879, 7),
(880, 0),
(880, 13),
(880, 14),
(880, 0),
(880, 8),
(880, 8),
(881, 4),
(882, 7),
(883, 14),
(884, 7),
(885, 1),
(885, 7),
(885, 7),
(885, 15),
(885, 7),
(885, 8),
(885, 3),
(886, 10),
(886, 8),
(886, 5),
(886, 11),
(886, 7),
(886, 14),
(886, 3),
(886, 1),
(887, 6),
(887, 7),
(887, 1),
(887, 10),
(888, 8),
(888, 3),
(889, 8),
(889, 12),
(889, 1),
(889, 5),
(889, 9),
(889, 4),
(889, 5),
(889, 5),
(890, 0),
(891, 8),
(891, 4),
(891, 11),
(891, 7),
(891, 15),
(891, 8),
(892, 7),
(892, 3),
(893, 3),
(894, 8),
(895, 12),
(895, 0),
(897, 1),
(897, 10),
(897, 0),
(898, 5),
(898, 13),
(898, 7),
(898, 15),
(898, 11),
(899, 8),
(899, 0),
(899, 2),
(899, 0),
(899, 7),
(899, 5),
(899, 1),
(899, 15),
(900, 13),
(900, 1),
(900, 12),
(900, 14),
(900, 0),
(900, 0),
(900, 0),
(900, 9),
(901, 9),
(901, 14),
(901, 2),
(901, 8),
(901, 0),
(901, 10),
(901, 1),
(901, 11),
(903, 0),
(903, 12),
(903, 7),
(903, 9),
(903, 10),
(903, 11),
(903, 4),
(903, 11),
(905, 11),
(905, 14),
(905, 9),
(905, 6),
(905, 12),
(906, 4),
(907, 1),
(907, 7),
(907, 1),
(908, 5),
(908, 5),
(911, 15),
(911, 11),
(911, 5),
(911, 15),
(911, 12),
(911, 7),
(911, 14),
(911, 1),
(912, 1),
(912, 12),
(912, 11),
(912, 13),
(912, 15),
(913, 2),
(913, 0),
(913, 1),
(913, 12),
(913, 4),
(913, 10),
(913, 8),
(913, 0),
(915, 2),
(915, 11),
(915, 11),
(915, 5),
(915, 3),
(915, 2),
(916, 14),
(916, 6),
(917, 0),
(917, 14),
(917, 3),
(917, 4),
(917, 0),
(917, 3),
(917, 9),
(917, 4),
(918, 8),
(920, 9),
(920, 8),
(920, 7),
(920, 5),
(920, 14),
(920, 0),
(920, 12),
(920, 5),
(921, 6),
(921, 3),
(921, 0),
(921, 15),
(921, 3),
(921, 4),
(921, 2),
(921, 15),
(922, 15),
(923, 4),
(923, 9),
(924, 3),
(925, 1),
(925, 13),
(926, 4),
(927, 8),
(927, 14),
(927, 3),
(927, 15),
(927, 13),
(927, 2),
(928, 10),
(928, 10),
(928, 2),
(928, 2),
(929, 3),
(929, 14),
(929, 2),
(929, 8),
(930, 0),
(930, 3),
(930, 7),
(930, 3),
(930, 5),
(930, 5),
(930, 15),
(930, 1),
(931, 6),
(931, 4),
(932, 7),
(932, 10),
(932, 12),
(932, 11),
(932, 12),
(932, 14),
(932, 3),
(932, 13),
(933, 11),
(933, 0),
(934, 2),
(934, 0),
(934, 11),
(934, 12),
(934, 9),
(934, 15),
(934, 7),
(935, 4),
(935, 8),
(936, 8),
(936, 4),
(936, 5),
(936, 6),
(936, 4),
(937, 2),
(938, 8),
(939, 9),
(940, 14),
(940, 2),
(941, 1),
(942, 5),
(942, 5),
(942, 5),
(942, 1),
(942, 15),
(942, 0),
(944, 12),
(944, 15),
(944, 13),
(944, 11),
(944, 6),
(944, 14),
(944, 10),
(944, 3),
(945, 9),
(945, 8),
(945, 0),
(945, 1),
(945, 3),
(945, 12),
(945, 12),
(945, 2),
(947, 6),
(947, 4),
(947, 12),
(947, 1),
(947, 12),
(948, 3),
(948, 8),
(949, 1),
(949, 3),
(949, 8),
(949, 4),
(949, 5),
(949, 13),
(949, 8),
(949, 1),
(950, 9),
(950, 0),
(950, 2),
(951, 14),
(951, 9),
(951, 5),
(954, 0),
(954, 7),
(956, 8),
(956, 11),
(956, 6),
(956, 11),
(956, 15),
(956, 1),
(957, 1),
(957, 10),
(957, 1),
(957, 13),
(957, 0),
(959, 12),
(959, 0),
(959, 10),
(959, 6),
(959, 0),
(959, 0),
(959, 9),
(959, 5),
(960, 6),
(960, 12),
(960, 3),
(960, 10),
(960, 3),
(961, 13),
(961, 9),
(961, 0),
(961, 9),
(961, 4),
(961, 4),
(961, 5),
(961, 5),
(963, 13),
(963, 0),
(963, 4),
(963, 1),
(963, 2),
(963, 1),
(963, 5),
(963, 7),
(964, 0),
(964, 1),
(964, 1),
(964, 6),
(964, 14),
(965, 6),
(966, 8),
(966, 13),
(966, 9),
(966, 1),
(966, 5),
(966, 5),
(966, 14),
(966, 13),
(967, 8),
(967, 12),
(967, 12),
(967, 5),
(967, 15),
(967, 7),
(967, 9),
(967, 14),
(968, 8),
(968, 3),
(968, 9),
(968, 12),
(968, 1),
(968, 13),
(968, 11),
(968, 0),
(970, 13),
(970, 13),
(970, 3),
(970, 12),
(970, 11),
(970, 15),
(970, 7),
(971, 1),
(971, 4),
(971, 12),
(971, 7),
(971, 14),
(971, 9),
(971, 15),
(971, 12),
(972, 3),
(972, 15),
(972, 2),
(973, 10),
(973, 0),
(974, 4),
(974, 7),
(974, 0),
(974, 2),
(974, 7),
(974, 15),
(975, 12),
(975, 9),
(978, 7),
(978, 12),
(979, 14),
(979, 7),
(979, 9),
(979, 0),
(980, 4),
(980, 8),
(980, 9),
(980, 5),
(980, 11),
(981, 12),
(981, 12),
(981, 0),
(981, 8),
(981, 10),
(982, 13),
(984, 10),
(984, 5),
(984, 1),
(984, 5),
(984, 1),
(984, 4),
(986, 11),
(986, 6),
(986, 0),
(986, 14),
(986, 5),
(986, 12),
(986, 0),
(986, 7),
(987, 7),
(987, 2),
(987, 5),
(987, 3),
(987, 13),
(987, 0),
(987, 15),
(987, 9),
(989, 6),
(989, 14),
(989, 5),
(991, 11),
(991, 3),
(991, 5),
(994, 7),
(995, 15),
(995, 6),
(995, 9),
(995, 3),
(995, 2),
(996, 10),
(997, 7),
(997, 1),
(997, 4),
(997, 2),
(998, 8),
(998, 1),
(999, 0),
(999, 6),
(999, 7),
(999, 12),
(999, 12),
(0, 0),
(0, 1),
(0, 2),
(0, 3),
(0, 4),
(0, 5),
(0, 6),
(0, 7),
(0, 8),
(0, 9),
(0, 10),
(0, 11),
(0, 12),
(0, 13),
(0, 14),
(0, 15);



INSERT INTO friends ("user", friend) VALUES
(0, 120),
(0, 475),
(0, 401),
(0, 536),
(0, 598),
(0, 416),
(0, 727),
(0, 177),
(0, 854),
(0, 502),
(0, 803),
(0, 803),
(1, 599),
(1, 175),
(1, 386),
(1, 410),
(1, 682),
(1, 917),
(1, 939),
(1, 900),
(1, 854),
(1, 762),
(1, 588),
(1, 850),
(1, 653),
(1, 123),
(1, 982),
(2, 892),
(2, 948),
(2, 689),
(2, 780),
(2, 161),
(2, 709),
(2, 981),
(2, 445),
(2, 913),
(2, 452),
(2, 606),
(3, 482),
(3, 689),
(3, 27),
(3, 673),
(3, 465),
(3, 905),
(3, 23),
(3, 487),
(3, 412),
(3, 8),
(4, 821),
(4, 487),
(4, 812),
(4, 386),
(4, 205),
(4, 37),
(4, 466),
(4, 643),
(4, 199),
(4, 732),
(5, 312),
(5, 317),
(5, 458),
(5, 272),
(5, 292),
(5, 148),
(5, 194),
(5, 274),
(5, 274),
(5, 147),
(5, 669),
(6, 578),
(6, 985),
(6, 807),
(6, 660),
(6, 290),
(6, 242),
(6, 984),
(6, 792),
(6, 459),
(6, 631),
(6, 217),
(6, 748),
(6, 492),
(6, 473),
(6, 311),
(7, 659),
(7, 959),
(9, 619),
(9, 601),
(10, 51),
(10, 94),
(10, 993),
(10, 272),
(10, 861),
(10, 75),
(12, 710),
(12, 453),
(12, 339),
(12, 64),
(12, 990),
(12, 927),
(12, 982),
(12, 20),
(12, 130),
(12, 946),
(12, 305),
(12, 300),
(12, 563),
(13, 202),
(13, 285),
(13, 636),
(13, 648),
(15, 376),
(16, 625),
(16, 250),
(16, 637),
(16, 988),
(16, 23),
(16, 430),
(16, 843),
(16, 769),
(16, 769),
(16, 66),
(16, 751),
(16, 602),
(16, 452),
(16, 279),
(16, 570),
(17, 905),
(17, 883),
(17, 223),
(17, 175),
(17, 168),
(17, 826),
(17, 459),
(17, 636),
(17, 248),
(17, 846),
(19, 532),
(19, 613),
(19, 257),
(19, 748),
(19, 57),
(19, 692),
(19, 889),
(19, 115),
(19, 909),
(21, 415),
(21, 36),
(21, 132),
(21, 695),
(21, 793),
(21, 671),
(21, 463),
(21, 102),
(21, 883),
(21, 274),
(21, 485),
(21, 742),
(21, 685),
(21, 963),
(22, 440),
(22, 863),
(22, 979),
(22, 850),
(22, 539),
(22, 942),
(22, 889),
(22, 632),
(22, 233),
(22, 744),
(23, 645),
(23, 783),
(23, 657),
(23, 368),
(23, 805),
(23, 27),
(23, 264),
(23, 114),
(23, 162),
(23, 87),
(23, 852),
(23, 146),
(23, 480),
(23, 943),
(24, 205),
(24, 69),
(24, 549),
(24, 138),
(24, 653),
(24, 701),
(24, 501),
(24, 983),
(25, 224),
(26, 239),
(26, 355),
(26, 188),
(26, 413),
(26, 651),
(26, 474),
(26, 319),
(26, 452),
(26, 509),
(26, 488),
(26, 759),
(26, 918),
(26, 257),
(26, 332),
(26, 215),
(27, 903),
(27, 548),
(27, 402),
(28, 547),
(28, 316),
(28, 515),
(28, 688),
(28, 242),
(28, 485),
(28, 821),
(28, 910),
(28, 701),
(28, 86),
(28, 415),
(28, 100),
(28, 221),
(28, 769),
(28, 740),
(29, 785),
(29, 521),
(29, 606),
(29, 694),
(29, 230),
(29, 338),
(30, 63),
(30, 735),
(30, 712),
(30, 38),
(30, 320),
(30, 567),
(30, 797),
(30, 335),
(30, 472),
(30, 716),
(30, 776),
(30, 585),
(30, 452),
(30, 452),
(30, 53),
(32, 467),
(32, 381),
(32, 594),
(32, 722),
(32, 316),
(33, 3),
(33, 458),
(34, 201),
(34, 817),
(34, 581),
(34, 677),
(34, 544),
(35, 899),
(35, 498),
(35, 870),
(36, 882),
(36, 292),
(36, 347),
(37, 924),
(37, 400),
(37, 955),
(37, 717),
(37, 994),
(37, 459),
(38, 198),
(38, 309),
(39, 567),
(39, 341),
(39, 529),
(39, 585),
(39, 603),
(39, 714),
(39, 975),
(39, 163),
(39, 236),
(39, 892),
(39, 685),
(39, 299),
(39, 963),
(41, 196),
(41, 153),
(41, 962),
(41, 939),
(41, 135),
(41, 614),
(41, 169),
(41, 73),
(41, 752),
(41, 920),
(41, 192),
(41, 692),
(41, 785),
(42, 721),
(42, 683),
(42, 683),
(42, 248),
(42, 439),
(43, 424),
(43, 774),
(43, 782),
(44, 98),
(45, 40),
(45, 549),
(45, 245),
(46, 119),
(46, 469),
(47, 958),
(47, 777),
(47, 551),
(47, 111),
(47, 87),
(47, 456),
(47, 715),
(47, 799),
(47, 235),
(47, 211),
(47, 457),
(48, 135),
(48, 96),
(48, 371),
(49, 114),
(50, 830),
(50, 351),
(50, 864),
(50, 484),
(50, 939),
(50, 679),
(50, 786),
(50, 672),
(50, 404),
(50, 175),
(50, 955),
(50, 538),
(50, 336),
(50, 518),
(50, 706),
(51, 288),
(51, 71),
(51, 313),
(51, 998),
(51, 639),
(52, 273),
(52, 833),
(52, 726),
(52, 603),
(52, 278),
(52, 440),
(52, 473),
(52, 827),
(52, 277),
(53, 185),
(53, 613),
(53, 156),
(53, 833),
(53, 912),
(53, 317),
(53, 789),
(53, 790),
(53, 930),
(53, 27),
(53, 125),
(53, 589),
(53, 779),
(53, 708),
(53, 898),
(54, 12),
(54, 21),
(54, 884),
(54, 332),
(54, 111),
(54, 160),
(54, 769),
(54, 588),
(54, 618),
(54, 119),
(54, 411),
(54, 776),
(54, 956),
(54, 813),
(54, 169),
(55, 211),
(55, 400),
(57, 21),
(58, 441),
(58, 201),
(58, 667),
(59, 611),
(59, 249),
(60, 509),
(60, 893),
(60, 116),
(60, 903),
(61, 685),
(61, 520),
(61, 657),
(61, 685),
(61, 417),
(61, 479),
(61, 145),
(61, 821),
(62, 716),
(62, 656),
(64, 433),
(65, 40),
(65, 501),
(65, 310),
(65, 668),
(65, 917),
(65, 125),
(65, 274),
(65, 627),
(65, 881),
(65, 509),
(65, 239),
(65, 708),
(65, 138),
(65, 261),
(65, 964),
(66, 166),
(66, 791),
(66, 732),
(66, 695),
(66, 69),
(66, 622),
(66, 165),
(66, 935),
(66, 848),
(67, 48),
(67, 387),
(67, 879),
(67, 412),
(67, 547),
(68, 509),
(68, 124),
(68, 339),
(68, 922),
(68, 119),
(68, 134),
(68, 599),
(68, 802),
(68, 765),
(68, 303),
(68, 896),
(69, 568),
(69, 797),
(69, 245),
(69, 703),
(69, 464),
(69, 781),
(69, 413),
(69, 890),
(69, 199),
(69, 740),
(69, 48),
(69, 681),
(69, 753),
(69, 651),
(69, 250),
(70, 454),
(70, 805),
(72, 474),
(73, 5),
(74, 81),
(74, 6),
(74, 66),
(74, 246),
(74, 383),
(75, 289),
(75, 777),
(75, 515),
(75, 205),
(75, 641),
(75, 471),
(75, 607),
(75, 326),
(75, 321),
(75, 832),
(75, 481),
(75, 572),
(75, 506),
(75, 191),
(75, 386),
(77, 583),
(77, 479),
(77, 901),
(77, 646),
(77, 701),
(77, 716),
(77, 107),
(77, 679),
(78, 15),
(78, 373),
(78, 717),
(78, 403),
(78, 673),
(78, 529),
(78, 241),
(79, 327),
(79, 978),
(79, 986),
(79, 881),
(79, 223),
(79, 709),
(79, 55),
(79, 95),
(79, 742),
(79, 504),
(79, 671),
(79, 550),
(79, 138),
(79, 864),
(79, 837),
(81, 755),
(81, 151),
(81, 571),
(81, 658),
(81, 295),
(81, 503),
(81, 387),
(81, 241),
(81, 586),
(81, 371),
(81, 14),
(81, 331),
(81, 547),
(81, 257),
(81, 41),
(83, 134),
(83, 903),
(83, 662),
(83, 945),
(83, 448),
(84, 577),
(84, 985),
(84, 900),
(84, 534),
(84, 396),
(84, 473),
(84, 262),
(84, 148),
(84, 9),
(84, 664),
(84, 598),
(84, 131),
(84, 319),
(85, 869),
(85, 666),
(85, 691),
(85, 620),
(85, 760),
(85, 127),
(86, 479),
(86, 704),
(86, 81),
(86, 101),
(87, 704),
(87, 309),
(87, 934),
(87, 163),
(87, 34),
(87, 924),
(87, 263),
(87, 568),
(87, 311),
(87, 794),
(87, 83),
(87, 136),
(87, 804),
(87, 447),
(87, 907),
(88, 552),
(88, 175),
(88, 24),
(88, 812),
(88, 713),
(88, 49),
(88, 904),
(88, 888),
(88, 488),
(88, 672),
(88, 292),
(88, 274),
(88, 932),
(88, 655),
(88, 268),
(89, 813),
(89, 646),
(89, 196),
(89, 309),
(89, 504),
(89, 474),
(89, 948),
(89, 275),
(89, 672),
(89, 21),
(89, 510),
(89, 755),
(89, 577),
(89, 744),
(89, 907),
(90, 86),
(90, 322),
(91, 883),
(91, 827),
(92, 707),
(92, 893),
(92, 276),
(92, 216),
(92, 456),
(92, 987),
(92, 344),
(92, 221),
(93, 237),
(93, 287),
(93, 602),
(93, 855),
(93, 883),
(93, 517),
(93, 106),
(93, 464),
(93, 166),
(94, 747),
(94, 521),
(94, 516),
(94, 7),
(94, 190),
(94, 414),
(94, 583),
(94, 526),
(96, 903),
(97, 918),
(97, 479),
(97, 698),
(97, 166),
(97, 413),
(97, 327),
(97, 928),
(97, 704),
(97, 274),
(97, 421),
(97, 837),
(97, 663),
(97, 861),
(97, 688),
(97, 605),
(99, 338),
(99, 701),
(99, 694),
(99, 973),
(99, 952),
(99, 65),
(99, 796),
(99, 642),
(99, 334),
(99, 740),
(99, 59),
(99, 267),
(99, 62),
(99, 567),
(99, 386),
(100, 460),
(101, 371),
(101, 856),
(101, 266),
(101, 406),
(101, 502),
(101, 653),
(101, 962),
(101, 254),
(101, 851),
(101, 713),
(101, 663),
(101, 103),
(101, 213),
(101, 89),
(101, 603),
(102, 548),
(103, 307),
(103, 597),
(103, 523),
(104, 330),
(104, 466),
(104, 974),
(104, 354),
(104, 305),
(104, 250),
(104, 787),
(104, 340),
(104, 328),
(104, 515),
(104, 350),
(104, 174),
(104, 558),
(104, 926),
(104, 562),
(105, 646),
(105, 709),
(105, 645),
(105, 820),
(105, 985),
(106, 391),
(106, 936),
(106, 982),
(106, 940),
(106, 729),
(106, 515),
(106, 423),
(106, 892),
(106, 303),
(106, 97),
(106, 144),
(106, 652),
(106, 937),
(106, 337),
(106, 591),
(107, 796),
(107, 720),
(107, 300),
(107, 771),
(107, 291),
(107, 640),
(107, 45),
(107, 79),
(107, 256),
(107, 323),
(107, 226),
(107, 478),
(107, 725),
(107, 434),
(108, 554),
(109, 275),
(109, 865),
(109, 713),
(110, 630),
(110, 29),
(110, 947),
(110, 978),
(110, 557),
(110, 568),
(112, 36),
(112, 744),
(112, 87),
(112, 10),
(112, 730),
(112, 544),
(112, 379),
(112, 204),
(112, 793),
(112, 496),
(113, 911),
(113, 82),
(113, 787),
(113, 811),
(114, 171),
(114, 760),
(114, 381),
(114, 942),
(114, 840),
(114, 82),
(114, 411),
(114, 557),
(114, 817),
(114, 765),
(114, 40),
(114, 868),
(114, 946),
(114, 958),
(114, 410),
(115, 483),
(116, 45),
(116, 405),
(116, 590),
(116, 163),
(116, 375),
(117, 198),
(117, 868),
(117, 164),
(117, 410),
(117, 970),
(117, 473),
(117, 798),
(117, 357),
(117, 659),
(117, 748),
(117, 337),
(117, 961),
(117, 186),
(117, 607),
(118, 432),
(118, 908),
(118, 428),
(118, 531),
(118, 518),
(118, 562),
(118, 808),
(120, 177),
(120, 914),
(120, 13),
(120, 620),
(120, 684),
(121, 378),
(121, 174),
(121, 576),
(121, 311),
(121, 42),
(121, 290),
(121, 780),
(121, 51),
(122, 620),
(122, 457),
(122, 82),
(123, 154),
(123, 305),
(123, 549),
(123, 583),
(125, 636),
(125, 333),
(126, 560),
(126, 309),
(126, 625),
(126, 999),
(126, 924),
(126, 46),
(126, 540),
(126, 354),
(126, 452),
(126, 866),
(127, 395),
(127, 189),
(128, 743),
(128, 244),
(128, 502),
(128, 645),
(128, 530),
(128, 347),
(128, 489),
(129, 618),
(130, 589),
(130, 215),
(130, 933),
(130, 796),
(130, 813),
(130, 584),
(130, 847),
(130, 208),
(130, 508),
(130, 66),
(130, 635),
(130, 179),
(130, 587),
(130, 410),
(130, 240),
(131, 805),
(131, 647),
(131, 794),
(131, 38),
(131, 303),
(131, 744),
(131, 397),
(131, 996),
(132, 462),
(132, 678),
(132, 444),
(133, 821),
(133, 399),
(133, 321),
(133, 538),
(134, 666),
(134, 383),
(134, 928),
(135, 547),
(135, 752),
(135, 772),
(135, 473),
(135, 171),
(135, 319),
(135, 230),
(135, 303),
(135, 704),
(135, 242),
(135, 88),
(135, 907),
(135, 98),
(135, 200),
(135, 428),
(136, 653),
(136, 245),
(136, 94),
(136, 605),
(136, 890),
(136, 691),
(137, 295),
(137, 883),
(137, 708),
(137, 777),
(137, 832),
(139, 223),
(139, 323),
(139, 687),
(139, 594),
(139, 476),
(139, 66),
(139, 887),
(139, 714),
(139, 214),
(139, 440),
(139, 496),
(140, 905),
(140, 848),
(140, 262),
(140, 699),
(140, 31),
(140, 497),
(140, 513),
(140, 936),
(140, 491),
(140, 561),
(140, 48),
(141, 959),
(141, 925),
(141, 92),
(141, 96),
(141, 797),
(142, 428),
(142, 35),
(142, 303),
(142, 364),
(142, 681),
(142, 952),
(142, 348),
(143, 375),
(143, 656),
(143, 593),
(143, 506),
(143, 854),
(143, 499),
(144, 760),
(144, 683),
(145, 608),
(145, 380),
(145, 910),
(145, 852),
(145, 433),
(145, 32),
(146, 927),
(146, 858),
(146, 674),
(146, 972),
(146, 955),
(147, 425),
(147, 881),
(147, 39),
(147, 917),
(147, 163),
(147, 825),
(147, 574),
(147, 243),
(147, 876),
(147, 183),
(148, 949),
(148, 521),
(148, 235),
(148, 213),
(148, 971),
(150, 623),
(150, 253),
(150, 558),
(150, 719),
(150, 523),
(150, 226),
(150, 761),
(151, 557),
(151, 723),
(151, 951),
(151, 630),
(151, 749),
(152, 956),
(152, 130),
(152, 118),
(152, 796),
(152, 809),
(152, 405),
(152, 470),
(153, 924),
(153, 652),
(153, 58),
(154, 131),
(155, 873),
(156, 179),
(156, 383),
(156, 514),
(156, 752),
(156, 878),
(157, 521),
(157, 993),
(157, 332),
(157, 666),
(157, 835),
(157, 812),
(157, 119),
(157, 434),
(157, 158),
(157, 471),
(159, 819),
(159, 894),
(159, 267),
(160, 697),
(160, 321),
(160, 63),
(160, 824),
(160, 77),
(160, 772),
(160, 968),
(160, 901),
(160, 754),
(161, 223),
(161, 449),
(162, 273),
(162, 291),
(162, 522),
(162, 488),
(162, 278),
(162, 409),
(162, 187),
(162, 701),
(162, 185),
(162, 586),
(162, 137),
(162, 713),
(162, 695),
(162, 395),
(162, 634),
(163, 783),
(163, 509),
(163, 155),
(163, 781),
(163, 422),
(163, 54),
(165, 960),
(165, 882),
(165, 428),
(166, 489),
(166, 264),
(166, 942),
(166, 192),
(166, 5),
(166, 532),
(166, 76),
(166, 814),
(166, 27),
(167, 170),
(167, 338),
(167, 729),
(167, 930),
(167, 741),
(167, 611),
(167, 525),
(167, 779),
(167, 785),
(167, 60),
(167, 99),
(167, 811),
(167, 977),
(167, 475),
(167, 628),
(168, 607),
(168, 107),
(168, 966),
(168, 874),
(169, 591),
(169, 773),
(169, 789),
(171, 792),
(171, 617),
(171, 255),
(171, 805),
(171, 293),
(171, 442),
(171, 995),
(171, 172),
(171, 123),
(171, 145),
(171, 474),
(171, 829),
(171, 203),
(171, 335),
(171, 284),
(172, 677),
(172, 552),
(172, 981),
(172, 101),
(172, 467),
(172, 89),
(174, 135),
(174, 425),
(174, 701),
(174, 225),
(174, 730),
(174, 512),
(174, 680),
(175, 144),
(175, 174),
(176, 471),
(176, 564),
(176, 685),
(176, 644),
(176, 744),
(176, 757),
(176, 195),
(176, 455),
(176, 96),
(176, 987),
(176, 647),
(176, 471),
(176, 797),
(176, 507),
(176, 550),
(177, 284),
(178, 733),
(178, 955),
(178, 538),
(179, 697),
(179, 519),
(179, 500),
(179, 342),
(179, 262),
(179, 734),
(179, 556),
(179, 528),
(179, 748),
(179, 105),
(179, 202),
(179, 588),
(179, 618),
(179, 277),
(179, 198),
(180, 470),
(180, 366),
(180, 565),
(180, 140),
(180, 289),
(180, 907),
(181, 547),
(181, 983),
(181, 817),
(181, 887),
(181, 196),
(181, 757),
(181, 805),
(181, 850),
(181, 699),
(181, 645),
(181, 790),
(181, 858),
(181, 413),
(181, 327),
(181, 169),
(183, 104),
(184, 219),
(184, 798),
(184, 503),
(184, 821),
(184, 799),
(184, 362),
(184, 109),
(184, 10),
(184, 867),
(184, 660),
(184, 250),
(184, 723),
(184, 822),
(184, 190),
(184, 859),
(185, 418),
(185, 17),
(185, 167),
(185, 122),
(185, 705),
(185, 133),
(185, 384),
(186, 702),
(186, 414),
(186, 312),
(186, 682),
(186, 288),
(186, 830),
(186, 982),
(186, 385),
(186, 853),
(186, 835),
(186, 586),
(186, 931),
(187, 359),
(187, 940),
(187, 355),
(187, 124),
(187, 929),
(187, 359),
(187, 170),
(187, 437),
(187, 338),
(187, 704),
(187, 317),
(187, 929),
(187, 272),
(187, 984),
(188, 895),
(188, 999),
(189, 519),
(189, 104),
(189, 179),
(189, 20),
(189, 850),
(189, 127),
(190, 850),
(190, 995),
(190, 178),
(190, 811),
(190, 13),
(190, 567),
(190, 219),
(191, 777),
(191, 394),
(191, 179),
(191, 197),
(191, 511),
(191, 437),
(192, 794),
(192, 869),
(194, 97),
(194, 916),
(194, 740),
(195, 522),
(195, 563),
(196, 834),
(196, 106),
(196, 994),
(196, 172),
(196, 173),
(196, 713),
(198, 82),
(198, 298),
(198, 761),
(198, 811),
(199, 785),
(199, 132),
(199, 512),
(199, 357),
(199, 509),
(199, 891),
(199, 358),
(199, 47),
(199, 236),
(199, 32),
(200, 928),
(200, 566),
(200, 673),
(200, 891),
(200, 608),
(200, 246),
(200, 585),
(200, 23),
(200, 674),
(200, 464),
(200, 565),
(200, 451),
(200, 606),
(200, 75),
(200, 327),
(202, 603),
(202, 657),
(202, 606),
(202, 903),
(202, 853),
(202, 35),
(203, 531),
(203, 396),
(203, 336),
(203, 792),
(203, 47),
(203, 303),
(203, 745),
(203, 144),
(203, 732),
(203, 273),
(203, 155),
(204, 150),
(204, 105),
(205, 915),
(205, 617),
(205, 970),
(205, 923),
(205, 488),
(205, 355),
(205, 968),
(205, 316),
(205, 311),
(205, 85),
(206, 419),
(206, 713),
(206, 955),
(206, 386),
(206, 159),
(206, 197),
(207, 986),
(207, 713),
(207, 394),
(207, 196),
(207, 982),
(207, 244),
(207, 534),
(207, 473),
(207, 323),
(208, 60),
(208, 50),
(208, 316),
(208, 13),
(208, 920),
(208, 87),
(208, 465),
(208, 128),
(208, 267),
(209, 103),
(209, 472),
(209, 556),
(210, 109),
(210, 549),
(210, 849),
(210, 867),
(210, 981),
(210, 600),
(211, 865),
(211, 78),
(211, 663),
(212, 454),
(212, 657),
(212, 699),
(212, 788),
(212, 741),
(212, 138),
(212, 984),
(212, 720),
(212, 191),
(212, 629),
(212, 972),
(212, 516),
(212, 169),
(212, 779),
(212, 296),
(213, 386),
(213, 71),
(213, 892),
(213, 437),
(213, 415),
(213, 683),
(213, 3),
(213, 320),
(213, 204),
(213, 997),
(213, 736),
(213, 564),
(213, 709),
(213, 997),
(213, 218),
(214, 825),
(214, 566),
(214, 116),
(214, 639),
(214, 394),
(214, 140),
(214, 265),
(214, 705),
(214, 309),
(214, 752),
(214, 336),
(214, 893),
(214, 186),
(214, 155),
(214, 781),
(215, 41),
(215, 846),
(215, 566),
(215, 879),
(215, 698),
(215, 705),
(215, 769),
(216, 910),
(216, 627),
(216, 790),
(216, 448),
(216, 260),
(216, 752),
(216, 524),
(216, 723),
(216, 633),
(216, 240),
(216, 501),
(216, 613),
(216, 80),
(216, 128),
(218, 825),
(218, 844),
(218, 190),
(218, 584),
(218, 250),
(219, 723),
(219, 67),
(219, 770),
(219, 247),
(220, 161),
(220, 903),
(220, 979),
(220, 632),
(220, 10),
(220, 25),
(220, 756),
(220, 956),
(220, 570),
(220, 239),
(221, 696),
(221, 401),
(221, 883),
(221, 414),
(221, 509),
(221, 393),
(221, 507),
(221, 527),
(221, 185),
(221, 609),
(221, 127),
(221, 241),
(221, 616),
(221, 706),
(221, 222),
(222, 457),
(222, 593),
(222, 552),
(222, 86),
(223, 160),
(223, 641),
(223, 560),
(223, 933),
(224, 771),
(224, 941),
(224, 613),
(224, 551),
(224, 827),
(224, 575),
(224, 969),
(226, 781),
(226, 465),
(226, 423),
(226, 46),
(226, 198),
(226, 565),
(227, 696),
(227, 181),
(227, 298),
(227, 401),
(227, 822),
(227, 635),
(227, 27),
(227, 361),
(227, 99),
(227, 640),
(227, 604),
(227, 324),
(227, 72),
(227, 54),
(227, 664),
(228, 876),
(228, 715),
(228, 341),
(228, 686),
(228, 85),
(228, 901),
(228, 321),
(228, 398),
(228, 463),
(228, 434),
(228, 976),
(228, 873),
(228, 860),
(228, 758),
(228, 991),
(229, 16),
(229, 253),
(229, 393),
(229, 589),
(229, 832),
(229, 742),
(229, 567),
(229, 280),
(229, 624),
(229, 850),
(229, 431),
(229, 628),
(230, 900),
(230, 402),
(230, 78),
(230, 809),
(230, 660),
(230, 777),
(230, 602),
(230, 724),
(230, 846),
(230, 221),
(230, 25),
(230, 748),
(230, 783),
(230, 465),
(230, 744),
(231, 591),
(231, 353),
(232, 434),
(232, 842),
(232, 620),
(232, 819),
(232, 169),
(232, 737),
(232, 856),
(232, 849),
(232, 281),
(232, 152),
(233, 400),
(233, 382),
(233, 77),
(233, 122),
(233, 884),
(233, 190),
(233, 305),
(233, 199),
(233, 805),
(233, 333),
(233, 390),
(233, 223),
(233, 51),
(233, 839),
(233, 566),
(234, 85),
(234, 800),
(235, 286),
(235, 912),
(235, 126),
(235, 737),
(235, 564),
(235, 86),
(235, 761),
(235, 898),
(235, 681),
(235, 607),
(236, 738),
(236, 951),
(236, 23),
(237, 385),
(238, 961),
(238, 919),
(238, 989),
(238, 393),
(238, 837),
(238, 55),
(238, 560),
(238, 980),
(238, 136),
(238, 718),
(238, 907),
(238, 830),
(238, 107),
(238, 962),
(238, 883),
(239, 861),
(239, 118),
(239, 563),
(239, 206),
(240, 751),
(240, 909),
(241, 511),
(241, 648),
(241, 181),
(241, 277),
(241, 408),
(241, 836),
(241, 48),
(241, 906),
(241, 384),
(241, 72),
(241, 600),
(242, 476),
(242, 737),
(242, 87),
(242, 148),
(242, 537),
(242, 78),
(242, 427),
(242, 556),
(242, 807),
(242, 852),
(242, 205),
(242, 841),
(242, 570),
(242, 480),
(242, 861),
(243, 794),
(243, 268),
(243, 812),
(243, 944),
(243, 636),
(243, 825),
(243, 272),
(243, 486),
(243, 62),
(243, 95),
(243, 581),
(245, 731),
(245, 824),
(245, 82),
(245, 451),
(245, 552),
(245, 739),
(245, 787),
(245, 474),
(245, 540),
(245, 382),
(245, 609),
(245, 884),
(245, 653),
(245, 530),
(246, 494),
(247, 817),
(247, 891),
(247, 867),
(247, 846),
(247, 327),
(247, 929),
(247, 28),
(247, 711),
(247, 832),
(247, 358),
(247, 531),
(247, 852),
(247, 929),
(247, 406),
(247, 294),
(248, 452),
(248, 102),
(248, 931),
(248, 842),
(248, 733),
(248, 939),
(248, 128),
(248, 630),
(248, 764),
(248, 628),
(248, 490),
(248, 259),
(248, 978),
(248, 241),
(248, 20),
(249, 391),
(249, 950),
(249, 530),
(249, 519),
(249, 152),
(249, 861),
(249, 537),
(249, 659),
(249, 709),
(249, 731),
(249, 830),
(249, 381),
(249, 600),
(249, 109),
(249, 595),
(250, 830),
(250, 376),
(250, 557),
(250, 760),
(250, 229),
(250, 354),
(250, 433),
(250, 442),
(251, 253),
(252, 855),
(252, 923),
(252, 574),
(252, 726),
(252, 522),
(252, 968),
(252, 926),
(252, 164),
(252, 257),
(252, 929),
(252, 92),
(252, 163),
(252, 759),
(252, 318),
(252, 475),
(253, 905),
(253, 641),
(253, 650),
(253, 72),
(253, 499),
(253, 668),
(253, 84),
(253, 92),
(253, 50),
(253, 602),
(253, 527),
(253, 613),
(253, 907),
(253, 270),
(253, 768),
(254, 148),
(255, 851),
(255, 606),
(255, 212),
(255, 720),
(255, 737),
(256, 609),
(256, 207),
(256, 718),
(256, 978),
(256, 945),
(256, 249),
(256, 904),
(256, 113),
(256, 512),
(256, 956),
(256, 716),
(256, 349),
(256, 674),
(256, 857),
(256, 135),
(257, 680),
(257, 48),
(258, 110),
(258, 993),
(258, 381),
(258, 309),
(258, 626),
(258, 809),
(258, 726),
(258, 857),
(258, 866),
(258, 659),
(258, 113),
(258, 772),
(258, 758),
(258, 917),
(258, 145),
(259, 845),
(259, 483),
(259, 921),
(259, 851),
(259, 984),
(259, 288),
(259, 287),
(259, 986),
(260, 950),
(261, 129),
(261, 781),
(261, 124),
(261, 192),
(261, 817),
(261, 134),
(261, 93),
(261, 185),
(261, 795),
(261, 198),
(261, 60),
(261, 334),
(261, 748),
(261, 318),
(261, 894),
(263, 535),
(264, 288),
(264, 634),
(264, 788),
(264, 531),
(264, 585),
(264, 548),
(264, 120),
(264, 585),
(264, 280),
(265, 890),
(265, 300),
(265, 851),
(266, 806),
(266, 354),
(266, 779),
(266, 500),
(266, 715),
(266, 811),
(266, 979),
(266, 320),
(266, 327),
(266, 987),
(266, 247),
(266, 365),
(266, 805),
(266, 95),
(266, 274),
(267, 173),
(267, 656),
(267, 896),
(268, 718),
(268, 742),
(268, 914),
(268, 329),
(268, 880),
(268, 959),
(268, 576),
(268, 236),
(268, 45),
(268, 667),
(268, 716),
(269, 640),
(269, 154),
(269, 738),
(269, 363),
(270, 812),
(270, 651),
(270, 139),
(270, 289),
(270, 409),
(270, 348),
(270, 494),
(270, 764),
(270, 357),
(270, 312),
(270, 218),
(270, 262),
(270, 763),
(270, 469),
(270, 250),
(271, 361),
(271, 840),
(271, 900),
(271, 85),
(271, 177),
(271, 494),
(271, 993),
(271, 707),
(271, 450),
(271, 429),
(271, 195),
(271, 955),
(271, 148),
(272, 364),
(272, 746),
(273, 705),
(273, 617),
(273, 731),
(273, 886),
(273, 434),
(274, 786),
(274, 571),
(274, 62),
(274, 562),
(274, 319),
(274, 393),
(274, 671),
(274, 820),
(274, 346),
(274, 928),
(274, 199),
(274, 724),
(274, 858),
(274, 834),
(274, 774),
(276, 618),
(276, 458),
(276, 158),
(276, 888),
(277, 477),
(277, 724),
(278, 128),
(278, 467),
(278, 537),
(278, 832),
(278, 336),
(278, 868),
(278, 255),
(278, 945),
(278, 199),
(279, 747),
(279, 922),
(279, 330),
(279, 954),
(279, 857),
(279, 621),
(279, 536),
(279, 222),
(279, 856),
(279, 661),
(279, 323),
(279, 114),
(279, 529),
(279, 722),
(279, 373),
(280, 786),
(280, 589),
(280, 173),
(280, 47),
(280, 718),
(281, 845),
(282, 519),
(282, 784),
(282, 864),
(282, 280),
(282, 372),
(282, 766),
(282, 395),
(282, 164),
(282, 180),
(283, 746),
(283, 947),
(283, 943),
(283, 254),
(283, 446),
(284, 930),
(284, 291),
(284, 741),
(284, 910),
(284, 324),
(284, 961),
(284, 183),
(284, 671),
(284, 880),
(284, 219),
(284, 211),
(284, 251),
(284, 206),
(284, 10),
(284, 904),
(285, 439),
(285, 598),
(285, 202),
(285, 683),
(285, 590),
(286, 109),
(286, 521),
(286, 323),
(286, 400),
(286, 196),
(286, 565),
(286, 211),
(286, 827),
(286, 706),
(286, 243),
(286, 975),
(286, 991),
(286, 870),
(286, 302),
(286, 678),
(288, 827),
(288, 751),
(288, 42),
(288, 957),
(288, 534),
(288, 4),
(290, 673),
(290, 562),
(290, 116),
(290, 956),
(290, 540),
(290, 508),
(290, 894),
(290, 547),
(290, 700),
(290, 321),
(291, 187),
(292, 805),
(292, 327),
(293, 910),
(293, 154),
(293, 900),
(293, 353),
(293, 538),
(293, 779),
(293, 314),
(293, 513),
(293, 966),
(293, 415),
(293, 945),
(293, 476),
(293, 735),
(293, 629),
(293, 959),
(294, 999),
(295, 883),
(295, 873),
(295, 461),
(295, 161),
(295, 32),
(295, 247),
(296, 111),
(296, 103),
(297, 635),
(297, 346),
(297, 326),
(297, 526),
(297, 672),
(297, 200),
(297, 870),
(297, 386),
(297, 456),
(297, 512),
(297, 916),
(297, 111),
(297, 93),
(297, 279),
(297, 831),
(299, 205),
(299, 603),
(299, 728),
(299, 126),
(299, 63),
(299, 225),
(299, 371),
(300, 590),
(300, 643),
(300, 112),
(300, 949),
(300, 802),
(300, 161),
(300, 693),
(300, 681),
(300, 510),
(300, 285),
(300, 401),
(300, 150),
(300, 33),
(300, 799),
(300, 29),
(301, 638),
(301, 296),
(301, 838),
(301, 497),
(301, 539),
(301, 203),
(301, 706),
(301, 270),
(301, 582),
(301, 600),
(301, 832),
(301, 129),
(301, 267),
(302, 569),
(302, 702),
(302, 552),
(302, 898),
(302, 901),
(302, 734),
(303, 464),
(303, 920),
(303, 905),
(303, 837),
(303, 575),
(304, 299),
(304, 793),
(304, 404),
(304, 256),
(304, 587),
(304, 852),
(304, 295),
(304, 7),
(304, 315),
(304, 678),
(304, 757),
(304, 250),
(304, 479),
(304, 164),
(304, 701),
(306, 987),
(306, 376),
(307, 987),
(307, 368),
(307, 402),
(307, 387),
(308, 55),
(308, 997),
(309, 797),
(309, 271),
(309, 432),
(309, 138),
(309, 358),
(309, 301),
(309, 584),
(309, 698),
(309, 211),
(309, 19),
(309, 386),
(309, 790),
(309, 825),
(309, 752),
(309, 746),
(310, 538),
(310, 612),
(310, 624),
(310, 830),
(310, 870),
(311, 998),
(311, 359),
(311, 563),
(311, 792),
(311, 394),
(312, 0),
(312, 16),
(312, 899),
(312, 702),
(312, 144),
(312, 726),
(312, 551),
(312, 348),
(313, 241),
(313, 131),
(313, 808),
(313, 443),
(314, 308),
(315, 308),
(315, 304),
(315, 993),
(315, 241),
(315, 103),
(315, 584),
(315, 514),
(315, 859),
(315, 151),
(315, 500),
(315, 834),
(315, 496),
(315, 362),
(315, 399),
(315, 267),
(316, 82),
(316, 483),
(316, 185),
(316, 188),
(316, 409),
(316, 73),
(316, 620),
(316, 970),
(316, 140),
(316, 330),
(316, 626),
(316, 321),
(316, 330),
(316, 263),
(316, 631),
(317, 388),
(317, 500),
(317, 601),
(317, 872),
(317, 856),
(317, 178),
(317, 265),
(317, 680),
(317, 480),
(317, 568),
(317, 484),
(317, 395),
(317, 602),
(317, 268),
(317, 165),
(318, 545),
(318, 736),
(318, 783),
(318, 188),
(318, 864),
(318, 497),
(318, 348),
(318, 84),
(318, 607),
(318, 942),
(318, 528),
(318, 26),
(318, 923),
(318, 377),
(318, 896),
(319, 825),
(319, 128),
(319, 0),
(322, 541),
(323, 6),
(323, 249),
(323, 937),
(323, 468),
(323, 499),
(323, 688),
(323, 555),
(323, 651),
(324, 922),
(324, 20),
(324, 569),
(324, 638),
(324, 405),
(324, 296),
(324, 122),
(324, 185),
(324, 734),
(324, 396),
(324, 430),
(324, 649),
(324, 808),
(324, 622),
(324, 974),
(325, 843),
(325, 124),
(325, 450),
(326, 570),
(326, 352),
(326, 684),
(326, 10),
(326, 148),
(326, 394),
(326, 617),
(326, 711),
(326, 523),
(326, 889),
(326, 666),
(326, 166),
(326, 937),
(326, 815),
(326, 841),
(327, 226),
(328, 236),
(328, 892),
(328, 595),
(328, 429),
(328, 514),
(329, 701),
(329, 729),
(329, 575),
(329, 200),
(329, 207),
(329, 442),
(329, 309),
(330, 405),
(330, 158),
(330, 104),
(330, 919),
(330, 58),
(330, 43),
(330, 216),
(330, 560),
(330, 489),
(330, 894),
(330, 151),
(330, 917),
(330, 890),
(330, 259),
(330, 215),
(331, 245),
(331, 675),
(331, 624),
(333, 418),
(333, 743),
(333, 255),
(333, 801),
(334, 372),
(334, 680),
(334, 416),
(334, 937),
(334, 451),
(334, 525),
(334, 530),
(334, 353),
(335, 430),
(336, 484),
(336, 383),
(336, 942),
(336, 92),
(337, 397),
(339, 895),
(339, 197),
(339, 666),
(340, 758),
(340, 452),
(340, 233),
(340, 370),
(340, 213),
(340, 659),
(340, 264),
(340, 419),
(340, 91),
(340, 711),
(340, 531),
(340, 631),
(340, 753),
(340, 140),
(340, 911),
(341, 625),
(341, 147),
(341, 735),
(341, 334),
(341, 94),
(341, 183),
(342, 716),
(342, 830),
(342, 230),
(342, 431),
(342, 612),
(342, 968),
(342, 603),
(342, 715),
(342, 521),
(342, 0),
(342, 61),
(342, 272),
(342, 500),
(342, 872),
(343, 335),
(344, 360),
(344, 673),
(344, 509),
(344, 349),
(344, 490),
(344, 414),
(344, 364),
(345, 954),
(345, 244),
(345, 245),
(345, 414),
(345, 334),
(345, 126),
(345, 274),
(345, 439),
(347, 904),
(347, 287),
(347, 629),
(348, 493),
(348, 893),
(348, 472),
(348, 336),
(348, 356),
(348, 650),
(348, 635),
(348, 555),
(348, 192),
(348, 154),
(348, 289),
(348, 643),
(348, 315),
(348, 287),
(348, 410),
(349, 888),
(349, 797),
(349, 218),
(349, 195),
(349, 715),
(349, 988),
(349, 644),
(349, 768),
(349, 552),
(349, 818),
(350, 512),
(350, 30),
(350, 551),
(350, 996),
(350, 950),
(350, 920),
(350, 64),
(350, 806),
(350, 790),
(350, 311),
(350, 574),
(350, 214),
(350, 573),
(350, 878),
(350, 276),
(351, 298),
(351, 751),
(351, 590),
(351, 219),
(351, 749),
(351, 471),
(351, 983),
(351, 234),
(351, 750),
(351, 998),
(351, 821),
(351, 635),
(351, 936),
(351, 337),
(351, 917),
(352, 135),
(352, 390),
(352, 490),
(352, 51),
(352, 640),
(352, 73),
(353, 116),
(353, 950),
(353, 276),
(353, 508),
(353, 637),
(353, 294),
(353, 264),
(353, 940),
(353, 834),
(353, 861),
(353, 15),
(354, 753),
(354, 895),
(354, 996),
(354, 796),
(354, 299),
(354, 915),
(354, 442),
(354, 910),
(354, 261),
(355, 521),
(355, 294),
(355, 933),
(355, 841),
(355, 985),
(356, 537),
(356, 818),
(357, 328),
(357, 355),
(357, 858),
(357, 691),
(357, 209),
(358, 638),
(358, 669),
(358, 948),
(359, 304),
(359, 495),
(359, 586),
(359, 547),
(359, 70),
(359, 799),
(359, 606),
(360, 507),
(360, 873),
(360, 917),
(360, 17),
(360, 613),
(360, 448),
(361, 847),
(361, 880),
(362, 845),
(362, 297),
(362, 692),
(362, 615),
(362, 227),
(362, 183),
(362, 364),
(362, 55),
(362, 356),
(362, 468),
(362, 589),
(362, 182),
(363, 635),
(363, 209),
(363, 627),
(363, 12),
(363, 315),
(363, 723),
(363, 632),
(363, 469),
(363, 130),
(363, 620),
(363, 216),
(363, 830),
(363, 997),
(364, 179),
(364, 736),
(364, 327),
(364, 729),
(364, 568),
(364, 388),
(364, 111),
(364, 538),
(364, 439),
(364, 894),
(364, 108),
(364, 336),
(364, 310),
(364, 102),
(364, 118),
(365, 411),
(365, 869),
(365, 928),
(365, 515),
(365, 4),
(365, 10),
(365, 36),
(365, 337),
(365, 146),
(365, 863),
(366, 969),
(366, 289),
(367, 919),
(369, 980),
(369, 604),
(369, 623),
(369, 979),
(369, 254),
(369, 670),
(369, 555),
(370, 25),
(370, 487),
(370, 678),
(370, 399),
(371, 566),
(371, 299),
(371, 565),
(371, 898),
(371, 435),
(371, 470),
(371, 279),
(371, 675),
(371, 891),
(371, 525),
(371, 542),
(371, 972),
(371, 476),
(371, 991),
(371, 809),
(372, 848),
(372, 605),
(372, 870),
(372, 588),
(372, 848),
(373, 936),
(373, 261),
(373, 28),
(373, 120),
(373, 136),
(373, 106),
(373, 696),
(373, 943),
(373, 161),
(373, 605),
(373, 718),
(373, 323),
(373, 897),
(373, 578),
(373, 191),
(374, 92),
(374, 190),
(374, 830),
(374, 396),
(374, 471),
(374, 707),
(374, 949),
(374, 951),
(374, 164),
(374, 765),
(374, 546),
(374, 742),
(375, 420),
(375, 194),
(375, 434),
(375, 805),
(375, 397),
(375, 896),
(375, 33),
(375, 472),
(376, 523),
(376, 173),
(376, 946),
(376, 50),
(376, 401),
(376, 453),
(376, 985),
(376, 829),
(376, 28),
(376, 38),
(376, 594),
(376, 439),
(376, 625),
(376, 133),
(376, 538),
(377, 900),
(378, 52),
(378, 201),
(378, 303),
(378, 194),
(378, 581),
(378, 754),
(378, 31),
(378, 5),
(378, 171),
(378, 394),
(378, 582),
(378, 630),
(378, 954),
(378, 798),
(378, 748),
(379, 889),
(379, 255),
(379, 855),
(381, 239),
(382, 641),
(382, 91),
(382, 62),
(382, 52),
(382, 734),
(382, 299),
(382, 703),
(382, 320),
(382, 744),
(382, 467),
(382, 224),
(382, 631),
(382, 934),
(382, 140),
(382, 568),
(383, 267),
(383, 983),
(383, 257),
(383, 377),
(383, 719),
(383, 442),
(383, 107),
(383, 985),
(383, 786),
(383, 447),
(383, 727),
(383, 288),
(383, 558),
(383, 287),
(383, 973),
(384, 565),
(384, 745),
(384, 734),
(384, 991),
(384, 683),
(384, 199),
(384, 505),
(384, 315),
(384, 193),
(384, 827),
(384, 27),
(384, 542),
(385, 104),
(385, 639),
(385, 526),
(385, 135),
(385, 731),
(385, 406),
(385, 351),
(385, 612),
(385, 423),
(385, 351),
(385, 16),
(385, 35),
(385, 112),
(385, 983),
(385, 695),
(386, 19),
(386, 567),
(386, 251),
(386, 697),
(386, 729),
(387, 700),
(388, 817),
(388, 53),
(388, 806),
(388, 429),
(390, 954),
(390, 476),
(390, 745),
(390, 480),
(390, 886),
(390, 344),
(391, 124),
(391, 704),
(391, 728),
(391, 2),
(391, 957),
(391, 543),
(391, 12),
(391, 645),
(391, 447),
(391, 964),
(391, 717),
(391, 684),
(391, 905),
(391, 326),
(391, 470),
(392, 49),
(392, 478),
(392, 497),
(392, 319),
(392, 229),
(392, 119),
(392, 479),
(393, 853),
(393, 738),
(393, 574),
(393, 910),
(393, 34),
(393, 643),
(393, 315),
(394, 454),
(394, 930),
(394, 956),
(394, 419),
(394, 56),
(394, 504),
(394, 411),
(394, 248),
(395, 576),
(395, 735),
(395, 875),
(395, 729),
(395, 824),
(395, 193),
(395, 478),
(395, 784),
(396, 462),
(396, 357),
(397, 90),
(397, 541),
(397, 535),
(397, 38),
(397, 841),
(397, 608),
(397, 846),
(397, 295),
(400, 244),
(400, 261),
(400, 420),
(400, 512),
(400, 225),
(400, 18),
(401, 57),
(401, 199),
(401, 415),
(401, 690),
(401, 513),
(401, 111),
(401, 319),
(401, 919),
(401, 567),
(401, 157),
(401, 75),
(401, 659),
(401, 529),
(401, 758),
(401, 16),
(402, 104),
(402, 776),
(402, 582),
(402, 821),
(404, 42),
(404, 661),
(404, 379),
(404, 730),
(404, 564),
(404, 830),
(404, 423),
(404, 398),
(404, 833),
(404, 178),
(406, 391),
(407, 743),
(407, 33),
(407, 702),
(407, 150),
(407, 410),
(407, 20),
(407, 577),
(407, 716),
(408, 569),
(408, 331),
(408, 715),
(408, 250),
(408, 311),
(408, 437),
(408, 243),
(408, 142),
(408, 944),
(408, 445),
(408, 32),
(408, 558),
(408, 597),
(408, 462),
(408, 977),
(409, 135),
(409, 158),
(409, 719),
(409, 499),
(409, 394),
(409, 659),
(409, 856),
(409, 107),
(409, 22),
(409, 170),
(409, 337),
(409, 734),
(409, 771),
(409, 450),
(409, 912),
(411, 168),
(411, 795),
(411, 13),
(411, 188),
(411, 93),
(411, 766),
(411, 38),
(412, 254),
(412, 59),
(412, 66),
(412, 497),
(412, 756),
(412, 597),
(412, 773),
(412, 592),
(412, 717),
(412, 315),
(412, 871),
(412, 326),
(413, 741),
(413, 8),
(413, 777),
(413, 493),
(413, 718),
(413, 639),
(413, 44),
(413, 338),
(413, 318),
(413, 993),
(413, 51),
(413, 805),
(413, 853),
(413, 371),
(413, 747),
(414, 55),
(414, 382),
(414, 788),
(414, 886),
(414, 978),
(414, 500),
(414, 774),
(415, 108),
(415, 803),
(415, 196),
(415, 174),
(415, 278),
(415, 846),
(415, 239),
(415, 873),
(415, 730),
(415, 261),
(415, 12),
(415, 889),
(415, 105),
(415, 523),
(415, 41),
(416, 635),
(416, 323),
(416, 913),
(416, 12),
(416, 855),
(416, 886),
(416, 449),
(416, 471),
(416, 906),
(416, 750),
(416, 847),
(416, 322),
(416, 708),
(416, 64),
(416, 487),
(417, 662),
(417, 656),
(417, 395),
(417, 472),
(417, 481),
(417, 923),
(417, 301),
(417, 40),
(417, 786),
(417, 892),
(417, 335),
(417, 513),
(417, 107),
(417, 267),
(417, 117),
(418, 417),
(418, 638),
(418, 373),
(418, 661),
(418, 423),
(418, 238),
(419, 202),
(419, 546),
(419, 665),
(419, 762),
(419, 661),
(419, 934),
(419, 731),
(419, 795),
(419, 793),
(419, 511),
(419, 192),
(419, 507),
(419, 358),
(419, 276),
(419, 367),
(420, 831),
(420, 755),
(420, 312),
(420, 862),
(420, 621),
(420, 545),
(420, 823),
(420, 76),
(421, 948),
(421, 608),
(421, 470),
(421, 341),
(421, 176),
(421, 660),
(421, 189),
(421, 360),
(421, 45),
(421, 461),
(421, 804),
(421, 877),
(421, 350),
(422, 483),
(422, 32),
(422, 796),
(422, 517),
(422, 120),
(422, 206),
(422, 403),
(422, 315),
(422, 311),
(422, 371),
(422, 29),
(422, 193),
(422, 380),
(422, 455),
(422, 987),
(423, 23),
(423, 711),
(423, 206),
(423, 992),
(423, 774),
(423, 798),
(423, 539),
(425, 129),
(425, 68),
(425, 631),
(425, 719),
(425, 424),
(425, 55),
(425, 129),
(425, 169),
(425, 214),
(425, 796),
(425, 308),
(425, 263),
(425, 586),
(425, 619),
(425, 134),
(426, 387),
(426, 172),
(426, 753),
(426, 539),
(426, 784),
(426, 19),
(426, 51),
(426, 203),
(426, 665),
(426, 638),
(426, 381),
(426, 826),
(426, 949),
(426, 163),
(427, 428),
(427, 429),
(427, 890),
(428, 547),
(428, 975),
(428, 110),
(428, 508),
(428, 481),
(428, 443),
(428, 519),
(428, 199),
(428, 209),
(428, 742),
(428, 769),
(428, 437),
(429, 762),
(429, 296),
(429, 795),
(429, 596),
(429, 405),
(429, 183),
(429, 587),
(429, 579),
(429, 499),
(429, 456),
(429, 26),
(429, 495),
(429, 370),
(429, 18),
(429, 950),
(430, 499),
(430, 310),
(430, 909),
(430, 802),
(430, 9),
(430, 287),
(430, 595),
(430, 732),
(430, 495),
(431, 183),
(431, 607),
(431, 599),
(431, 126),
(431, 256),
(431, 849),
(431, 531),
(431, 189),
(431, 845),
(431, 139),
(431, 444),
(431, 189),
(431, 999),
(431, 755),
(431, 42),
(432, 710),
(432, 843),
(432, 986),
(432, 622),
(432, 233),
(432, 853),
(432, 617),
(432, 298),
(432, 682),
(432, 729),
(432, 44),
(432, 587),
(433, 769),
(433, 517),
(433, 5),
(433, 48),
(433, 183),
(433, 935),
(433, 620),
(433, 258),
(433, 331),
(433, 96),
(433, 885),
(435, 341),
(435, 424),
(435, 710),
(435, 734),
(436, 164),
(436, 290),
(436, 716),
(436, 618),
(436, 920),
(436, 687),
(436, 804),
(436, 177),
(436, 523),
(437, 896),
(437, 603),
(437, 894),
(437, 549),
(437, 713),
(437, 822),
(437, 197),
(437, 151),
(437, 384),
(437, 415),
(437, 809),
(438, 57),
(439, 983),
(439, 456),
(439, 443),
(439, 335),
(439, 355),
(439, 544),
(439, 807),
(439, 484),
(439, 730),
(439, 915),
(439, 563),
(439, 27),
(439, 726),
(439, 799),
(440, 776),
(440, 751),
(440, 568),
(442, 310),
(442, 39),
(442, 298),
(442, 226),
(442, 36),
(442, 864),
(442, 398),
(442, 279),
(442, 608),
(442, 47),
(442, 783),
(442, 496),
(442, 226),
(442, 977),
(442, 679),
(444, 33),
(444, 413),
(444, 214),
(444, 914),
(444, 92),
(444, 42),
(444, 301),
(444, 382),
(444, 860),
(444, 369),
(444, 5),
(444, 659),
(444, 521),
(444, 378),
(444, 527),
(445, 528),
(445, 570),
(446, 980),
(446, 181),
(446, 568),
(446, 500),
(446, 161),
(446, 432),
(446, 324),
(446, 150),
(446, 273),
(446, 720),
(448, 183),
(448, 872),
(448, 725),
(448, 602),
(448, 879),
(448, 711),
(448, 419),
(448, 93),
(448, 42),
(448, 702),
(448, 900),
(448, 773),
(448, 303),
(448, 357),
(448, 447),
(449, 541),
(449, 887),
(449, 890),
(449, 575),
(449, 681),
(449, 822),
(449, 279),
(449, 21),
(449, 710),
(449, 901),
(449, 207),
(449, 241),
(449, 673),
(449, 381),
(449, 911),
(450, 192),
(451, 972),
(451, 949),
(451, 941),
(451, 977),
(451, 210),
(451, 459),
(451, 596),
(451, 542),
(451, 531),
(451, 622),
(451, 937),
(451, 192),
(451, 574),
(451, 975),
(451, 487),
(453, 245),
(453, 962),
(454, 986),
(454, 314),
(454, 233),
(454, 827),
(454, 324),
(454, 380),
(454, 389),
(454, 934),
(454, 866),
(454, 431),
(454, 709),
(454, 643),
(455, 675),
(455, 253),
(455, 83),
(455, 346),
(455, 950),
(455, 264),
(455, 542),
(455, 976),
(455, 916),
(455, 353),
(455, 101),
(455, 4),
(455, 731),
(455, 772),
(455, 241),
(456, 638),
(456, 683),
(456, 83),
(456, 780),
(456, 114),
(456, 922),
(456, 543),
(456, 615),
(456, 123),
(457, 73),
(458, 63),
(458, 966),
(458, 914),
(458, 91),
(458, 257),
(458, 41),
(458, 219),
(458, 97),
(458, 340),
(458, 108),
(458, 746),
(458, 25),
(458, 654),
(458, 470),
(458, 538),
(459, 847),
(460, 315),
(460, 889),
(461, 266),
(461, 939),
(461, 775),
(461, 212),
(461, 777),
(461, 407),
(461, 121),
(461, 34),
(461, 229),
(461, 194),
(461, 345),
(461, 289),
(461, 775),
(461, 24),
(462, 878),
(462, 826),
(462, 724),
(464, 660),
(464, 882),
(465, 204),
(467, 353),
(469, 832),
(469, 480),
(469, 535),
(469, 273),
(469, 830),
(469, 220),
(471, 170),
(471, 669),
(471, 244),
(471, 580),
(471, 985),
(471, 589),
(471, 683),
(471, 822),
(471, 936),
(471, 923),
(471, 541),
(471, 420),
(471, 802),
(471, 269),
(471, 110),
(472, 360),
(472, 767),
(472, 872),
(472, 766),
(472, 236),
(472, 442),
(472, 179),
(472, 730),
(472, 491),
(472, 805),
(472, 915),
(472, 778),
(472, 308),
(472, 817),
(472, 50),
(473, 843),
(473, 612),
(473, 594),
(473, 726),
(473, 234),
(473, 823),
(473, 760),
(473, 995),
(473, 0),
(473, 211),
(473, 345),
(474, 149),
(474, 291),
(474, 197),
(474, 537),
(474, 775),
(474, 854),
(474, 872),
(474, 853),
(475, 350),
(475, 273),
(476, 308),
(476, 491),
(476, 433),
(476, 284),
(476, 306),
(476, 931),
(476, 463),
(476, 397),
(476, 29),
(477, 908),
(477, 641),
(477, 552),
(477, 952),
(477, 467),
(477, 431),
(477, 813),
(477, 145),
(477, 223),
(478, 404),
(478, 67),
(478, 684),
(478, 832),
(478, 604),
(478, 714),
(478, 506),
(478, 111),
(478, 203),
(478, 426),
(478, 44),
(478, 740),
(478, 919),
(478, 262),
(478, 7),
(479, 331),
(479, 425),
(479, 115),
(479, 6),
(479, 364),
(479, 768),
(479, 760),
(479, 503),
(479, 190),
(479, 499),
(479, 864),
(480, 202),
(480, 595),
(480, 60),
(480, 295),
(480, 711),
(480, 505),
(480, 631),
(480, 485),
(480, 261),
(480, 336),
(480, 351),
(480, 589),
(480, 770),
(480, 574),
(480, 191),
(481, 809),
(481, 34),
(481, 911),
(481, 718),
(481, 883),
(481, 195),
(481, 513),
(481, 264),
(481, 966),
(481, 735),
(482, 561),
(482, 515),
(482, 898),
(484, 316),
(484, 930),
(486, 623),
(486, 546),
(486, 212),
(488, 181),
(489, 159),
(489, 3),
(489, 880),
(489, 48),
(489, 420),
(489, 712),
(489, 400),
(489, 22),
(489, 954),
(489, 665),
(489, 547),
(489, 348),
(489, 850),
(489, 701),
(489, 222),
(490, 818),
(490, 216),
(490, 96),
(490, 960),
(490, 344),
(490, 250),
(490, 407),
(490, 555),
(490, 956),
(490, 729),
(490, 474),
(490, 711),
(490, 257),
(490, 98),
(490, 584),
(491, 276),
(492, 197),
(492, 976),
(492, 398),
(492, 490),
(492, 620),
(492, 784),
(492, 301),
(492, 935),
(492, 344),
(492, 116),
(492, 333),
(493, 947),
(493, 919),
(493, 166),
(493, 65),
(493, 427),
(494, 733),
(495, 640),
(496, 12),
(496, 67),
(496, 862),
(496, 679),
(496, 815),
(496, 3),
(496, 177),
(496, 733),
(496, 435),
(496, 143),
(496, 956),
(496, 253),
(496, 54),
(496, 804),
(496, 928),
(497, 767),
(497, 470),
(497, 599),
(497, 555),
(498, 338),
(498, 691),
(498, 684),
(498, 960),
(498, 701),
(498, 596),
(498, 141),
(498, 197),
(498, 47),
(498, 909),
(498, 904),
(498, 10),
(499, 332),
(499, 40),
(499, 247),
(500, 942),
(500, 649),
(500, 575),
(500, 83),
(500, 873),
(500, 801),
(500, 545),
(500, 775),
(500, 812),
(500, 294),
(500, 404),
(500, 432),
(500, 239),
(500, 642),
(500, 265),
(501, 560),
(501, 643),
(501, 719),
(501, 640),
(501, 358),
(501, 221),
(501, 433),
(501, 366),
(501, 414),
(501, 865),
(501, 546),
(501, 756),
(501, 588),
(501, 529),
(501, 681),
(502, 860),
(502, 580),
(502, 994),
(502, 478),
(502, 783),
(502, 617),
(502, 152),
(502, 222),
(502, 186),
(503, 911),
(503, 809),
(503, 316),
(503, 390),
(503, 843),
(503, 905),
(503, 862),
(503, 467),
(503, 300),
(503, 748),
(503, 994),
(503, 512),
(503, 0),
(503, 326),
(503, 79),
(504, 914),
(504, 436),
(504, 420),
(504, 97),
(504, 493),
(504, 813),
(504, 139),
(504, 502),
(505, 246),
(505, 146),
(505, 137),
(505, 360),
(506, 941),
(506, 649),
(506, 193),
(506, 323),
(506, 969),
(506, 992),
(507, 259),
(507, 908),
(507, 734),
(507, 609),
(507, 469),
(507, 615),
(507, 644),
(507, 10),
(507, 506),
(507, 800),
(507, 513),
(507, 768),
(507, 454),
(507, 738),
(507, 732),
(508, 213),
(508, 800),
(509, 788),
(509, 773),
(509, 68),
(509, 917),
(509, 261),
(509, 534),
(509, 111),
(509, 468),
(509, 122),
(509, 208),
(510, 519),
(510, 56),
(510, 704),
(511, 191),
(511, 552),
(511, 202),
(511, 320),
(511, 516),
(511, 656),
(511, 955),
(511, 733),
(511, 838),
(511, 138),
(511, 397),
(511, 668),
(511, 219),
(511, 14),
(511, 142),
(515, 812),
(515, 613),
(515, 810),
(515, 253),
(515, 422),
(516, 841),
(516, 712),
(517, 713),
(517, 218),
(517, 432),
(517, 685),
(517, 963),
(517, 914),
(517, 888),
(517, 33),
(517, 362),
(517, 837),
(517, 49),
(517, 432),
(517, 251),
(517, 521),
(517, 774),
(518, 537),
(518, 519),
(518, 397),
(519, 613),
(519, 731),
(519, 446),
(519, 319),
(519, 973),
(520, 156),
(520, 676),
(521, 927),
(521, 845),
(521, 136),
(521, 467),
(521, 381),
(521, 287),
(521, 929),
(521, 150),
(521, 466),
(523, 903),
(523, 897),
(523, 972),
(523, 8),
(523, 535),
(523, 238),
(523, 464),
(523, 565),
(523, 235),
(523, 622),
(523, 117),
(523, 485),
(523, 722),
(523, 755),
(523, 102),
(524, 358),
(524, 967),
(524, 155),
(525, 867),
(525, 870),
(525, 101),
(525, 366),
(526, 404),
(526, 664),
(526, 783),
(526, 783),
(526, 243),
(526, 872),
(526, 69),
(526, 272),
(526, 964),
(526, 463),
(526, 895),
(526, 789),
(526, 576),
(526, 361),
(527, 117),
(527, 930),
(527, 326),
(527, 201),
(527, 653),
(527, 238),
(527, 379),
(527, 485),
(527, 487),
(528, 202),
(528, 673),
(528, 681),
(528, 369),
(528, 163),
(528, 252),
(528, 309),
(528, 748),
(528, 86),
(528, 922),
(528, 933),
(528, 449),
(528, 548),
(528, 126),
(528, 994),
(529, 55),
(529, 68),
(529, 376),
(529, 277),
(529, 67),
(529, 737),
(529, 191),
(529, 775),
(529, 397),
(529, 287),
(529, 555),
(529, 942),
(529, 218),
(529, 849),
(529, 889),
(530, 446),
(530, 827),
(530, 455),
(530, 735),
(530, 255),
(531, 441),
(531, 13),
(531, 510),
(531, 845),
(531, 226),
(532, 327),
(532, 180),
(532, 433),
(532, 7),
(532, 241),
(532, 656),
(532, 870),
(532, 822),
(532, 897),
(532, 578),
(532, 220),
(532, 380),
(532, 433),
(532, 337),
(532, 338),
(534, 933),
(535, 788),
(536, 951),
(536, 200),
(536, 467),
(536, 517),
(536, 541),
(536, 917),
(536, 440),
(536, 235),
(536, 0),
(536, 504),
(536, 781),
(536, 672),
(536, 16),
(536, 51),
(536, 756),
(537, 18),
(537, 362),
(537, 484),
(537, 712),
(537, 329),
(537, 74),
(537, 247),
(537, 855),
(537, 507),
(537, 520),
(537, 754),
(537, 735),
(537, 221),
(537, 759),
(537, 564),
(538, 879),
(538, 384),
(538, 241),
(538, 443),
(538, 406),
(538, 406),
(538, 367),
(539, 337),
(539, 349),
(540, 997),
(540, 989),
(540, 843),
(540, 974),
(540, 89),
(540, 464),
(540, 515),
(540, 445),
(540, 850),
(540, 526),
(540, 234),
(540, 909),
(540, 288),
(540, 351),
(540, 477),
(541, 371),
(541, 898),
(541, 610),
(541, 98),
(541, 289),
(541, 513),
(541, 378),
(541, 893),
(541, 420),
(541, 952),
(541, 107),
(541, 961),
(541, 499),
(541, 969),
(542, 664),
(542, 817),
(542, 190),
(542, 161),
(542, 995),
(542, 358),
(542, 983),
(542, 202),
(542, 66),
(542, 963),
(542, 858),
(542, 189),
(542, 741),
(543, 853),
(543, 416),
(543, 104),
(543, 220),
(543, 219),
(543, 310),
(543, 524),
(543, 861),
(543, 370),
(543, 691),
(543, 263),
(543, 293),
(543, 432),
(543, 167),
(543, 40),
(544, 634),
(544, 971),
(544, 704),
(544, 589),
(544, 291),
(544, 579),
(544, 697),
(545, 930),
(545, 816),
(545, 872),
(545, 977),
(545, 476),
(545, 608),
(545, 379),
(546, 138),
(546, 657),
(546, 318),
(546, 572),
(546, 576),
(547, 911),
(547, 482),
(547, 361),
(547, 40),
(547, 447),
(547, 636),
(548, 693),
(548, 618),
(548, 888),
(548, 613),
(548, 321),
(548, 142),
(548, 46),
(548, 907),
(548, 427),
(548, 233),
(548, 781),
(548, 901),
(548, 533),
(548, 77),
(548, 609),
(549, 179),
(549, 137),
(549, 316),
(549, 964),
(549, 458),
(551, 181),
(552, 749),
(552, 559),
(552, 416),
(552, 288),
(552, 437),
(552, 450),
(552, 410),
(552, 662),
(552, 112),
(555, 923),
(555, 910),
(556, 145),
(556, 644),
(556, 891),
(556, 564),
(556, 677),
(556, 308),
(556, 432),
(556, 79),
(556, 703),
(556, 647),
(556, 9),
(556, 219),
(556, 318),
(556, 850),
(556, 134),
(557, 51),
(557, 24),
(557, 844),
(557, 12),
(558, 245),
(558, 960),
(558, 873),
(558, 385),
(558, 731),
(558, 724),
(558, 164),
(558, 55),
(558, 735),
(558, 856),
(558, 146),
(558, 126),
(558, 83),
(558, 32),
(558, 586),
(559, 363),
(559, 865),
(559, 789),
(559, 795),
(559, 389),
(559, 755),
(559, 859),
(559, 453),
(559, 71),
(559, 257),
(559, 332),
(559, 570),
(559, 770),
(559, 377),
(560, 991),
(560, 676),
(560, 721),
(560, 450),
(560, 401),
(560, 705),
(560, 479),
(560, 974),
(560, 108),
(560, 340),
(560, 38),
(560, 531),
(560, 583),
(561, 666),
(562, 509),
(562, 297),
(562, 422),
(562, 216),
(563, 203),
(564, 667),
(564, 244),
(564, 154),
(564, 386),
(564, 887),
(564, 785),
(564, 357),
(564, 645),
(564, 772),
(564, 582),
(565, 110),
(565, 97),
(565, 623),
(565, 878),
(565, 891),
(565, 473),
(565, 118),
(565, 653),
(565, 500),
(566, 989),
(566, 480),
(566, 609),
(566, 460),
(566, 977),
(566, 523),
(566, 569),
(566, 913),
(568, 319),
(568, 35),
(568, 406),
(568, 823),
(568, 603),
(568, 660),
(568, 504),
(568, 655),
(568, 184),
(568, 528),
(568, 441),
(568, 909),
(568, 989),
(568, 32),
(569, 39),
(569, 899),
(569, 57),
(569, 76),
(569, 742),
(569, 120),
(571, 634),
(571, 984),
(571, 563),
(571, 43),
(571, 627),
(571, 236),
(571, 537),
(571, 640),
(571, 946),
(571, 936),
(571, 802),
(571, 71),
(571, 815),
(571, 48),
(571, 817),
(573, 489),
(573, 294),
(573, 754),
(573, 997),
(573, 461),
(574, 875),
(574, 527),
(574, 273),
(574, 498),
(574, 12),
(574, 667),
(574, 370),
(574, 697),
(574, 234),
(574, 65),
(574, 887),
(574, 867),
(574, 865),
(574, 251),
(574, 642),
(575, 736),
(575, 720),
(575, 916),
(575, 194),
(575, 790),
(575, 959),
(575, 257),
(575, 632),
(575, 459),
(575, 625),
(575, 90),
(575, 591),
(575, 2),
(575, 951),
(575, 543),
(576, 671),
(576, 43),
(576, 458),
(576, 277),
(576, 991),
(576, 826),
(576, 922),
(576, 96),
(577, 166),
(577, 930),
(577, 700),
(577, 11),
(577, 985),
(577, 185),
(578, 912),
(578, 914),
(578, 484),
(578, 167),
(578, 944),
(578, 59),
(578, 692),
(579, 795),
(579, 134),
(579, 488),
(579, 238),
(580, 913),
(580, 79),
(580, 29),
(580, 336),
(580, 264),
(581, 293),
(583, 276),
(583, 435),
(583, 740),
(583, 523),
(583, 685),
(583, 140),
(583, 328),
(583, 728),
(583, 885),
(583, 260),
(583, 530),
(583, 654),
(583, 454),
(583, 354),
(584, 904),
(584, 398),
(584, 83),
(584, 828),
(584, 652),
(584, 445),
(584, 172),
(584, 462),
(584, 383),
(584, 109),
(584, 747),
(584, 434),
(584, 306),
(584, 895),
(584, 708),
(586, 932),
(586, 829),
(586, 577),
(586, 491),
(586, 145),
(586, 470),
(586, 926),
(586, 664),
(586, 796),
(586, 862),
(586, 862),
(586, 672),
(586, 849),
(586, 820),
(586, 345),
(587, 576),
(587, 37),
(587, 299),
(587, 590),
(587, 295),
(587, 120),
(587, 645),
(587, 677),
(587, 728),
(587, 883),
(587, 493),
(587, 975),
(587, 832),
(587, 69),
(587, 165),
(588, 142),
(588, 257),
(588, 504),
(588, 727),
(588, 668),
(588, 900),
(588, 523),
(588, 407),
(588, 82),
(588, 5),
(588, 724),
(588, 582),
(589, 585),
(589, 870),
(589, 580),
(589, 22),
(589, 559),
(589, 63),
(589, 864),
(589, 838),
(589, 990),
(589, 410),
(589, 977),
(589, 269),
(589, 751),
(590, 719),
(590, 393),
(590, 411),
(590, 822),
(591, 412),
(591, 842),
(591, 814),
(591, 429),
(591, 964),
(591, 996),
(591, 915),
(591, 61),
(591, 977),
(591, 981),
(591, 978),
(591, 948),
(591, 908),
(591, 67),
(591, 441),
(592, 647),
(592, 308),
(592, 944),
(592, 269),
(592, 567),
(592, 905),
(592, 204),
(592, 231),
(593, 923),
(593, 745),
(595, 778),
(595, 628),
(595, 295),
(595, 916),
(595, 587),
(595, 981),
(595, 771),
(595, 579),
(595, 216),
(595, 649),
(595, 772),
(595, 307),
(595, 541),
(595, 521),
(595, 637),
(596, 618),
(596, 985),
(596, 973),
(596, 983),
(596, 702),
(596, 263),
(598, 32),
(600, 431),
(600, 139),
(600, 816),
(600, 869),
(600, 90),
(600, 965),
(600, 875),
(601, 317),
(601, 282),
(601, 617),
(601, 233),
(601, 546),
(601, 256),
(601, 419),
(601, 411),
(601, 469),
(601, 372),
(601, 547),
(601, 821),
(601, 243),
(601, 929),
(602, 729),
(603, 583),
(603, 40),
(603, 35),
(603, 193),
(603, 297),
(603, 588),
(604, 812),
(605, 621),
(605, 565),
(605, 181),
(605, 900),
(605, 417),
(605, 633),
(605, 485),
(605, 420),
(606, 736),
(606, 807),
(606, 774),
(606, 221),
(606, 827),
(606, 156),
(606, 717),
(606, 111),
(606, 728),
(607, 299),
(607, 674),
(607, 627),
(607, 731),
(607, 462),
(607, 201),
(607, 20),
(608, 990),
(608, 394),
(608, 333),
(608, 758),
(608, 139),
(608, 703),
(608, 482),
(608, 988),
(608, 85),
(608, 496),
(608, 598),
(608, 417),
(608, 597),
(608, 911),
(608, 407),
(609, 781),
(609, 540),
(609, 53),
(610, 875),
(610, 779),
(610, 843),
(610, 85),
(610, 896),
(610, 812),
(610, 597),
(610, 254),
(610, 5),
(611, 353),
(611, 453),
(611, 251),
(611, 843),
(611, 541),
(611, 222),
(611, 520),
(611, 784),
(611, 186),
(611, 566),
(611, 649),
(611, 203),
(612, 458),
(612, 314),
(612, 918),
(612, 762),
(612, 848),
(612, 244),
(612, 7),
(612, 556),
(612, 327),
(612, 487),
(612, 767),
(612, 951),
(612, 453),
(612, 627),
(612, 881),
(613, 642),
(613, 543),
(613, 147),
(613, 282),
(613, 399),
(613, 26),
(613, 444),
(613, 400),
(613, 665),
(613, 70),
(613, 196),
(613, 750),
(613, 680),
(614, 340),
(614, 146),
(614, 618),
(614, 418),
(614, 452),
(614, 10),
(614, 413),
(614, 906),
(614, 457),
(614, 848),
(614, 17),
(615, 242),
(615, 964),
(615, 247),
(615, 519),
(616, 635),
(616, 160),
(616, 950),
(616, 997),
(616, 521),
(617, 822),
(617, 772),
(617, 291),
(617, 665),
(617, 475),
(617, 605),
(617, 845),
(617, 800),
(617, 29),
(617, 314),
(617, 132),
(617, 832),
(617, 675),
(617, 229),
(617, 408),
(618, 765),
(618, 160),
(618, 686),
(618, 226),
(618, 311),
(618, 889),
(618, 927),
(620, 119),
(620, 481),
(620, 513),
(620, 987),
(620, 686),
(620, 635),
(621, 774),
(621, 970),
(621, 381),
(621, 324),
(621, 13),
(621, 632),
(621, 940),
(621, 927),
(621, 2),
(621, 372),
(621, 986),
(621, 284),
(621, 906),
(621, 228),
(621, 292),
(622, 278),
(622, 222),
(622, 873),
(622, 107),
(622, 279),
(622, 986),
(622, 432),
(622, 200),
(622, 615),
(622, 665),
(622, 295),
(622, 414),
(622, 893),
(622, 703),
(623, 794),
(623, 361),
(623, 779),
(623, 102),
(623, 656),
(623, 324),
(624, 873),
(624, 344),
(624, 354),
(624, 711),
(624, 969),
(624, 208),
(625, 84),
(625, 437),
(625, 539),
(625, 249),
(626, 588),
(626, 270),
(626, 324),
(626, 718),
(626, 950),
(626, 421),
(626, 136),
(626, 206),
(626, 210),
(626, 907),
(626, 342),
(626, 483),
(627, 274),
(627, 989),
(627, 114),
(627, 772),
(628, 237),
(629, 130),
(629, 511),
(629, 799),
(629, 353),
(629, 660),
(629, 488),
(629, 581),
(629, 606),
(629, 868),
(629, 554),
(630, 498),
(630, 526),
(630, 924),
(630, 561),
(630, 687),
(630, 930),
(630, 304),
(630, 409),
(630, 795),
(631, 774),
(631, 306),
(631, 486),
(631, 498),
(632, 0),
(634, 911),
(634, 621),
(634, 219),
(634, 154),
(634, 769),
(634, 596),
(635, 668),
(636, 662),
(636, 144),
(636, 31),
(636, 505),
(637, 362),
(637, 767),
(637, 515),
(637, 755),
(637, 34),
(637, 415),
(637, 30),
(637, 133),
(637, 770),
(637, 989),
(637, 151),
(637, 189),
(637, 228),
(640, 171),
(640, 210),
(640, 234),
(641, 969),
(641, 338),
(642, 445),
(642, 103),
(642, 879),
(642, 793),
(642, 606),
(642, 131),
(643, 206),
(643, 734),
(643, 231),
(643, 463),
(643, 258),
(643, 165),
(643, 196),
(643, 270),
(643, 142),
(643, 59),
(643, 443),
(643, 600),
(643, 43),
(644, 549),
(644, 132),
(644, 266),
(644, 957),
(645, 977),
(645, 483),
(645, 191),
(645, 394),
(645, 826),
(646, 497),
(646, 466),
(646, 72),
(647, 325),
(647, 157),
(647, 872),
(647, 971),
(647, 32),
(647, 832),
(647, 779),
(647, 425),
(647, 91),
(647, 528),
(647, 380),
(647, 893),
(647, 189),
(647, 932),
(647, 2),
(648, 276),
(648, 306),
(648, 359),
(648, 997),
(648, 271),
(648, 240),
(648, 727),
(648, 65),
(648, 896),
(648, 543),
(648, 605),
(648, 991),
(648, 832),
(648, 98),
(648, 679),
(649, 81),
(649, 730),
(649, 101),
(649, 809),
(649, 943),
(649, 128),
(649, 508),
(649, 289),
(649, 811),
(649, 459),
(649, 253),
(649, 993),
(649, 453),
(649, 665),
(649, 691),
(650, 376),
(650, 476),
(650, 96),
(650, 438),
(651, 445),
(651, 102),
(651, 290),
(651, 598),
(651, 356),
(651, 41),
(651, 122),
(651, 942),
(651, 523),
(651, 113),
(651, 219),
(651, 882),
(651, 821),
(651, 742),
(651, 527),
(652, 939),
(652, 977),
(652, 501),
(652, 219),
(652, 837),
(652, 246),
(652, 31),
(652, 490),
(652, 381),
(652, 191),
(652, 897),
(652, 322),
(652, 362),
(652, 494),
(652, 188),
(653, 368),
(654, 950),
(654, 640),
(654, 963),
(654, 823),
(656, 835),
(656, 891),
(656, 573),
(656, 993),
(656, 498),
(656, 212),
(656, 758),
(656, 66),
(656, 728),
(656, 205),
(656, 157),
(656, 237),
(656, 661),
(656, 580),
(656, 850),
(657, 448),
(657, 77),
(657, 444),
(657, 377),
(657, 578),
(657, 661),
(658, 803),
(658, 246),
(658, 582),
(658, 992),
(658, 156),
(659, 604),
(659, 738),
(660, 512),
(660, 348),
(661, 3),
(661, 365),
(661, 798),
(661, 835),
(661, 329),
(661, 321),
(661, 226),
(661, 594),
(661, 325),
(661, 762),
(661, 605),
(661, 347),
(662, 911),
(662, 229),
(662, 152),
(662, 152),
(662, 756),
(664, 611),
(664, 918),
(664, 502),
(664, 879),
(664, 770),
(665, 341),
(665, 464),
(665, 576),
(665, 459),
(665, 689),
(665, 749),
(665, 82),
(665, 310),
(665, 337),
(666, 700),
(666, 240),
(666, 971),
(666, 694),
(666, 205),
(666, 249),
(666, 587),
(666, 103),
(666, 333),
(666, 682),
(666, 803),
(666, 458),
(666, 598),
(667, 517),
(667, 360),
(668, 383),
(668, 850),
(668, 419),
(668, 88),
(669, 382),
(669, 432),
(669, 943),
(669, 406),
(669, 479),
(669, 709),
(669, 219),
(669, 926),
(669, 389),
(669, 391),
(669, 897),
(669, 466),
(669, 915),
(669, 130),
(669, 969),
(670, 226),
(670, 423),
(670, 962),
(671, 319),
(671, 833),
(671, 147),
(672, 378),
(673, 42),
(673, 101),
(673, 457),
(673, 684),
(673, 18),
(673, 162),
(673, 529),
(673, 556),
(673, 938),
(673, 407),
(673, 722),
(673, 186),
(673, 969),
(673, 452),
(673, 512),
(674, 540),
(674, 34),
(674, 249),
(674, 678),
(674, 95),
(674, 350),
(674, 457),
(674, 577),
(674, 333),
(674, 536),
(674, 405),
(674, 252),
(674, 696),
(675, 911),
(675, 842),
(675, 139),
(675, 56),
(675, 872),
(675, 90),
(675, 30),
(675, 460),
(675, 147),
(675, 213),
(675, 968),
(675, 858),
(675, 755),
(675, 601),
(675, 425),
(676, 634),
(676, 728),
(676, 283),
(676, 87),
(676, 406),
(676, 677),
(676, 700),
(676, 436),
(676, 464),
(676, 472),
(676, 519),
(676, 208),
(676, 996),
(676, 622),
(677, 542),
(677, 480),
(678, 847),
(680, 752),
(680, 355),
(680, 997),
(681, 64),
(681, 825),
(681, 848),
(681, 627),
(682, 360),
(682, 804),
(682, 829),
(682, 935),
(682, 530),
(682, 887),
(682, 871),
(682, 91),
(682, 870),
(683, 74),
(683, 998),
(683, 321),
(683, 89),
(683, 601),
(683, 204),
(683, 220),
(685, 250),
(685, 502),
(685, 129),
(685, 180),
(685, 61),
(685, 730),
(686, 412),
(686, 178),
(686, 785),
(686, 364),
(686, 144),
(686, 217),
(686, 873),
(686, 498),
(686, 957),
(686, 669),
(686, 304),
(686, 796),
(686, 494),
(686, 402),
(686, 336),
(687, 403),
(687, 613),
(687, 363),
(688, 453),
(688, 755),
(688, 153),
(688, 826),
(688, 980),
(688, 413),
(688, 318),
(688, 214),
(688, 198),
(688, 128),
(688, 272),
(688, 957),
(688, 298),
(689, 966),
(689, 174),
(690, 248),
(690, 37),
(690, 975),
(690, 161),
(690, 306),
(690, 323),
(690, 681),
(690, 700),
(690, 84),
(690, 858),
(690, 676),
(690, 548),
(691, 744),
(691, 279),
(692, 308),
(692, 496),
(692, 531),
(692, 763),
(692, 44),
(692, 539),
(692, 410),
(692, 478),
(692, 277),
(692, 11),
(692, 696),
(692, 791),
(693, 554),
(693, 20),
(693, 34),
(693, 168),
(693, 819),
(693, 260),
(694, 628),
(694, 597),
(694, 557),
(694, 148),
(694, 416),
(694, 42),
(694, 355),
(694, 782),
(694, 623),
(694, 912),
(694, 394),
(694, 221),
(694, 967),
(694, 649),
(694, 962),
(695, 802),
(695, 741),
(695, 76),
(695, 176),
(695, 930),
(695, 365),
(695, 313),
(695, 449),
(695, 442),
(695, 755),
(695, 176),
(695, 583),
(695, 24),
(696, 286),
(696, 253),
(696, 277),
(696, 747),
(696, 716),
(696, 150),
(696, 386),
(696, 440),
(696, 308),
(696, 235),
(696, 583),
(696, 385),
(696, 108),
(696, 490),
(696, 459),
(697, 619),
(697, 742),
(697, 291),
(697, 322),
(697, 422),
(697, 972),
(697, 367),
(697, 44),
(698, 834),
(698, 809),
(698, 978),
(698, 212),
(698, 768),
(698, 186),
(698, 831),
(698, 167),
(698, 26),
(698, 35),
(698, 577),
(698, 118),
(698, 490),
(698, 805),
(698, 651),
(699, 607),
(699, 865),
(699, 393),
(699, 271),
(699, 112),
(699, 627),
(699, 291),
(699, 279),
(699, 865),
(699, 492),
(699, 646),
(699, 714),
(699, 248),
(699, 576),
(699, 741),
(700, 221),
(700, 809),
(700, 200),
(700, 793),
(700, 825),
(700, 377),
(700, 335),
(700, 427),
(700, 132),
(700, 991),
(700, 108),
(700, 728),
(700, 328),
(700, 56),
(700, 154),
(701, 44),
(701, 975),
(703, 520),
(703, 621),
(703, 438),
(703, 368),
(703, 707),
(703, 182),
(703, 671),
(704, 128),
(704, 515),
(704, 884),
(704, 92),
(704, 575),
(706, 743),
(706, 682),
(706, 422),
(706, 663),
(706, 875),
(706, 584),
(706, 946),
(706, 722),
(707, 369),
(707, 941),
(707, 739),
(707, 576),
(707, 510),
(707, 979),
(707, 721),
(708, 600),
(708, 923),
(708, 961),
(708, 885),
(708, 70),
(708, 842),
(708, 596),
(708, 362),
(709, 928),
(709, 211),
(709, 531),
(709, 197),
(711, 540),
(711, 789),
(711, 246),
(711, 3),
(711, 568),
(711, 371),
(711, 438),
(711, 609),
(711, 599),
(711, 231),
(711, 293),
(711, 903),
(711, 843),
(711, 325),
(711, 130),
(712, 715),
(712, 12),
(712, 547),
(712, 94),
(712, 484),
(712, 169),
(712, 561),
(712, 258),
(712, 960),
(712, 109),
(712, 100),
(712, 353),
(712, 894),
(712, 750),
(712, 800),
(713, 625),
(713, 162),
(713, 376),
(713, 634),
(713, 947),
(714, 559),
(714, 474),
(714, 283),
(714, 175),
(714, 936),
(714, 798),
(714, 158),
(714, 392),
(714, 11),
(714, 94),
(714, 95),
(714, 371),
(714, 278),
(714, 944),
(714, 853),
(715, 674),
(715, 228),
(715, 351),
(715, 655),
(715, 42),
(715, 869),
(716, 671),
(716, 276),
(716, 40),
(716, 210),
(716, 995),
(716, 371),
(716, 311),
(716, 515),
(716, 748),
(716, 536),
(716, 778),
(716, 632),
(716, 992),
(716, 867),
(716, 727),
(718, 476),
(718, 19),
(718, 509),
(718, 819),
(718, 452),
(718, 654),
(718, 844),
(718, 152),
(718, 252),
(718, 336),
(718, 35),
(718, 863),
(718, 925),
(718, 647),
(719, 245),
(719, 71),
(719, 300),
(719, 482),
(719, 737),
(719, 140),
(719, 104),
(719, 133),
(719, 486),
(719, 422),
(719, 79),
(719, 786),
(719, 668),
(719, 44),
(719, 921),
(720, 846),
(720, 359),
(720, 744),
(720, 893),
(720, 601),
(720, 749),
(720, 153),
(720, 624),
(720, 564),
(720, 179),
(720, 399),
(720, 786),
(720, 828),
(720, 561),
(721, 816),
(721, 817),
(721, 690),
(721, 283),
(721, 899),
(721, 387),
(721, 737),
(721, 913),
(721, 265),
(721, 374),
(721, 260),
(721, 241),
(721, 167),
(721, 501),
(721, 8),
(722, 731),
(722, 323),
(722, 843),
(722, 896),
(722, 94),
(722, 968),
(722, 477),
(722, 56),
(722, 180),
(722, 776),
(723, 98),
(723, 265),
(723, 940),
(724, 987),
(724, 642),
(724, 9),
(725, 853),
(725, 960),
(725, 885),
(725, 597),
(726, 460),
(726, 632),
(726, 843),
(726, 476),
(726, 806),
(726, 241),
(726, 180),
(726, 420),
(726, 437),
(726, 382),
(726, 309),
(726, 56),
(726, 173),
(726, 270),
(726, 596),
(727, 13),
(727, 530),
(727, 377),
(727, 240),
(727, 342),
(727, 904),
(727, 708),
(727, 753),
(727, 993),
(727, 507),
(727, 556),
(727, 109),
(727, 702),
(727, 911),
(727, 511),
(728, 518),
(728, 355),
(728, 638),
(728, 490),
(728, 229),
(729, 839),
(729, 232),
(729, 332),
(729, 534),
(729, 222),
(730, 266),
(730, 403),
(730, 827),
(730, 150),
(730, 74),
(730, 302),
(730, 255),
(730, 43),
(730, 391),
(730, 819),
(730, 636),
(730, 206),
(731, 444),
(731, 713),
(731, 320),
(731, 837),
(731, 622),
(731, 350),
(731, 871),
(731, 722),
(731, 345),
(731, 333),
(731, 901),
(731, 732),
(732, 534),
(732, 665),
(732, 497),
(732, 409),
(733, 310),
(733, 698),
(733, 979),
(733, 732),
(733, 438),
(733, 347),
(733, 335),
(733, 573),
(733, 644),
(733, 176),
(733, 283),
(733, 590),
(733, 682),
(734, 741),
(734, 112),
(734, 794),
(734, 232),
(734, 902),
(734, 340),
(734, 664),
(735, 74),
(735, 537),
(735, 136),
(735, 565),
(735, 683),
(735, 232),
(736, 951),
(736, 988),
(736, 423),
(736, 881),
(736, 102),
(736, 559),
(736, 702),
(736, 472),
(736, 507),
(736, 553),
(736, 24),
(736, 110),
(736, 151),
(736, 432),
(736, 154),
(737, 951),
(738, 485),
(738, 387),
(738, 931),
(738, 536),
(738, 199),
(739, 956),
(739, 449),
(739, 536),
(739, 365),
(739, 66),
(739, 775),
(739, 0),
(739, 632),
(739, 322),
(739, 989),
(739, 903),
(740, 618),
(740, 38),
(741, 27),
(741, 721),
(741, 746),
(741, 910),
(741, 504),
(741, 303),
(741, 189),
(741, 435),
(742, 39),
(742, 611),
(742, 602),
(742, 706),
(742, 805),
(742, 99),
(742, 446),
(742, 352),
(742, 430),
(742, 734),
(742, 362),
(742, 882),
(743, 779),
(743, 778),
(743, 143),
(743, 162),
(743, 121),
(743, 554),
(743, 853),
(743, 809),
(743, 840),
(743, 544),
(743, 313),
(743, 40),
(743, 191),
(743, 643),
(743, 922),
(744, 375),
(744, 129),
(744, 929),
(744, 788),
(744, 423),
(744, 334),
(744, 451),
(744, 281),
(744, 529),
(744, 24),
(745, 59),
(745, 104),
(745, 183),
(745, 573),
(745, 13),
(745, 633),
(745, 107),
(745, 969),
(745, 389),
(745, 827),
(745, 328),
(746, 799),
(746, 609),
(746, 234),
(746, 844),
(746, 558),
(746, 768),
(746, 646),
(746, 463),
(746, 268),
(746, 615),
(748, 299),
(750, 135),
(750, 363),
(750, 23),
(750, 658),
(750, 202),
(750, 544),
(750, 826),
(750, 583),
(750, 848),
(750, 71),
(750, 710),
(750, 611),
(750, 986),
(750, 594),
(750, 507),
(751, 724),
(751, 843),
(751, 579),
(751, 821),
(751, 911),
(751, 549),
(751, 720),
(751, 823),
(751, 453),
(751, 6),
(751, 164),
(751, 202),
(751, 785),
(752, 679),
(752, 734),
(752, 495),
(753, 663),
(753, 815),
(753, 504),
(753, 709),
(753, 428),
(753, 732),
(753, 354),
(753, 745),
(753, 130),
(753, 216),
(753, 675),
(753, 603),
(753, 599),
(753, 440),
(753, 210),
(754, 282),
(754, 38),
(754, 109),
(754, 867),
(755, 501),
(755, 50),
(756, 376),
(756, 828),
(756, 137),
(756, 197),
(756, 93),
(756, 430),
(756, 205),
(756, 932),
(756, 993),
(756, 552),
(756, 149),
(756, 663),
(756, 239),
(756, 192),
(756, 775),
(757, 461),
(757, 565),
(757, 808),
(757, 535),
(759, 486),
(759, 467),
(760, 61),
(760, 324),
(760, 743),
(760, 704),
(760, 360),
(760, 78),
(760, 781),
(760, 175),
(760, 153),
(760, 600),
(760, 307),
(760, 400),
(760, 828),
(760, 192),
(760, 603),
(761, 119),
(761, 689),
(762, 391),
(762, 714),
(762, 673),
(762, 188),
(762, 655),
(762, 105),
(762, 307),
(762, 279),
(762, 749),
(762, 731),
(762, 538),
(763, 86),
(763, 204),
(763, 961),
(763, 177),
(763, 95),
(763, 772),
(763, 836),
(763, 583),
(763, 823),
(763, 729),
(763, 835),
(765, 118),
(765, 752),
(765, 589),
(765, 226),
(765, 634),
(765, 446),
(766, 543),
(766, 329),
(766, 285),
(766, 365),
(766, 245),
(766, 592),
(766, 982),
(766, 738),
(766, 775),
(766, 13),
(766, 703),
(766, 703),
(766, 188),
(767, 88),
(768, 210),
(768, 792),
(768, 53),
(768, 22),
(768, 231),
(768, 181),
(768, 75),
(768, 599),
(768, 631),
(769, 234),
(769, 734),
(769, 556),
(769, 33),
(769, 157),
(770, 352),
(770, 224),
(771, 61),
(771, 517),
(771, 591),
(772, 662),
(773, 356),
(773, 149),
(773, 692),
(773, 251),
(773, 769),
(773, 527),
(773, 561),
(773, 416),
(774, 431),
(774, 688),
(774, 458),
(774, 602),
(774, 129),
(774, 331),
(774, 737),
(774, 522),
(774, 560),
(774, 822),
(774, 126),
(774, 463),
(774, 424),
(774, 526),
(774, 138),
(775, 665),
(775, 562),
(775, 728),
(775, 580),
(775, 148),
(775, 699),
(775, 999),
(775, 11),
(775, 255),
(775, 616),
(775, 114),
(775, 433),
(775, 131),
(775, 518),
(776, 156),
(776, 512),
(776, 953),
(776, 752),
(776, 796),
(776, 566),
(776, 578),
(776, 515),
(777, 261),
(777, 819),
(777, 663),
(777, 254),
(777, 697),
(777, 895),
(777, 980),
(777, 954),
(777, 900),
(777, 858),
(777, 10),
(777, 141),
(777, 220),
(777, 759),
(777, 87),
(778, 177),
(779, 450),
(779, 88),
(779, 51),
(779, 792),
(779, 848),
(779, 142),
(780, 379),
(780, 37),
(781, 677),
(781, 871),
(781, 134),
(781, 278),
(781, 743),
(781, 475),
(782, 408),
(782, 443),
(782, 480),
(782, 616),
(782, 105),
(782, 267),
(782, 985),
(782, 802),
(782, 341),
(782, 637),
(782, 876),
(782, 974),
(782, 795),
(783, 368),
(783, 565),
(783, 473),
(783, 111),
(784, 933),
(784, 551),
(784, 51),
(784, 566),
(784, 223),
(784, 247),
(784, 398),
(784, 652),
(785, 627),
(785, 1),
(785, 711),
(785, 238),
(785, 760),
(785, 707),
(785, 973),
(785, 611),
(785, 894),
(785, 131),
(785, 371),
(785, 314),
(785, 611),
(785, 770),
(785, 943),
(786, 780),
(787, 755),
(787, 75),
(787, 668),
(788, 674),
(788, 179),
(788, 576),
(788, 399),
(788, 437),
(788, 291),
(788, 878),
(788, 238),
(788, 785),
(788, 28),
(788, 529),
(788, 804),
(788, 238),
(788, 35),
(788, 638),
(789, 260),
(790, 668),
(791, 588),
(791, 109),
(791, 138),
(791, 279),
(791, 135),
(791, 26),
(791, 755),
(791, 331),
(791, 800),
(791, 178),
(792, 691),
(792, 783),
(793, 763),
(793, 473),
(793, 963),
(793, 743),
(793, 728),
(793, 259),
(793, 827),
(793, 614),
(793, 663),
(793, 642),
(793, 69),
(793, 853),
(793, 182),
(793, 606),
(793, 57),
(794, 742),
(794, 215),
(794, 766),
(794, 955),
(794, 454),
(794, 513),
(794, 751),
(794, 371),
(794, 475),
(794, 469),
(794, 517),
(794, 487),
(794, 331),
(794, 525),
(794, 764),
(796, 560),
(796, 404),
(796, 229),
(796, 994),
(796, 329),
(796, 470),
(796, 142),
(796, 57),
(796, 128),
(796, 207),
(796, 359),
(796, 26),
(796, 750),
(796, 932),
(796, 397),
(797, 499),
(797, 131),
(797, 328),
(798, 15),
(799, 420),
(799, 495),
(799, 864),
(799, 818),
(799, 548),
(799, 382),
(799, 131),
(800, 11),
(800, 944),
(800, 13),
(801, 327),
(801, 255),
(801, 100),
(801, 597),
(801, 216),
(801, 620),
(801, 609),
(802, 982),
(802, 575),
(802, 228),
(802, 61),
(802, 509),
(802, 954),
(802, 134),
(802, 147),
(802, 640),
(802, 824),
(802, 121),
(802, 350),
(802, 619),
(802, 264),
(802, 310),
(803, 78),
(804, 931),
(804, 138),
(804, 614),
(804, 224),
(804, 617),
(805, 386),
(805, 151),
(806, 515),
(806, 481),
(807, 532),
(807, 547),
(807, 754),
(807, 268),
(807, 68),
(807, 524),
(807, 845),
(808, 869),
(808, 772),
(808, 206),
(809, 566),
(809, 442),
(809, 532),
(809, 221),
(809, 524),
(809, 777),
(809, 119),
(810, 609),
(810, 105),
(810, 3),
(810, 411),
(810, 1),
(811, 448),
(811, 296),
(811, 765),
(811, 57),
(811, 105),
(811, 809),
(811, 491),
(811, 108),
(811, 541),
(812, 108),
(812, 465),
(812, 752),
(812, 878),
(812, 375),
(812, 594),
(812, 291),
(812, 780),
(812, 60),
(812, 351),
(812, 562),
(812, 926),
(812, 254),
(812, 267),
(813, 399),
(813, 712),
(813, 121),
(814, 479),
(814, 118),
(814, 901),
(814, 462),
(814, 704),
(814, 557),
(814, 63),
(814, 245),
(814, 71),
(814, 17),
(814, 599),
(816, 5),
(816, 79),
(816, 232),
(817, 412),
(817, 17),
(817, 122),
(817, 971),
(817, 122),
(818, 77),
(820, 53),
(820, 246),
(820, 110),
(820, 482),
(820, 204),
(820, 53),
(820, 808),
(820, 951),
(820, 414),
(820, 980),
(820, 169),
(820, 412),
(820, 947),
(820, 856),
(821, 281),
(821, 673),
(821, 911),
(821, 461),
(821, 243),
(821, 864),
(821, 156),
(821, 147),
(821, 274),
(821, 851),
(821, 653),
(821, 986),
(821, 432),
(821, 591),
(821, 523),
(822, 494),
(822, 299),
(822, 73),
(822, 574),
(822, 663),
(822, 567),
(822, 618),
(823, 857),
(823, 489),
(823, 716),
(823, 527),
(823, 594),
(823, 600),
(823, 910),
(823, 604),
(824, 714),
(824, 890),
(824, 396),
(824, 813),
(824, 341),
(825, 281),
(825, 291),
(825, 841),
(825, 520),
(825, 372),
(825, 751),
(825, 198),
(825, 899),
(825, 790),
(825, 33),
(825, 802),
(825, 806),
(825, 720),
(825, 284),
(826, 878),
(826, 401),
(826, 856),
(826, 188),
(826, 408),
(826, 814),
(826, 644),
(826, 643),
(827, 552),
(827, 361),
(827, 304),
(827, 627),
(827, 419),
(827, 225),
(827, 808),
(827, 478),
(828, 331),
(828, 241),
(828, 932),
(829, 48),
(829, 630),
(829, 525),
(829, 267),
(829, 966),
(829, 590),
(829, 524),
(829, 107),
(829, 947),
(829, 655),
(829, 705),
(829, 604),
(832, 484),
(833, 905),
(833, 946),
(833, 937),
(834, 128),
(834, 349),
(834, 469),
(834, 414),
(834, 648),
(834, 892),
(834, 980),
(834, 426),
(834, 414),
(834, 842),
(834, 100),
(834, 894),
(834, 15),
(834, 879),
(835, 75),
(835, 420),
(835, 141),
(835, 141),
(835, 179),
(835, 304),
(835, 861),
(836, 360),
(836, 427),
(836, 841),
(836, 389),
(836, 737),
(836, 719),
(836, 527),
(836, 743),
(836, 489),
(836, 834),
(836, 438),
(836, 115),
(836, 961),
(836, 88),
(836, 607),
(837, 928),
(837, 37),
(837, 323),
(837, 848),
(837, 839),
(837, 141),
(837, 20),
(837, 889),
(837, 307),
(837, 842),
(837, 261),
(837, 130),
(837, 309),
(837, 492),
(838, 969),
(839, 125),
(839, 630),
(839, 18),
(839, 163),
(839, 556),
(839, 137),
(839, 427),
(839, 878),
(839, 343),
(839, 640),
(839, 84),
(841, 844),
(841, 725),
(841, 104),
(841, 315),
(841, 319),
(841, 160),
(841, 772),
(841, 428),
(842, 40),
(842, 138),
(842, 727),
(842, 954),
(842, 47),
(842, 436),
(842, 180),
(842, 431),
(842, 579),
(842, 588),
(842, 728),
(842, 92),
(842, 114),
(842, 18),
(842, 405),
(844, 809),
(844, 595),
(844, 572),
(844, 152),
(844, 351),
(844, 359),
(844, 956),
(844, 585),
(844, 97),
(844, 548),
(845, 519),
(845, 487),
(845, 827),
(845, 975),
(845, 912),
(845, 614),
(845, 400),
(845, 250),
(845, 69),
(845, 696),
(845, 629),
(845, 885),
(845, 528),
(845, 755),
(846, 403),
(846, 731),
(846, 92),
(847, 774),
(847, 274),
(848, 840),
(849, 493),
(849, 614),
(849, 607),
(849, 43),
(849, 171),
(849, 911),
(849, 78),
(850, 516),
(850, 932),
(850, 851),
(850, 428),
(850, 985),
(850, 210),
(850, 282),
(850, 344),
(850, 979),
(850, 802),
(850, 826),
(850, 773),
(850, 185),
(850, 774),
(851, 984),
(851, 440),
(852, 133),
(852, 960),
(852, 997),
(852, 104),
(852, 481),
(852, 169),
(852, 516),
(852, 878),
(852, 111),
(852, 20),
(852, 427),
(852, 733),
(852, 703),
(852, 59),
(852, 891),
(853, 623),
(853, 670),
(853, 111),
(853, 257),
(853, 254),
(853, 347),
(854, 165),
(854, 190),
(854, 385),
(854, 375),
(854, 910),
(854, 215),
(854, 271),
(854, 752),
(854, 144),
(854, 130),
(854, 255),
(854, 535),
(854, 995),
(855, 812),
(855, 914),
(855, 230),
(855, 392),
(855, 319),
(856, 116),
(856, 989),
(856, 199),
(856, 658),
(856, 922),
(858, 135),
(858, 638),
(858, 84),
(858, 630),
(858, 539),
(858, 615),
(858, 214),
(858, 580),
(858, 671),
(859, 867),
(859, 222),
(860, 194),
(860, 275),
(860, 415),
(860, 655),
(860, 606),
(860, 194),
(860, 357),
(860, 639),
(860, 114),
(860, 132),
(860, 558),
(860, 586),
(860, 903),
(860, 35),
(860, 633),
(861, 931),
(861, 325),
(861, 623),
(861, 555),
(862, 508),
(862, 870),
(862, 255),
(862, 581),
(862, 459),
(862, 245),
(862, 774),
(862, 585),
(862, 43),
(862, 116),
(862, 696),
(862, 762),
(862, 320),
(862, 999),
(863, 362),
(863, 692),
(863, 21),
(863, 957),
(863, 734),
(863, 532),
(863, 625),
(863, 729),
(863, 160),
(863, 652),
(863, 700),
(863, 167),
(863, 735),
(863, 887),
(863, 375),
(864, 617),
(864, 425),
(864, 883),
(864, 782),
(864, 829),
(865, 966),
(865, 845),
(865, 198),
(865, 949),
(865, 741),
(865, 347),
(865, 383),
(865, 441),
(865, 285),
(865, 990),
(865, 479),
(865, 605),
(865, 618),
(865, 540),
(865, 31),
(866, 622),
(866, 786),
(866, 5),
(866, 730),
(868, 482),
(868, 329),
(868, 104),
(868, 687),
(868, 869),
(868, 506),
(868, 386),
(868, 460),
(868, 233),
(868, 127),
(868, 760),
(868, 574),
(868, 981),
(868, 220),
(868, 191),
(869, 741),
(869, 291),
(869, 555),
(869, 342),
(870, 451),
(870, 424),
(870, 369),
(870, 588),
(870, 264),
(870, 810),
(870, 195),
(870, 620),
(870, 476),
(870, 686),
(870, 784),
(870, 214),
(870, 123),
(870, 832),
(870, 912),
(872, 193),
(872, 160),
(872, 461),
(872, 66),
(872, 187),
(872, 68),
(872, 368),
(872, 69),
(873, 35),
(873, 589),
(873, 519),
(873, 552),
(873, 185),
(873, 259),
(873, 545),
(873, 235),
(873, 796),
(873, 748),
(873, 4),
(873, 659),
(873, 330),
(874, 919),
(875, 515),
(875, 5),
(875, 529),
(875, 87),
(875, 404),
(875, 809),
(875, 289),
(875, 818),
(875, 234),
(875, 561),
(875, 59),
(875, 146),
(875, 25),
(875, 569),
(875, 973),
(876, 810),
(876, 898),
(876, 622),
(876, 499),
(876, 408),
(876, 463),
(876, 444),
(876, 627),
(876, 595),
(876, 324),
(876, 290),
(876, 111),
(876, 620),
(877, 669),
(877, 442),
(877, 355),
(878, 585),
(879, 110),
(879, 262),
(879, 385),
(879, 627),
(879, 589),
(879, 659),
(879, 386),
(879, 859),
(879, 331),
(879, 824),
(879, 652),
(879, 346),
(879, 668),
(880, 252),
(880, 626),
(880, 386),
(880, 65),
(881, 16),
(881, 425),
(881, 3),
(881, 556),
(881, 515),
(881, 699),
(881, 659),
(881, 969),
(881, 52),
(881, 852),
(882, 446),
(882, 327),
(882, 799),
(882, 814),
(882, 903),
(882, 156),
(882, 919),
(882, 926),
(882, 781),
(882, 775),
(882, 113),
(882, 936),
(882, 406),
(882, 616),
(882, 227),
(884, 598),
(884, 554),
(884, 788),
(885, 778),
(885, 569),
(885, 976),
(885, 823),
(885, 659),
(885, 705),
(885, 913),
(885, 918),
(885, 521),
(885, 728),
(885, 249),
(885, 178),
(885, 453),
(885, 830),
(885, 804),
(886, 320),
(886, 588),
(886, 760),
(886, 421),
(887, 566),
(887, 909),
(888, 528),
(888, 391),
(888, 41),
(888, 128),
(888, 14),
(888, 447),
(888, 417),
(889, 584),
(889, 141),
(889, 970),
(889, 124),
(889, 222),
(890, 128),
(890, 596),
(890, 368),
(890, 695),
(890, 44),
(890, 32),
(890, 490),
(890, 70),
(891, 787),
(891, 316),
(891, 584),
(891, 217),
(891, 260),
(891, 671),
(891, 620),
(891, 776),
(891, 773),
(891, 866),
(892, 812),
(892, 438),
(892, 680),
(892, 14),
(892, 104),
(892, 532),
(892, 857),
(892, 412),
(892, 700),
(892, 403),
(892, 936),
(892, 191),
(892, 716),
(892, 116),
(892, 971),
(893, 630),
(894, 311),
(894, 200),
(894, 770),
(894, 941),
(894, 623),
(896, 251),
(896, 504),
(896, 741),
(896, 355),
(896, 61),
(896, 578),
(896, 127),
(896, 514),
(896, 359),
(896, 575),
(896, 185),
(896, 293),
(897, 797),
(897, 751),
(897, 844),
(897, 516),
(897, 42),
(897, 224),
(897, 706),
(897, 280),
(897, 186),
(897, 476),
(898, 800),
(898, 573),
(898, 953),
(898, 265),
(898, 568),
(898, 924),
(898, 997),
(898, 973),
(898, 253),
(898, 479),
(898, 717),
(898, 267),
(898, 399),
(898, 358),
(898, 230),
(899, 551),
(899, 338),
(899, 862),
(899, 423),
(899, 196),
(899, 336),
(899, 334),
(899, 745),
(899, 936),
(900, 893),
(900, 187),
(900, 251),
(900, 931),
(900, 209),
(901, 543),
(901, 313),
(901, 29),
(901, 937),
(901, 328),
(902, 316),
(902, 695),
(902, 158),
(902, 477),
(902, 200),
(902, 997),
(902, 418),
(902, 374),
(902, 71),
(902, 728),
(902, 168),
(902, 750),
(902, 547),
(902, 557),
(902, 34),
(903, 524),
(903, 971),
(903, 595),
(903, 70),
(904, 768),
(904, 115),
(904, 180),
(904, 930),
(904, 770),
(904, 466),
(905, 720),
(905, 581),
(905, 996),
(905, 36),
(905, 70),
(905, 682),
(905, 853),
(905, 910),
(905, 354),
(905, 657),
(905, 581),
(906, 415),
(906, 26),
(906, 186),
(906, 286),
(906, 697),
(906, 469),
(907, 120),
(907, 26),
(907, 712),
(907, 411),
(907, 537),
(907, 153),
(907, 309),
(907, 922),
(907, 748),
(907, 728),
(907, 931),
(907, 362),
(907, 805),
(907, 504),
(907, 807),
(908, 454),
(908, 96),
(908, 652),
(908, 531),
(909, 162),
(909, 997),
(909, 938),
(910, 318),
(910, 236),
(910, 184),
(910, 820),
(910, 34),
(910, 3),
(910, 93),
(910, 455),
(910, 827),
(910, 206),
(910, 519),
(910, 734),
(910, 457),
(910, 349),
(910, 831),
(911, 815),
(911, 455),
(911, 697),
(911, 292),
(911, 835),
(911, 490),
(911, 360),
(911, 297),
(911, 922),
(912, 638),
(912, 458),
(912, 207),
(912, 211),
(912, 520),
(912, 98),
(912, 668),
(912, 666),
(912, 21),
(912, 32),
(912, 771),
(912, 566),
(912, 459),
(912, 339),
(912, 316),
(913, 715),
(913, 947),
(914, 767),
(914, 803),
(914, 663),
(914, 719),
(914, 738),
(914, 791),
(914, 807),
(914, 820),
(915, 916),
(915, 509),
(915, 371),
(915, 14),
(915, 868),
(915, 82),
(915, 555),
(915, 181),
(915, 202),
(915, 769),
(915, 221),
(915, 217),
(915, 62),
(915, 760),
(915, 19),
(916, 300),
(916, 737),
(916, 319),
(916, 708),
(917, 737),
(917, 934),
(918, 523),
(918, 258),
(918, 7),
(918, 507),
(918, 155),
(918, 548),
(918, 532),
(918, 676),
(918, 391),
(918, 201),
(918, 994),
(919, 68),
(919, 101),
(919, 342),
(919, 842),
(919, 787),
(919, 998),
(919, 506),
(919, 487),
(919, 746),
(919, 634),
(919, 139),
(919, 694),
(919, 668),
(919, 8),
(919, 693),
(921, 617),
(921, 87),
(921, 437),
(921, 630),
(921, 295),
(921, 164),
(921, 592),
(921, 878),
(921, 703),
(921, 254),
(921, 772),
(921, 340),
(921, 654),
(921, 840),
(921, 657),
(922, 693),
(922, 686),
(922, 817),
(922, 352),
(922, 169),
(922, 733),
(922, 141),
(922, 455),
(922, 165),
(922, 738),
(922, 873),
(922, 770),
(922, 910),
(923, 113),
(924, 814),
(924, 110),
(924, 972),
(924, 45),
(924, 240),
(924, 153),
(924, 827),
(924, 162),
(924, 755),
(924, 887),
(924, 399),
(924, 841),
(924, 561),
(924, 363),
(924, 354),
(926, 112),
(926, 527),
(926, 947),
(926, 487),
(926, 508),
(926, 330),
(926, 252),
(926, 901),
(926, 518),
(926, 281),
(927, 987),
(927, 461),
(927, 123),
(927, 407),
(927, 318),
(927, 774),
(928, 602),
(928, 307),
(928, 349),
(928, 751),
(929, 507),
(929, 623),
(929, 78),
(930, 134),
(930, 311),
(930, 923),
(931, 28),
(932, 740),
(932, 464),
(932, 897),
(932, 82),
(932, 605),
(932, 453),
(932, 278),
(933, 779),
(933, 667),
(933, 679),
(933, 201),
(933, 706),
(933, 551),
(933, 321),
(933, 259),
(933, 187),
(933, 394),
(933, 714),
(933, 439),
(933, 649),
(933, 46),
(933, 804),
(934, 779),
(934, 830),
(934, 925),
(934, 902),
(934, 591),
(934, 411),
(935, 704),
(935, 278),
(935, 90),
(935, 613),
(935, 987),
(935, 765),
(937, 490),
(937, 671),
(937, 722),
(937, 738),
(937, 733),
(937, 525),
(937, 617),
(937, 298),
(937, 267),
(938, 760),
(938, 178),
(938, 555),
(938, 524),
(938, 707),
(938, 707),
(938, 778),
(938, 97),
(938, 622),
(938, 317),
(940, 225),
(940, 105),
(940, 694),
(940, 317),
(940, 206),
(940, 686),
(940, 171),
(940, 935),
(940, 464),
(940, 186),
(940, 303),
(940, 286),
(940, 40),
(940, 177),
(940, 954),
(941, 11),
(941, 771),
(941, 328),
(941, 528),
(941, 428),
(941, 984),
(942, 985),
(942, 841),
(942, 988),
(942, 63),
(942, 461),
(943, 662),
(943, 828),
(943, 508),
(943, 218),
(943, 484),
(943, 616),
(943, 190),
(943, 733),
(943, 102),
(944, 447),
(944, 942),
(944, 92),
(944, 144),
(944, 164),
(944, 841),
(944, 367),
(944, 380),
(944, 671),
(944, 81),
(944, 680),
(944, 260),
(944, 547),
(944, 416),
(944, 30),
(945, 218),
(945, 381),
(945, 725),
(945, 215),
(945, 148),
(945, 445),
(945, 495),
(945, 313),
(945, 513),
(945, 758),
(945, 947),
(945, 393),
(945, 937),
(945, 697),
(946, 163),
(946, 577),
(946, 186),
(946, 333),
(946, 840),
(946, 542),
(946, 27),
(946, 988),
(946, 539),
(946, 918),
(946, 144),
(946, 80),
(946, 752),
(946, 830),
(946, 703),
(947, 363),
(947, 798),
(947, 781),
(947, 581),
(947, 193),
(947, 31),
(948, 556),
(948, 988),
(948, 153),
(948, 130),
(948, 147),
(949, 288),
(949, 536),
(949, 927),
(950, 909),
(950, 858),
(950, 233),
(950, 688),
(950, 931),
(950, 841),
(950, 401),
(950, 885),
(950, 41),
(950, 162),
(950, 235),
(950, 927),
(950, 568),
(950, 390),
(950, 485),
(951, 104),
(951, 661),
(951, 577),
(951, 565),
(951, 898),
(951, 962),
(951, 896),
(951, 992),
(951, 602),
(951, 783),
(951, 138),
(951, 959),
(951, 249),
(951, 871),
(951, 450),
(952, 300),
(953, 481),
(953, 974),
(953, 439),
(953, 337),
(953, 810),
(954, 527),
(954, 895),
(954, 750),
(954, 712),
(954, 448),
(954, 95),
(954, 746),
(954, 604),
(954, 285),
(954, 121),
(954, 966),
(954, 699),
(955, 828),
(956, 754),
(956, 165),
(956, 947),
(956, 848),
(957, 738),
(957, 260),
(957, 417),
(957, 848),
(957, 547),
(957, 658),
(957, 563),
(957, 634),
(957, 187),
(957, 130),
(957, 405),
(957, 647),
(957, 623),
(957, 47),
(957, 527),
(958, 665),
(958, 133),
(958, 609),
(958, 666),
(958, 70),
(958, 245),
(958, 145),
(958, 519),
(958, 669),
(958, 299),
(958, 151),
(958, 347),
(958, 664),
(958, 611),
(959, 752),
(959, 511),
(959, 98),
(959, 142),
(959, 385),
(959, 295),
(959, 175),
(959, 249),
(959, 590),
(959, 208),
(960, 388),
(960, 575),
(960, 152),
(961, 308),
(961, 399),
(962, 175),
(962, 577),
(962, 425),
(962, 506),
(962, 204),
(962, 899),
(962, 509),
(962, 799),
(962, 631),
(962, 147),
(962, 569),
(962, 28),
(962, 425),
(962, 24),
(962, 457),
(965, 740),
(966, 530),
(967, 110),
(967, 236),
(967, 851),
(967, 410),
(967, 784),
(967, 162),
(967, 807),
(967, 629),
(967, 603),
(967, 400),
(967, 244),
(967, 629),
(967, 881),
(967, 377),
(967, 186),
(969, 867),
(969, 393),
(969, 761),
(969, 126),
(969, 19),
(969, 15),
(969, 512),
(969, 30),
(969, 620),
(969, 735),
(969, 42),
(970, 280),
(970, 847),
(970, 451),
(970, 37),
(970, 768),
(970, 603),
(970, 947),
(970, 130),
(971, 388),
(971, 630),
(971, 345),
(971, 865),
(971, 189),
(971, 76),
(971, 13),
(971, 652),
(971, 730),
(971, 31),
(971, 157),
(971, 947),
(971, 597),
(971, 107),
(971, 139),
(972, 178),
(972, 745),
(972, 162),
(972, 704),
(972, 536),
(973, 247),
(974, 36),
(974, 311),
(974, 654),
(974, 81),
(974, 612),
(974, 359),
(974, 307),
(974, 104),
(974, 0),
(974, 77),
(974, 341),
(974, 375),
(974, 568),
(974, 858),
(974, 741),
(975, 902),
(975, 669),
(975, 348),
(975, 129),
(975, 626),
(975, 465),
(975, 532),
(975, 113),
(975, 693),
(975, 634),
(975, 527),
(975, 78),
(975, 263),
(975, 906),
(975, 770),
(976, 239),
(976, 369),
(976, 462),
(976, 103),
(976, 760),
(976, 90),
(976, 178),
(976, 373),
(976, 896),
(976, 802),
(976, 517),
(976, 748),
(977, 291),
(977, 213),
(977, 957),
(977, 32),
(977, 299),
(977, 7),
(977, 976),
(977, 582),
(977, 507),
(977, 316),
(977, 394),
(977, 782),
(977, 374),
(977, 680),
(977, 551),
(978, 405),
(978, 753),
(978, 861),
(978, 9),
(979, 942),
(979, 590),
(979, 965),
(979, 828),
(979, 397),
(979, 933),
(979, 627),
(979, 178),
(979, 436),
(979, 639),
(979, 727),
(979, 657),
(979, 900),
(979, 880),
(979, 842),
(980, 539),
(980, 457),
(980, 27),
(980, 122),
(980, 822),
(980, 957),
(980, 67),
(980, 769),
(980, 465),
(980, 235),
(980, 319),
(980, 659),
(980, 265),
(980, 632),
(980, 608),
(981, 177),
(981, 796),
(981, 268),
(981, 714),
(983, 552),
(983, 535),
(984, 464),
(984, 539),
(984, 463),
(984, 156),
(984, 880),
(985, 302),
(985, 618),
(986, 283),
(986, 417),
(986, 272),
(986, 47),
(987, 91),
(987, 43),
(987, 461),
(987, 349),
(987, 413),
(987, 40),
(987, 924),
(987, 364),
(987, 237),
(987, 15),
(987, 749),
(987, 142),
(987, 179),
(987, 624),
(987, 679),
(988, 302),
(988, 870),
(988, 987),
(988, 55),
(988, 629),
(988, 314),
(988, 601),
(988, 257),
(988, 571),
(988, 895),
(988, 245),
(988, 609),
(988, 191),
(988, 472),
(988, 491),
(989, 373),
(989, 309),
(989, 324),
(989, 929),
(989, 714),
(989, 599),
(989, 549),
(989, 99),
(989, 992),
(989, 147),
(990, 149),
(990, 254),
(990, 769),
(991, 529),
(991, 478),
(991, 496),
(991, 684),
(991, 879),
(991, 173),
(991, 792),
(991, 404),
(992, 872),
(992, 898),
(992, 355),
(992, 734),
(992, 621),
(992, 919),
(992, 906),
(992, 573),
(992, 612),
(992, 749),
(992, 41),
(993, 812),
(993, 708),
(993, 4),
(993, 711),
(994, 150),
(994, 614),
(994, 580),
(994, 229),
(994, 59),
(994, 932),
(994, 480),
(994, 520),
(994, 820),
(994, 698),
(994, 990),
(994, 235),
(994, 295),
(995, 832),
(995, 769),
(995, 526),
(995, 876),
(995, 692),
(995, 258),
(995, 506),
(995, 457),
(995, 128),
(995, 807),
(995, 176),
(995, 180),
(995, 482),
(996, 747),
(996, 59),
(996, 369),
(996, 179),
(996, 119),
(997, 115),
(997, 640),
(997, 909),
(997, 148),
(997, 555),
(997, 241),
(997, 665),
(997, 583),
(997, 721),
(997, 892),
(997, 170),
(997, 493),
(997, 875),
(997, 893),
(997, 41),
(998, 589),
(998, 213),
(998, 402),
(998, 423),
(998, 128),
(998, 155),
(998, 579),
(998, 629),
(998, 38),
(998, 214),
(998, 147),
(998, 556),
(998, 551),
(998, 134),
(998, 32),
(999, 55),
(999, 171),
(999, 894),
(999, 772),
(999, 633),
(999, 70),
(999, 150),
(999, 615),
(999, 544);



INSERT INTO groups (id, "name") VALUES
(0, 'v6Wb\zol`7'),
(1, 'fyz@U=8]3f'),
(2, 'O9A]@O6U]g'),
(3, 's^uDy;STmp'),
(4, 'Pu9s616Fwz'),
(5, 'O_e^LIvT8f'),
(6, '<q<vTHyWn@'),
(7, '2TgUhFJV7f'),
(8, 'r2pPPO2atS'),
(9, '5[cP?FcaEq'),
(10, 'B0@iWmX30l'),
(11, 'WKv_RlqFcK'),
(12, 'b^=ANcJ[XU'),
(13, '`PyN<8JKaO'),
(14, 'V4ZOl<k2o9'),
(15, 'gk?XmcoUMn'),
(16, 'LpN<Uy\]rE'),
(17, 'k]aGFMc4:N'),
(18, 'h5Q_ST0dop'),
(19, 'FT2=sou80e'),
(20, '^3Yues1@HE'),
(21, 'OQFOHk;Ls2'),
(22, 'h74Bisw5O1'),
(23, 'uroG:P;ZF\'),
(24, ':S6>?NYs`y'),
(25, '=:_:z3_=;s'),
(26, 'xD9i6]j3?N'),
(27, 'CMCqEsxP:R'),
(28, 'Fqbae;h\xk'),
(29, 'sQ5_VCc>ZJ'),
(30, 'ly7k6gED1C'),
(31, 'RYAvoEj76I'),
(32, 'Q:2Jku1?BL'),
(33, 'miqAOyjE``'),
(34, 'X4gmGGD=Z>'),
(35, 'D<FSzuJ11Y'),
(36, 'b<6;ybMvU:'),
(37, 'G6UxUtj?Hc'),
(38, 'fyn5oNtmOc'),
(39, 'HIXd41<0NZ'),
(40, '1VGt;@6;qu'),
(41, 'dhBMH7Na5]'),
(42, '3Svw[?WgHq'),
(43, 'n9LmpWyTek'),
(44, '`gQCV^[s1V'),
(45, 'pGHGnEe:Rw'),
(46, 'rS;3Ci3GKl'),
(47, 'Kgqj_\G^aB'),
(48, 'tffE3HHG78'),
(49, 'yPm9mc]@pW'),
(50, 'zpQ=O::Kk?'),
(51, '^7R_mFiIKH'),
(52, 'TbSNm9?r@m'),
(53, 'ecM;eO<msF'),
(54, 'jrnQK0=ri2'),
(55, '00cwkcAhIm'),
(56, '?lj_Y5u[5c'),
(57, ';IgHzwagpb'),
(58, 'ItMXJmtGj<'),
(59, 'vvdlxZOZvX');



INSERT INTO group_members ("user", "group") VALUES
(26, 0),
(183, 0),
(328, 0),
(402, 0),
(19, 0),
(0, 0),
(527, 1),
(482, 1),
(855, 1),
(650, 1),
(619, 1),
(0, 1),
(862, 2),
(569, 2),
(748, 2),
(657, 2),
(957, 2),
(0, 2),
(671, 3),
(584, 3),
(30, 3),
(126, 3),
(852, 3),
(0, 3),
(127, 4),
(378, 4),
(187, 4),
(486, 4),
(8, 4),
(0, 4),
(968, 5),
(225, 5),
(405, 5),
(978, 5),
(52, 5),
(0, 5),
(785, 6),
(435, 6),
(370, 6),
(444, 6),
(262, 6),
(0, 6),
(516, 7),
(809, 7),
(437, 7),
(995, 7),
(407, 7),
(0, 7),
(944, 8),
(165, 8),
(992, 8),
(709, 8),
(318, 8),
(0, 8),
(937, 9),
(672, 9),
(769, 9),
(376, 9),
(329, 9),
(0, 9),
(13, 10),
(20, 10),
(374, 10),
(413, 10),
(917, 10),
(0, 10),
(225, 11),
(202, 11),
(709, 11),
(218, 11),
(0, 11),
(821, 11),
(574, 12),
(822, 12),
(198, 12),
(399, 12),
(924, 12),
(0, 12),
(338, 13),
(510, 13),
(934, 13),
(668, 13),
(903, 13),
(0, 13),
(591, 14),
(272, 14),
(84, 14),
(382, 14),
(146, 14),
(0, 14),
(671, 15),
(261, 15),
(347, 15),
(312, 15),
(709, 15),
(0, 15),
(194, 16),
(320, 16),
(66, 16),
(882, 16),
(795, 16),
(0, 16),
(934, 17),
(641, 17),
(911, 17),
(11, 17),
(951, 17),
(0, 17),
(922, 18),
(801, 18),
(555, 18),
(155, 18),
(711, 18),
(0, 18),
(953, 19),
(708, 19),
(393, 19),
(817, 19),
(169, 19),
(0, 19),
(353, 20),
(525, 20),
(239, 20),
(403, 20),
(137, 20),
(0, 20),
(781, 21),
(220, 21),
(187, 21),
(692, 21),
(767, 21),
(0, 21),
(280, 22),
(849, 22),
(690, 22),
(325, 22),
(941, 22),
(0, 22),
(358, 23),
(391, 23),
(277, 23),
(654, 23),
(488, 23),
(0, 23),
(454, 24),
(896, 24),
(615, 24),
(554, 24),
(55, 24),
(0, 24),
(349, 25),
(157, 25),
(221, 25),
(251, 25),
(0, 25),
(35, 25),
(454, 26),
(288, 26),
(675, 26),
(413, 26),
(315, 26),
(0, 26),
(543, 27),
(164, 27),
(114, 27),
(255, 27),
(0, 27),
(658, 27),
(909, 28),
(722, 28),
(482, 28),
(865, 28),
(967, 28),
(0, 28),
(764, 29),
(149, 29),
(63, 29),
(924, 29),
(452, 29),
(0, 29),
(921, 30),
(513, 30),
(592, 30),
(272, 30),
(743, 30),
(0, 30),
(732, 31),
(342, 31),
(329, 31),
(573, 31),
(433, 31),
(0, 31),
(710, 32),
(892, 32),
(286, 32),
(247, 32),
(0, 32),
(590, 32),
(109, 33),
(81, 33),
(651, 33),
(59, 33),
(0, 33),
(996, 33),
(348, 34),
(578, 34),
(640, 34),
(30, 34),
(998, 34),
(0, 34),
(231, 35),
(494, 35),
(227, 35),
(666, 35),
(0, 35),
(475, 35),
(872, 36),
(544, 36),
(443, 36),
(717, 36),
(685, 36),
(0, 36),
(316, 37),
(446, 37),
(183, 37),
(847, 37),
(374, 37),
(0, 37),
(770, 38),
(190, 38),
(899, 38),
(730, 38),
(0, 38),
(673, 38),
(938, 39),
(436, 39),
(302, 39),
(255, 39),
(0, 39),
(457, 39),
(937, 40),
(542, 40),
(184, 40),
(975, 40),
(846, 40),
(0, 40),
(349, 41),
(158, 41),
(411, 41),
(368, 41),
(419, 41),
(0, 41),
(725, 42),
(757, 42),
(11, 42),
(151, 42),
(0, 42),
(819, 42),
(923, 43),
(432, 43),
(310, 43),
(358, 43),
(0, 43),
(14, 43),
(26, 44),
(962, 44),
(520, 44),
(0, 44),
(181, 44),
(429, 44),
(178, 45),
(122, 45),
(988, 45),
(0, 45),
(751, 45),
(815, 45),
(868, 46),
(170, 46),
(564, 46),
(647, 46),
(116, 46),
(0, 46),
(981, 47),
(892, 47),
(588, 47),
(949, 47),
(0, 47),
(979, 47),
(162, 48),
(914, 48),
(800, 48),
(0, 48),
(740, 48),
(979, 48),
(78, 49),
(529, 49),
(209, 49),
(737, 49),
(0, 49),
(719, 49),
(695, 50),
(86, 50),
(859, 50),
(386, 50),
(444, 50),
(0, 50),
(229, 51),
(288, 51),
(564, 51),
(867, 51),
(0, 51),
(853, 51),
(193, 52),
(832, 52),
(242, 52),
(729, 52),
(0, 52),
(775, 52),
(62, 53),
(964, 53),
(375, 53),
(744, 53),
(826, 53),
(0, 53),
(739, 54),
(331, 54),
(525, 54),
(933, 54),
(247, 54),
(0, 54),
(964, 55),
(639, 55),
(286, 55),
(124, 55),
(140, 55),
(0, 55),
(777, 56),
(553, 56),
(628, 56),
(295, 56),
(0, 56),
(853, 56),
(415, 57),
(992, 57),
(312, 57),
(854, 57),
(0, 57),
(819, 57),
(773, 58),
(230, 58),
(689, 58),
(702, 58),
(409, 58),
(0, 58),
(26, 59),
(440, 59),
(988, 59),
(958, 59),
(447, 59),
(0, 59);



