INSERT INTO users (id, "name") VALUES
(0, 'Shai'),
(1, 'John'),
(2, 'William'),
(3, 'James'),
(4, 'Charles'),
(5, 'George'),
(6, 'Frank'),
(7, 'Joseph'),
(8, 'Thomas'),
(9, 'Henry'),
(10, 'Robert'),
(11, 'Edward'),
(12, 'Harry'),
(13, 'Walter'),
(14, 'Arthur'),
(15, 'Fred'),
(16, 'Albert'),
(17, 'Samuel'),
(18, 'David'),
(19, 'Louis'),
(20, 'Joe'),
(21, 'Charlie'),
(22, 'Clarence'),
(23, 'Richard'),
(24, 'Andrew'),
(25, 'Daniel'),
(26, 'Ernest'),
(27, 'Will'),
(28, 'Jesse'),
(29, 'Oscar'),
(30, 'Lewis'),
(31, 'Peter'),
(32, 'Benjamin'),
(33, 'Frederick'),
(34, 'Willie'),
(35, 'Alfred'),
(36, 'Sam'),
(37, 'Roy'),
(38, 'Herbert'),
(39, 'Jacob'),
(40, 'Tom'),
(41, 'Elmer'),
(42, 'Carl'),
(43, 'Lee'),
(44, 'Howard'),
(45, 'Martin'),
(46, 'Michael'),
(47, 'Bert'),
(48, 'Herman'),
(49, 'Jim'),
(50, 'Francis'),
(51, 'Harvey'),
(52, 'Earl'),
(53, 'Eugene'),
(54, 'Ralph'),
(55, 'Ed'),
(56, 'Claude'),
(57, 'Edwin'),
(58, 'Ben'),
(59, 'Charley'),
(60, 'Paul'),
(61, 'Edgar'),
(62, 'Isaac'),
(63, 'Otto'),
(64, 'Luther'),
(65, 'Lawrence'),
(66, 'Ira'),
(67, 'Patrick'),
(68, 'Guy'),
(69, 'Oliver'),
(70, 'Theodore'),
(71, 'Hugh'),
(72, 'Clyde'),
(73, 'Alexander'),
(74, 'August'),
(75, 'Floyd'),
(76, 'Homer'),
(77, 'Jack'),
(78, 'Leonard'),
(79, 'Horace'),
(80, 'Marion'),
(81, 'Philip'),
(82, 'Allen'),
(83, 'Archie'),
(84, 'Stephen'),
(85, 'Chester'),
(86, 'Willis'),
(87, 'Raymond'),
(88, 'Rufus'),
(89, 'Warren'),
(90, 'Jessie'),
(91, 'Milton'),
(92, 'Alex'),
(93, 'Leo'),
(94, 'Julius'),
(95, 'Ray'),
(96, 'Sidney'),
(97, 'Bernard'),
(98, 'Dan'),
(99, 'Jerry'),
(100, 'Calvin'),
(101, 'Perry'),
(102, 'Dave'),
(103, 'Anthony'),
(104, 'Eddie'),
(105, 'Amos'),
(106, 'Dennis'),
(107, 'Clifford'),
(108, 'Leroy'),
(109, 'Wesley'),
(110, 'Alonzo'),
(111, 'Garfield'),
(112, 'Franklin'),
(113, 'Emil'),
(114, 'Leon'),
(115, 'Nathan'),
(116, 'Harold'),
(117, 'Matthew'),
(118, 'Levi'),
(119, 'Moses'),
(120, 'Everett'),
(121, 'Lester'),
(122, 'Winfield'),
(123, 'Adam'),
(124, 'Lloyd'),
(125, 'Mack'),
(126, 'Fredrick'),
(127, 'Jay'),
(128, 'Jess'),
(129, 'Melvin'),
(130, 'Noah'),
(131, 'Aaron'),
(132, 'Alvin'),
(133, 'Norman'),
(134, 'Gilbert'),
(135, 'Elijah'),
(136, 'Victor'),
(137, 'Gus'),
(138, 'Nelson'),
(139, 'Jasper'),
(140, 'Silas'),
(141, 'Christopher'),
(142, 'Jake'),
(143, 'Mike'),
(144, 'Percy'),
(145, 'Adolph'),
(146, 'Maurice'),
(147, 'Cornelius'),
(148, 'Felix'),
(149, 'Reuben'),
(150, 'Wallace'),
(151, 'Claud'),
(152, 'Roscoe'),
(153, 'Sylvester'),
(154, 'Earnest'),
(155, 'Hiram'),
(156, 'Otis'),
(157, 'Simon'),
(158, 'Willard'),
(159, 'Irvin'),
(160, 'Mark'),
(161, 'Jose'),
(162, 'Wilbur'),
(163, 'Abraham'),
(164, 'Virgil'),
(165, 'Clinton'),
(166, 'Elbert'),
(167, 'Leslie'),
(168, 'Marshall'),
(169, 'Owen'),
(170, 'Wiley'),
(171, 'Anton'),
(172, 'Morris'),
(173, 'Manuel'),
(174, 'Phillip'),
(175, 'Augustus'),
(176, 'Emmett'),
(177, 'Eli'),
(178, 'Nicholas'),
(179, 'Wilson'),
(180, 'Alva'),
(181, 'Harley'),
(182, 'Newton'),
(183, 'Timothy'),
(184, 'Marvin'),
(185, 'Ross'),
(186, 'Curtis'),
(187, 'Edmund'),
(188, 'Jeff'),
(189, 'Elias'),
(190, 'Harrison'),
(191, 'Stanley'),
(192, 'Columbus'),
(193, 'Lon'),
(194, 'Ora'),
(195, 'Ollie'),
(196, 'Russell'),
(197, 'Pearl'),
(198, 'Solomon'),
(199, 'Arch'),
(200, 'Asa'),
(201, 'Clayton'),
(202, 'Enoch'),
(203, 'Irving'),
(204, 'Mathew'),
(205, 'Nathaniel'),
(206, 'Scott'),
(207, 'Hubert'),
(208, 'Lemuel'),
(209, 'Andy'),
(210, 'Ellis'),
(211, 'Emanuel'),
(212, 'Joshua'),
(213, 'Millard'),
(214, 'Vernon'),
(215, 'Wade'),
(216, 'Cyrus'),
(217, 'Miles'),
(218, 'Rudolph'),
(219, 'Sherman'),
(220, 'Austin'),
(221, 'Bill'),
(222, 'Chas'),
(223, 'Lonnie'),
(224, 'Monroe'),
(225, 'Byron'),
(226, 'Edd'),
(227, 'Emery'),
(228, 'Grant'),
(229, 'Jerome'),
(230, 'Max'),
(231, 'Mose'),
(232, 'Steve'),
(233, 'Gordon'),
(234, 'Abe'),
(235, 'Pete'),
(236, 'Chris'),
(237, 'Clark'),
(238, 'Gustave'),
(239, 'Orville'),
(240, 'Lorenzo'),
(241, 'Bruce'),
(242, 'Marcus'),
(243, 'Preston'),
(244, 'Bob'),
(245, 'Dock'),
(246, 'Donald'),
(247, 'Jackson'),
(248, 'Cecil'),
(249, 'Barney'),
(250, 'Delbert'),
(251, 'Edmond'),
(252, 'Anderson'),
(253, 'Christian'),
(254, 'Glenn'),
(255, 'Jefferson'),
(256, 'Luke'),
(257, 'Neal'),
(258, 'Burt'),
(259, 'Ike'),
(260, 'Myron'),
(261, 'Tony'),
(262, 'Conrad'),
(263, 'Joel'),
(264, 'Matt'),
(265, 'Riley'),
(266, 'Vincent'),
(267, 'Emory'),
(268, 'Isaiah'),
(269, 'Nick'),
(270, 'Ezra'),
(271, 'Green'),
(272, 'Juan'),
(273, 'Clifton'),
(274, 'Lucius'),
(275, 'Porter'),
(276, 'Arnold'),
(277, 'Bud'),
(278, 'Jeremiah'),
(279, 'Taylor'),
(280, 'Forrest'),
(281, 'Roland'),
(282, 'Spencer'),
(283, 'Burton'),
(284, 'Don'),
(285, 'Emmet'),
(286, 'Gustav'),
(287, 'Louie'),
(288, 'Morgan'),
(289, 'Ned'),
(290, 'Van'),
(291, 'Ambrose'),
(292, 'Chauncey'),
(293, 'Elisha'),
(294, 'Ferdinand'),
(295, 'General'),
(296, 'Julian'),
(297, 'Kenneth'),
(298, 'Mitchell'),
(299, 'Allie'),
(300, 'Josh'),
(301, 'Judson'),
(302, 'Lyman'),
(303, 'Napoleon'),
(304, 'Pedro'),
(305, 'Berry'),
(306, 'Dewitt'),
(307, 'Ervin'),
(308, 'Forest'),
(309, 'Lynn'),
(310, 'Pink'),
(311, 'Ruben'),
(312, 'Sanford'),
(313, 'Ward'),
(314, 'Douglas'),
(315, 'Ole'),
(316, 'Omer'),
(317, 'Ulysses'),
(318, 'Walker'),
(319, 'Wilbert'),
(320, 'Adelbert'),
(321, 'Benjiman'),
(322, 'Ivan'),
(323, 'Jonas'),
(324, 'Major'),
(325, 'Abner'),
(326, 'Archibald'),
(327, 'Caleb'),
(328, 'Clint'),
(329, 'Dudley'),
(330, 'Granville'),
(331, 'King'),
(332, 'Mary'),
(333, 'Merton'),
(334, 'Antonio'),
(335, 'Bennie'),
(336, 'Carroll'),
(337, 'Freeman'),
(338, 'Josiah'),
(339, 'Milo'),
(340, 'Royal'),
(341, 'Dick'),
(342, 'Earle'),
(343, 'Elza'),
(344, 'Emerson'),
(345, 'Fletcher'),
(346, 'Judge'),
(347, 'Laurence'),
(348, 'Neil'),
(349, 'Roger'),
(350, 'Seth'),
(351, 'Glen'),
(352, 'Hugo'),
(353, 'Jimmie'),
(354, 'Johnnie'),
(355, 'Washington'),
(356, 'Elwood'),
(357, 'Gust'),
(358, 'Harmon'),
(359, 'Jordan'),
(360, 'Simeon'),
(361, 'Wayne'),
(362, 'Wilber'),
(363, 'Clem'),
(364, 'Evan'),
(365, 'Frederic'),
(366, 'Irwin'),
(367, 'Junius'),
(368, 'Lafayette'),
(369, 'Loren'),
(370, 'Madison'),
(371, 'Mason'),
(372, 'Orval'),
(373, 'Abram'),
(374, 'Aubrey'),
(375, 'Elliott'),
(376, 'Hans'),
(377, 'Karl'),
(378, 'Minor'),
(379, 'Wash'),
(380, 'Wilfred'),
(381, 'Allan'),
(382, 'Alphonse'),
(383, 'Dallas'),
(384, 'Dee'),
(385, 'Isiah'),
(386, 'Jason'),
(387, 'Johnny'),
(388, 'Lawson'),
(389, 'Lew'),
(390, 'Micheal'),
(391, 'Orin'),
(392, 'Addison'),
(393, 'Cal'),
(394, 'Erastus'),
(395, 'Francisco'),
(396, 'Hardy'),
(397, 'Lucien'),
(398, 'Randolph'),
(399, 'Stewart'),
(400, 'Vern'),
(401, 'Wilmer'),
(402, 'Zack'),
(403, 'Adrian'),
(404, 'Alvah'),
(405, 'Bertram'),
(406, 'Clay'),
(407, 'Ephraim'),
(408, 'Fritz'),
(409, 'Giles'),
(410, 'Grover'),
(411, 'Harris'),
(412, 'Isom'),
(413, 'Jesus'),
(414, 'Johnie'),
(415, 'Jonathan'),
(416, 'Lucian'),
(417, 'Malcolm'),
(418, 'Merritt'),
(419, 'Otho'),
(420, 'Perley'),
(421, 'Rolla'),
(422, 'Sandy'),
(423, 'Tomas'),
(424, 'Wilford'),
(425, 'Adolphus'),
(426, 'Angus'),
(427, 'Arther'),
(428, 'Carlos'),
(429, 'Cary'),
(430, 'Cassius'),
(431, 'Davis'),
(432, 'Hamilton'),
(433, 'Harve'),
(434, 'Israel'),
(435, 'Leander'),
(436, 'Melville'),
(437, 'Merle'),
(438, 'Murray'),
(439, 'Pleasant'),
(440, 'Sterling'),
(441, 'Steven'),
(442, 'Axel'),
(443, 'Boyd'),
(444, 'Bryant'),
(445, 'Clement'),
(446, 'Erwin'),
(447, 'Ezekiel'),
(448, 'Foster'),
(449, 'Frances'),
(450, 'Geo'),
(451, 'Houston'),
(452, 'Issac'),
(453, 'Jules'),
(454, 'Larkin'),
(455, 'Mat'),
(456, 'Morton'),
(457, 'Orlando'),
(458, 'Pierce'),
(459, 'Prince'),
(460, 'Rollie'),
(461, 'Rollin'),
(462, 'Sim'),
(463, 'Stuart'),
(464, 'Wilburn'),
(465, 'Bennett'),
(466, 'Casper'),
(467, 'Christ'),
(468, 'Dell'),
(469, 'Egbert'),
(470, 'Elmo'),
(471, 'Fay'),
(472, 'Gabriel'),
(473, 'Hector'),
(474, 'Horatio'),
(475, 'Lige'),
(476, 'Saul'),
(477, 'Smith'),
(478, 'Squire'),
(479, 'Tobe'),
(480, 'Tommie'),
(481, 'Wyatt'),
(482, 'Alford'),
(483, 'Alma'),
(484, 'Alton'),
(485, 'Andres'),
(486, 'Burl'),
(487, 'Cicero'),
(488, 'Dean'),
(489, 'Dorsey'),
(490, 'Enos'),
(491, 'Howell'),
(492, 'Lou'),
(493, 'Loyd'),
(494, 'Mahlon'),
(495, 'Nat'),
(496, 'Omar'),
(497, 'Oran'),
(498, 'Parker'),
(499, 'Raleigh');



INSERT INTO hobbies (id, "name") VALUES
(0, 'Tennis'),
(1, 'Chess'),
(2, 'Painting'),
(3, 'Soccer'),
(4, 'Reading'),
(5, 'Cycling');



INSERT INTO user_hobbies ("user", hobby) VALUES
(0, 5),
(2, 3),
(2, 5),
(2, 3),
(4, 1),
(6, 4),
(9, 5),
(9, 5),
(9, 0),
(9, 3),
(9, 5),
(11, 2),
(11, 4),
(14, 0),
(15, 1),
(15, 3),
(15, 2),
(15, 5),
(15, 3),
(16, 0),
(18, 1),
(18, 3),
(18, 0),
(20, 1),
(22, 3),
(22, 0),
(22, 3),
(22, 2),
(23, 4),
(23, 4),
(23, 1),
(25, 3),
(25, 0),
(26, 0),
(28, 0),
(30, 5),
(30, 1),
(33, 4),
(34, 1),
(34, 5),
(37, 5),
(37, 0),
(38, 4),
(44, 0),
(44, 1),
(45, 2),
(47, 2),
(50, 3),
(50, 0),
(50, 2),
(52, 0),
(52, 2),
(52, 5),
(55, 3),
(55, 1),
(55, 0),
(59, 3),
(59, 4),
(59, 2),
(59, 3),
(59, 0),
(62, 4),
(63, 4),
(63, 5),
(63, 2),
(65, 0),
(66, 1),
(67, 4),
(70, 5),
(70, 0),
(71, 3),
(76, 1),
(77, 0),
(77, 0),
(81, 2),
(81, 5),
(81, 0),
(81, 4),
(82, 2),
(82, 4),
(83, 2),
(85, 1),
(85, 1),
(87, 4),
(92, 4),
(93, 3),
(93, 0),
(93, 1),
(93, 1),
(94, 0),
(94, 3),
(94, 0),
(95, 5),
(96, 5),
(96, 0),
(98, 2),
(98, 0),
(98, 0),
(98, 5),
(101, 5),
(103, 4),
(106, 1),
(108, 3),
(108, 2),
(108, 0),
(109, 0),
(111, 2),
(111, 0),
(111, 1),
(111, 3),
(111, 4),
(113, 2),
(114, 0),
(114, 1),
(115, 3),
(120, 2),
(120, 0),
(123, 2),
(123, 5),
(125, 1),
(125, 3),
(125, 2),
(126, 1),
(129, 0),
(132, 4),
(133, 1),
(133, 4),
(135, 3),
(135, 5),
(135, 0),
(137, 5),
(137, 1),
(137, 5),
(137, 1),
(137, 3),
(138, 4),
(143, 4),
(143, 3),
(147, 3),
(147, 4),
(147, 1),
(147, 5),
(148, 4),
(148, 2),
(149, 3),
(150, 3),
(151, 0),
(151, 2),
(151, 3),
(154, 2),
(155, 0),
(158, 0),
(158, 1),
(159, 1),
(160, 2),
(160, 0),
(160, 0),
(163, 4),
(168, 4),
(171, 5),
(171, 4),
(172, 5),
(172, 1),
(173, 1),
(175, 0),
(175, 5),
(175, 5),
(176, 3),
(176, 1),
(178, 1),
(179, 0),
(180, 0),
(182, 1),
(183, 0),
(183, 2),
(183, 1),
(184, 2),
(184, 2),
(186, 1),
(186, 5),
(186, 5),
(186, 4),
(186, 3),
(187, 5),
(187, 0),
(187, 1),
(188, 5),
(188, 1),
(188, 2),
(188, 2),
(189, 1),
(190, 1),
(190, 2),
(192, 0),
(192, 3),
(192, 3),
(192, 2),
(194, 0),
(196, 1),
(198, 2),
(198, 3),
(198, 2),
(199, 4),
(200, 4),
(200, 2),
(200, 0),
(200, 2),
(200, 5),
(203, 0),
(203, 1),
(203, 1),
(206, 3),
(206, 4),
(206, 2),
(210, 2),
(211, 5),
(211, 5),
(211, 1),
(213, 0),
(213, 1),
(213, 4),
(213, 3),
(213, 3),
(214, 3),
(216, 0),
(217, 0),
(217, 1),
(217, 0),
(218, 3),
(218, 2),
(218, 2),
(218, 5),
(219, 3),
(220, 3),
(220, 4),
(220, 5),
(221, 3),
(221, 4),
(221, 5),
(222, 1),
(223, 5),
(223, 0),
(223, 3),
(226, 2),
(229, 3),
(229, 3),
(229, 5),
(229, 2),
(229, 2),
(230, 2),
(231, 0),
(236, 5),
(236, 0),
(237, 3),
(237, 5),
(238, 1),
(239, 4),
(240, 0),
(240, 2),
(240, 3),
(240, 5),
(240, 3),
(241, 4),
(241, 0),
(241, 1),
(241, 2),
(241, 5),
(243, 4),
(243, 4),
(243, 2),
(243, 0),
(243, 0),
(244, 1),
(245, 0),
(245, 0),
(245, 0),
(247, 0),
(248, 5),
(250, 2),
(252, 3),
(253, 4),
(256, 0),
(256, 1),
(257, 3),
(257, 5),
(258, 0),
(259, 0),
(259, 4),
(259, 2),
(266, 1),
(266, 1),
(266, 0),
(269, 1),
(269, 0),
(271, 2),
(272, 3),
(273, 2),
(273, 2),
(273, 5),
(273, 3),
(273, 4),
(277, 2),
(279, 1),
(282, 3),
(283, 4),
(287, 3),
(287, 3),
(289, 0),
(289, 0),
(289, 0),
(289, 5),
(290, 2),
(290, 5),
(291, 5),
(291, 2),
(291, 3),
(291, 3),
(292, 0),
(293, 1),
(293, 5),
(296, 4),
(296, 3),
(296, 2),
(296, 5),
(296, 4),
(298, 4),
(300, 3),
(300, 2),
(304, 2),
(304, 0),
(304, 3),
(304, 5),
(304, 1),
(306, 1),
(307, 2),
(308, 1),
(309, 3),
(309, 0),
(309, 3),
(317, 2),
(318, 0),
(319, 5),
(320, 4),
(320, 3),
(320, 0),
(322, 1),
(323, 4),
(328, 1),
(330, 3),
(330, 5),
(330, 0),
(330, 0),
(330, 1),
(331, 4),
(334, 1),
(334, 5),
(337, 4),
(340, 2),
(340, 2),
(340, 1),
(340, 5),
(341, 0),
(343, 1),
(343, 1),
(343, 3),
(345, 0),
(345, 5),
(345, 0),
(345, 3),
(345, 0),
(346, 2),
(346, 0),
(346, 4),
(350, 3),
(352, 4),
(353, 4),
(353, 1),
(353, 3),
(353, 0),
(357, 0),
(358, 4),
(358, 4),
(358, 5),
(358, 0),
(358, 1),
(361, 4),
(361, 5),
(363, 2),
(365, 0),
(367, 2),
(371, 1),
(371, 5),
(373, 1),
(375, 2),
(375, 2),
(375, 2),
(376, 5),
(376, 0),
(376, 1),
(376, 4),
(376, 1),
(378, 2),
(378, 0),
(378, 2),
(380, 2),
(381, 4),
(382, 0),
(383, 2),
(384, 5),
(386, 0),
(387, 3),
(387, 3),
(387, 4),
(391, 4),
(392, 2),
(392, 4),
(392, 5),
(392, 3),
(393, 5),
(393, 4),
(393, 4),
(394, 1),
(396, 1),
(396, 2),
(396, 4),
(402, 5),
(402, 4),
(402, 0),
(402, 5),
(402, 2),
(405, 0),
(405, 4),
(406, 5),
(407, 1),
(407, 5),
(407, 2),
(407, 5),
(407, 2),
(408, 0),
(408, 2),
(408, 1),
(410, 4),
(410, 2),
(412, 1),
(412, 1),
(412, 1),
(415, 0),
(415, 2),
(420, 1),
(420, 3),
(425, 0),
(426, 0),
(426, 5),
(426, 5),
(426, 3),
(432, 0),
(434, 0),
(434, 4),
(435, 0),
(435, 3),
(435, 1),
(435, 3),
(440, 0),
(441, 3),
(444, 1),
(444, 1),
(447, 2),
(447, 0),
(449, 3),
(450, 1),
(450, 5),
(451, 0),
(451, 1),
(451, 4),
(453, 2),
(456, 0),
(456, 4),
(459, 3),
(460, 1),
(463, 1),
(465, 2),
(465, 0),
(465, 2),
(465, 2),
(470, 3),
(470, 2),
(476, 5),
(477, 3),
(478, 1),
(478, 5),
(478, 3),
(478, 3),
(480, 1),
(480, 3),
(481, 0),
(481, 4),
(481, 3),
(482, 0),
(485, 5),
(487, 2),
(490, 4),
(490, 5),
(490, 2),
(491, 5),
(493, 3),
(495, 5),
(496, 2),
(496, 4),
(496, 3),
(496, 3),
(498, 2),
(498, 0);



INSERT INTO friends ("user", friend) VALUES
(1, 26),
(1, 391),
(1, 209),
(1, 259),
(1, 450),
(2, 71),
(2, 292),
(4, 42),
(4, 120),
(4, 278),
(4, 18),
(5, 97),
(5, 178),
(5, 156),
(5, 362),
(5, 14),
(5, 408),
(5, 271),
(5, 490),
(6, 121),
(6, 148),
(6, 226),
(6, 59),
(6, 482),
(6, 191),
(6, 189),
(6, 356),
(7, 17),
(7, 362),
(7, 144),
(7, 266),
(7, 326),
(7, 92),
(7, 60),
(7, 302),
(8, 410),
(9, 453),
(9, 198),
(9, 489),
(9, 281),
(9, 57),
(9, 443),
(9, 61),
(9, 249),
(10, 493),
(10, 238),
(10, 298),
(10, 312),
(10, 61),
(10, 434),
(10, 350),
(11, 383),
(12, 39),
(12, 285),
(12, 83),
(12, 44),
(12, 448),
(12, 456),
(12, 385),
(12, 496),
(13, 448),
(13, 36),
(13, 413),
(13, 395),
(13, 417),
(13, 206),
(13, 182),
(13, 48),
(14, 328),
(14, 436),
(14, 110),
(14, 363),
(14, 360),
(14, 403),
(14, 164),
(14, 87),
(15, 304),
(15, 205),
(16, 428),
(16, 415),
(16, 424),
(16, 256),
(16, 373),
(16, 25),
(16, 184),
(16, 38),
(17, 166),
(17, 468),
(17, 195),
(17, 252),
(17, 316),
(17, 405),
(17, 166),
(17, 428),
(19, 402),
(19, 359),
(19, 35),
(19, 149),
(19, 85),
(19, 104),
(19, 198),
(19, 90),
(20, 15),
(20, 232),
(20, 349),
(20, 468),
(20, 420),
(20, 46),
(21, 83),
(21, 33),
(21, 2),
(21, 167),
(21, 401),
(22, 425),
(22, 134),
(22, 75),
(22, 421),
(22, 251),
(22, 97),
(22, 114),
(22, 359),
(23, 181),
(23, 468),
(23, 306),
(24, 483),
(24, 482),
(24, 370),
(24, 9),
(24, 75),
(24, 427),
(24, 113),
(24, 293),
(25, 305),
(25, 37),
(25, 226),
(25, 255),
(28, 204),
(28, 385),
(28, 323),
(28, 315),
(28, 138),
(28, 2),
(28, 466),
(28, 311),
(29, 25),
(29, 332),
(29, 339),
(29, 250),
(29, 34),
(29, 117),
(29, 247),
(29, 66),
(30, 386),
(31, 443),
(31, 255),
(31, 490),
(31, 220),
(31, 145),
(31, 135),
(31, 329),
(31, 32),
(32, 294),
(32, 471),
(32, 292),
(32, 15),
(32, 312),
(32, 168),
(32, 488),
(32, 119),
(33, 88),
(33, 71),
(33, 315),
(33, 448),
(33, 417),
(33, 104),
(33, 325),
(33, 119),
(34, 219),
(34, 95),
(34, 129),
(34, 415),
(34, 273),
(34, 389),
(34, 81),
(34, 495),
(35, 172),
(35, 178),
(35, 471),
(35, 8),
(35, 19),
(35, 5),
(35, 489),
(35, 470),
(36, 113),
(37, 239),
(37, 430),
(37, 102),
(37, 362),
(37, 467),
(37, 133),
(37, 494),
(38, 345),
(38, 269),
(38, 492),
(38, 397),
(38, 278),
(38, 122),
(38, 324),
(38, 276),
(39, 289),
(39, 356),
(39, 106),
(39, 189),
(39, 430),
(39, 131),
(40, 368),
(40, 61),
(40, 493),
(40, 441),
(40, 243),
(40, 71),
(40, 274),
(40, 241),
(41, 266),
(41, 115),
(41, 461),
(41, 154),
(41, 81),
(41, 273),
(41, 208),
(41, 440),
(42, 238),
(42, 383),
(42, 201),
(42, 110),
(42, 167),
(42, 211),
(42, 260),
(42, 279),
(43, 63),
(43, 132),
(43, 312),
(43, 129),
(44, 17),
(44, 229),
(44, 289),
(44, 283),
(44, 159),
(44, 7),
(44, 124),
(44, 33),
(45, 468),
(45, 486),
(45, 39),
(45, 266),
(45, 221),
(45, 455),
(45, 481),
(45, 476),
(46, 480),
(46, 254),
(46, 29),
(46, 390),
(46, 96),
(46, 98),
(46, 88),
(46, 350),
(47, 240),
(47, 393),
(47, 319),
(47, 135),
(47, 261),
(47, 124),
(47, 371),
(47, 334),
(48, 377),
(48, 297),
(48, 318),
(48, 283),
(48, 145),
(48, 47),
(48, 56),
(48, 148),
(49, 214),
(49, 188),
(49, 50),
(49, 418),
(49, 32),
(50, 494),
(50, 90),
(50, 474),
(50, 347),
(50, 271),
(50, 335),
(50, 290),
(50, 444),
(51, 63),
(51, 425),
(51, 63),
(51, 252),
(51, 364),
(51, 294),
(51, 276),
(51, 42),
(52, 421),
(52, 98),
(52, 211),
(52, 305),
(53, 34),
(54, 262),
(54, 44),
(54, 174),
(54, 45),
(54, 229),
(54, 332),
(55, 400),
(55, 36),
(55, 41),
(55, 170),
(55, 212),
(55, 491),
(55, 87),
(55, 317),
(56, 311),
(56, 3),
(56, 23),
(56, 151),
(56, 40),
(56, 138),
(56, 315),
(56, 447),
(57, 284),
(57, 437),
(57, 184),
(57, 226),
(57, 285),
(57, 492),
(57, 492),
(57, 486),
(58, 113),
(58, 378),
(58, 424),
(58, 164),
(58, 69),
(58, 412),
(58, 279),
(58, 141),
(59, 212),
(59, 191),
(59, 164),
(59, 358),
(59, 449),
(59, 410),
(59, 371),
(60, 457),
(60, 374),
(60, 49),
(60, 389),
(61, 26),
(61, 114),
(61, 159),
(61, 211),
(62, 121),
(62, 8),
(62, 240),
(62, 481),
(63, 197),
(63, 498),
(63, 16),
(64, 392),
(64, 437),
(64, 280),
(64, 328),
(64, 480),
(64, 60),
(64, 379),
(65, 385),
(66, 43),
(68, 41),
(68, 473),
(68, 439),
(68, 167),
(68, 173),
(68, 362),
(68, 294),
(68, 485),
(69, 162),
(69, 278),
(69, 465),
(69, 180),
(69, 373),
(69, 125),
(69, 267),
(72, 283),
(72, 80),
(72, 181),
(72, 81),
(72, 13),
(72, 184),
(72, 282),
(72, 302),
(74, 345),
(74, 28),
(75, 183),
(75, 214),
(75, 43),
(75, 98),
(75, 483),
(75, 325),
(75, 463),
(75, 375),
(76, 63),
(76, 291),
(76, 40),
(76, 491),
(76, 120),
(76, 314),
(76, 83),
(77, 343),
(77, 335),
(77, 103),
(78, 303),
(78, 437),
(78, 199),
(78, 426),
(78, 214),
(78, 13),
(79, 439),
(79, 314),
(79, 385),
(79, 490),
(79, 457),
(79, 170),
(79, 67),
(79, 356),
(80, 309),
(80, 93),
(80, 488),
(80, 187),
(80, 44),
(80, 90),
(80, 351),
(80, 433),
(81, 393),
(81, 339),
(81, 246),
(81, 202),
(81, 441),
(81, 35),
(81, 71),
(81, 106),
(82, 422),
(82, 35),
(82, 492),
(82, 398),
(82, 62),
(82, 407),
(83, 370),
(83, 201),
(84, 89),
(84, 420),
(84, 396),
(84, 259),
(85, 371),
(85, 499),
(85, 137),
(85, 301),
(86, 491),
(86, 459),
(86, 375),
(86, 47),
(86, 8),
(86, 362),
(86, 310),
(87, 94),
(87, 34),
(88, 406),
(88, 220),
(88, 485),
(88, 7),
(88, 251),
(89, 443),
(89, 377),
(89, 183),
(89, 194),
(89, 443),
(89, 436),
(90, 391),
(90, 102),
(90, 131),
(90, 100),
(90, 73),
(90, 209),
(90, 105),
(92, 393),
(92, 492),
(92, 285),
(92, 484),
(92, 59),
(92, 228),
(92, 135),
(92, 430),
(93, 84),
(93, 343),
(93, 70),
(93, 378),
(93, 19),
(93, 344),
(93, 171),
(93, 295),
(94, 350),
(94, 434),
(95, 473),
(95, 297),
(95, 363),
(95, 237),
(96, 430),
(96, 424),
(96, 488),
(96, 42),
(96, 9),
(96, 436),
(96, 151),
(97, 210),
(97, 234),
(97, 356),
(97, 353),
(97, 481),
(97, 262),
(97, 409),
(97, 451),
(99, 391),
(100, 274),
(100, 213),
(100, 229),
(100, 441),
(100, 184),
(101, 206),
(101, 159),
(101, 197),
(101, 79),
(101, 382),
(101, 287),
(101, 70),
(101, 475),
(102, 48),
(102, 321),
(102, 483),
(103, 301),
(104, 387),
(104, 250),
(104, 467),
(104, 314),
(104, 403),
(104, 237),
(104, 430),
(104, 196),
(105, 452),
(105, 388),
(105, 227),
(105, 465),
(105, 141),
(105, 164),
(105, 103),
(105, 49),
(106, 463),
(106, 277),
(106, 53),
(106, 277),
(106, 29),
(106, 158),
(106, 248),
(106, 2),
(107, 379),
(107, 308),
(107, 293),
(107, 112),
(108, 344),
(108, 301),
(108, 309),
(109, 297),
(109, 165),
(109, 126),
(109, 292),
(109, 278),
(109, 373),
(109, 445),
(109, 476),
(110, 118),
(112, 330),
(112, 455),
(112, 111),
(112, 442),
(112, 180),
(112, 489),
(112, 215),
(112, 412),
(113, 64),
(113, 151),
(113, 73),
(113, 348),
(113, 130),
(114, 370),
(114, 356),
(114, 210),
(114, 51),
(114, 371),
(114, 491),
(114, 422),
(114, 468),
(115, 187),
(115, 133),
(115, 283),
(115, 453),
(115, 178),
(115, 460),
(115, 438),
(115, 67),
(116, 146),
(116, 71),
(117, 189),
(117, 35),
(117, 54),
(117, 301),
(117, 105),
(117, 385),
(117, 285),
(117, 200),
(118, 33),
(118, 445),
(118, 127),
(118, 395),
(118, 182),
(118, 448),
(118, 371),
(118, 318),
(119, 465),
(119, 311),
(119, 246),
(119, 459),
(119, 112),
(119, 143),
(119, 365),
(119, 348),
(120, 73),
(120, 148),
(120, 6),
(120, 211),
(120, 315),
(120, 93),
(120, 413),
(120, 450),
(121, 241),
(121, 409),
(121, 234),
(121, 324),
(121, 414),
(121, 352),
(121, 332),
(121, 11),
(122, 248),
(123, 184),
(123, 336),
(123, 155),
(123, 346),
(123, 173),
(123, 345),
(123, 199),
(123, 262),
(124, 171),
(124, 33),
(124, 334),
(125, 367),
(125, 384),
(125, 105),
(125, 334),
(125, 316),
(125, 384),
(126, 308),
(126, 7),
(126, 252),
(126, 389),
(126, 483),
(126, 371),
(126, 146),
(127, 426),
(127, 44),
(127, 145),
(128, 431),
(129, 210),
(129, 74),
(129, 484),
(129, 334),
(129, 96),
(129, 27),
(129, 46),
(129, 130),
(130, 201),
(130, 309),
(130, 477),
(130, 60),
(130, 46),
(130, 470),
(130, 328),
(130, 321),
(131, 42),
(131, 180),
(131, 441),
(131, 142),
(131, 454),
(131, 309),
(131, 388),
(131, 461),
(132, 167),
(132, 487),
(132, 59),
(132, 64),
(132, 7),
(132, 300),
(132, 77),
(132, 14),
(133, 402),
(133, 475),
(133, 77),
(133, 415),
(133, 443),
(133, 251),
(133, 226),
(133, 169),
(134, 196),
(134, 49),
(134, 97),
(134, 446),
(134, 483),
(134, 253),
(134, 311),
(134, 114),
(135, 144),
(135, 93),
(135, 50),
(135, 497),
(135, 153),
(135, 225),
(135, 415),
(135, 469),
(136, 344),
(136, 188),
(136, 323),
(136, 73),
(136, 387),
(136, 69),
(136, 207),
(136, 474),
(137, 296),
(137, 424),
(137, 397),
(138, 190),
(138, 359),
(138, 328),
(139, 410),
(139, 298),
(139, 105),
(139, 270),
(139, 474),
(139, 421),
(139, 37),
(139, 333),
(140, 300),
(140, 8),
(140, 108),
(140, 313),
(140, 141),
(140, 217),
(140, 378),
(140, 240),
(141, 251),
(142, 170),
(142, 423),
(142, 439),
(143, 5),
(143, 22),
(143, 244),
(143, 129),
(143, 370),
(143, 330),
(143, 4),
(143, 422),
(144, 278),
(146, 339),
(147, 317),
(147, 479),
(147, 245),
(147, 105),
(147, 445),
(147, 273),
(147, 314),
(147, 469),
(148, 454),
(148, 320),
(149, 125),
(149, 36),
(149, 198),
(149, 308),
(149, 482),
(149, 146),
(149, 485),
(149, 249),
(150, 30),
(150, 298),
(150, 345),
(150, 62),
(150, 415),
(150, 337),
(150, 117),
(151, 270),
(151, 168),
(151, 459),
(151, 57),
(151, 92),
(151, 222),
(151, 247),
(151, 330),
(152, 453),
(152, 304),
(152, 209),
(152, 121),
(152, 117),
(152, 344),
(152, 418),
(152, 404),
(153, 18),
(153, 8),
(153, 209),
(153, 446),
(153, 307),
(153, 453),
(153, 372),
(153, 255),
(154, 35),
(154, 448),
(154, 337),
(154, 111),
(154, 148),
(154, 394),
(154, 362),
(154, 24),
(155, 225),
(155, 219),
(155, 39),
(155, 171),
(155, 275),
(155, 335),
(155, 25),
(155, 327),
(156, 472),
(156, 132),
(157, 249),
(157, 301),
(157, 136),
(157, 236),
(157, 291),
(157, 125),
(157, 215),
(157, 278),
(158, 33),
(158, 105),
(158, 306),
(158, 381),
(158, 334),
(158, 365),
(158, 408),
(158, 183),
(159, 497),
(159, 67),
(159, 217),
(159, 232),
(159, 175),
(159, 438),
(159, 468),
(159, 182),
(160, 334),
(160, 361),
(161, 324),
(161, 62),
(161, 457),
(161, 445),
(161, 418),
(163, 52),
(163, 13),
(163, 388),
(163, 76),
(164, 128),
(165, 473),
(165, 35),
(165, 476),
(165, 268),
(165, 112),
(165, 351),
(165, 177),
(165, 294),
(166, 157),
(166, 280),
(166, 484),
(166, 409),
(166, 239),
(166, 292),
(166, 35),
(166, 38),
(167, 305),
(167, 484),
(167, 414),
(167, 272),
(169, 141),
(169, 340),
(169, 124),
(169, 358),
(169, 344),
(169, 488),
(169, 264),
(169, 209),
(170, 186),
(170, 455),
(170, 13),
(171, 135),
(171, 481),
(171, 185),
(171, 232),
(171, 148),
(171, 12),
(171, 223),
(171, 251),
(172, 272),
(172, 15),
(172, 70),
(172, 277),
(172, 460),
(172, 419),
(173, 29),
(174, 172),
(174, 165),
(175, 473),
(175, 34),
(175, 71),
(175, 383),
(175, 64),
(175, 241),
(175, 74),
(175, 204),
(176, 52),
(176, 485),
(176, 88),
(176, 364),
(176, 298),
(176, 455),
(176, 21),
(176, 333),
(177, 25),
(177, 237),
(177, 304),
(177, 476),
(177, 338),
(177, 312),
(177, 339),
(177, 425),
(178, 254),
(178, 498),
(178, 271),
(178, 53),
(178, 379),
(178, 175),
(179, 341),
(179, 52),
(179, 394),
(180, 25),
(181, 454),
(181, 85),
(181, 382),
(181, 421),
(181, 210),
(181, 152),
(181, 321),
(183, 280),
(183, 484),
(185, 9),
(185, 457),
(186, 363),
(186, 471),
(186, 263),
(186, 405),
(186, 83),
(186, 424),
(186, 277),
(186, 189),
(187, 23),
(188, 208),
(188, 371),
(188, 379),
(188, 403),
(188, 320),
(188, 483),
(188, 442),
(188, 109),
(190, 47),
(190, 149),
(190, 243),
(190, 299),
(190, 352),
(191, 441),
(191, 194),
(191, 456),
(191, 232),
(191, 305),
(191, 316),
(192, 255),
(192, 467),
(192, 121),
(192, 147),
(192, 275),
(194, 119),
(194, 384),
(194, 499),
(194, 95),
(194, 276),
(194, 336),
(194, 467),
(194, 222),
(195, 240),
(196, 361),
(196, 478),
(196, 163),
(196, 408),
(196, 194),
(196, 317),
(196, 280),
(198, 370),
(198, 459),
(198, 395),
(198, 472),
(198, 36),
(198, 369),
(198, 80),
(198, 16),
(199, 259),
(199, 333),
(199, 143),
(199, 358),
(199, 392),
(199, 471),
(199, 479),
(199, 216),
(200, 52),
(200, 377),
(200, 169),
(200, 1),
(201, 446),
(201, 371),
(201, 140),
(201, 348),
(201, 429),
(201, 402),
(201, 463),
(201, 331),
(202, 28),
(202, 238),
(202, 175),
(202, 305),
(202, 62),
(202, 334),
(202, 203),
(202, 230),
(203, 28),
(203, 363),
(204, 451),
(204, 187),
(204, 131),
(204, 51),
(204, 365),
(204, 451),
(204, 442),
(204, 243),
(206, 266),
(206, 72),
(206, 1),
(206, 490),
(206, 229),
(206, 47),
(206, 474),
(207, 46),
(207, 290),
(207, 57),
(207, 90),
(207, 134),
(208, 192),
(208, 181),
(208, 264),
(208, 412),
(209, 399),
(209, 33),
(209, 282),
(210, 93),
(210, 167),
(210, 147),
(210, 325),
(210, 360),
(210, 245),
(210, 430),
(210, 339),
(211, 310),
(211, 433),
(213, 169),
(213, 289),
(213, 8),
(213, 144),
(213, 121),
(213, 127),
(214, 266),
(214, 202),
(215, 2),
(215, 267),
(215, 201),
(215, 142),
(215, 457),
(215, 256),
(215, 282),
(215, 197),
(216, 260),
(216, 190),
(216, 34),
(216, 156),
(216, 290),
(217, 125),
(217, 58),
(217, 27),
(217, 364),
(217, 63),
(217, 229),
(217, 428),
(217, 325),
(218, 5),
(219, 251),
(219, 23),
(219, 377),
(219, 463),
(219, 19),
(219, 98),
(219, 213),
(219, 220),
(220, 56),
(220, 324),
(220, 452),
(220, 240),
(220, 252),
(220, 51),
(220, 89),
(220, 449),
(221, 390),
(221, 322),
(221, 207),
(221, 101),
(221, 37),
(221, 404),
(221, 258),
(221, 192),
(222, 231),
(222, 358),
(222, 265),
(222, 219),
(222, 4),
(222, 241),
(222, 61),
(222, 234),
(223, 355),
(223, 106),
(223, 81),
(223, 10),
(223, 15),
(224, 2),
(224, 261),
(224, 480),
(224, 274),
(224, 170),
(224, 239),
(224, 91),
(224, 382),
(225, 288),
(225, 338),
(225, 39),
(225, 296),
(225, 348),
(225, 336),
(225, 337),
(225, 138),
(226, 395),
(226, 138),
(226, 285),
(228, 206),
(228, 214),
(228, 378),
(228, 450),
(228, 29),
(228, 148),
(228, 340),
(228, 478),
(229, 3),
(229, 130),
(229, 205),
(229, 456),
(229, 196),
(229, 70),
(229, 86),
(229, 66),
(230, 321),
(230, 28),
(230, 120),
(230, 304),
(230, 447),
(230, 392),
(230, 481),
(230, 261),
(231, 118),
(231, 384),
(232, 55),
(232, 392),
(232, 176),
(232, 269),
(232, 298),
(232, 31),
(232, 469),
(232, 184),
(233, 232),
(233, 128),
(233, 448),
(233, 110),
(233, 426),
(233, 296),
(233, 446),
(233, 440),
(234, 245),
(234, 479),
(234, 363),
(234, 470),
(234, 168),
(234, 143),
(234, 488),
(234, 201),
(235, 454),
(235, 240),
(237, 190),
(237, 441),
(237, 353),
(237, 48),
(237, 265),
(238, 396),
(238, 146),
(238, 230),
(238, 24),
(239, 26),
(239, 5),
(239, 281),
(239, 209),
(239, 476),
(239, 192),
(239, 482),
(239, 106),
(240, 200),
(240, 362),
(240, 111),
(240, 285),
(240, 385),
(240, 147),
(240, 173),
(240, 275),
(241, 59),
(241, 243),
(241, 411),
(241, 24),
(241, 8),
(241, 306),
(241, 120),
(241, 411),
(242, 118),
(242, 390),
(242, 467),
(242, 102),
(242, 352),
(242, 139),
(242, 279),
(242, 81),
(243, 377),
(243, 221),
(243, 324),
(243, 344),
(243, 194),
(243, 463),
(243, 264),
(243, 354),
(245, 18),
(245, 254),
(245, 52),
(245, 204),
(245, 403),
(245, 378),
(245, 64),
(245, 315),
(246, 364),
(246, 219),
(246, 63),
(246, 413),
(246, 55),
(246, 279),
(246, 154),
(246, 316),
(247, 99),
(247, 420),
(247, 457),
(247, 450),
(248, 485),
(249, 88),
(249, 346),
(249, 240),
(249, 106),
(249, 84),
(249, 368),
(249, 467),
(249, 303),
(250, 443),
(250, 2),
(250, 145),
(250, 113),
(250, 22),
(250, 271),
(251, 245),
(251, 415),
(251, 87),
(251, 374),
(251, 485),
(251, 282),
(251, 401),
(251, 196),
(252, 0),
(252, 119),
(252, 237),
(252, 167),
(252, 192),
(252, 181),
(252, 109),
(252, 238),
(253, 127),
(254, 171),
(254, 360),
(254, 168),
(254, 344),
(254, 313),
(254, 215),
(254, 143),
(254, 468),
(255, 59),
(255, 273),
(260, 216),
(260, 341),
(260, 174),
(260, 425),
(260, 198),
(260, 459),
(260, 396),
(260, 450),
(261, 38),
(261, 433),
(261, 411),
(261, 363),
(261, 230),
(261, 224),
(261, 205),
(261, 420),
(262, 401),
(264, 9),
(264, 341),
(264, 99),
(264, 251),
(264, 335),
(264, 4),
(264, 462),
(264, 367),
(265, 129),
(265, 22),
(265, 70),
(265, 493),
(265, 488),
(267, 63),
(267, 255),
(267, 411),
(267, 200),
(267, 19),
(267, 486),
(267, 251),
(267, 154),
(268, 120),
(268, 269),
(268, 155),
(268, 204),
(268, 5),
(268, 313),
(269, 49),
(269, 130),
(269, 117),
(269, 476),
(269, 70),
(269, 308),
(269, 96),
(269, 458),
(270, 498),
(270, 160),
(271, 78),
(271, 30),
(271, 171),
(271, 223),
(271, 460),
(271, 2),
(272, 317),
(272, 416),
(272, 16),
(272, 41),
(272, 154),
(272, 281),
(272, 146),
(272, 426),
(273, 402),
(273, 163),
(273, 375),
(273, 229),
(273, 321),
(273, 165),
(273, 437),
(273, 35),
(274, 180),
(274, 150),
(274, 483),
(274, 74),
(274, 56),
(275, 366),
(275, 416),
(275, 375),
(275, 251),
(275, 492),
(275, 129),
(275, 71),
(275, 237),
(276, 348),
(276, 125),
(276, 484),
(276, 144),
(276, 209),
(276, 311),
(276, 5),
(276, 352),
(277, 321),
(277, 256),
(277, 335),
(277, 109),
(277, 223),
(277, 345),
(277, 11),
(277, 482),
(278, 66),
(278, 274),
(278, 251),
(278, 315),
(279, 103),
(279, 253),
(279, 494),
(279, 130),
(280, 137),
(280, 367),
(280, 83),
(280, 283),
(280, 402),
(280, 37),
(280, 19),
(280, 186),
(281, 458),
(281, 299),
(281, 164),
(281, 62),
(281, 64),
(281, 156),
(281, 471),
(281, 338),
(282, 226),
(282, 299),
(282, 22),
(282, 59),
(282, 333),
(282, 303),
(282, 74),
(282, 447),
(283, 438),
(283, 493),
(283, 256),
(283, 343),
(283, 202),
(283, 278),
(283, 75),
(283, 161),
(284, 169),
(284, 181),
(284, 337),
(284, 343),
(284, 319),
(284, 128),
(284, 474),
(285, 471),
(285, 320),
(285, 64),
(286, 334),
(286, 420),
(286, 5),
(286, 277),
(286, 190),
(286, 108),
(286, 490),
(286, 17),
(287, 187),
(287, 105),
(287, 470),
(287, 340),
(288, 75),
(288, 44),
(290, 258),
(290, 456),
(290, 226),
(290, 27),
(290, 174),
(290, 187),
(290, 204),
(290, 37),
(291, 184),
(291, 285),
(291, 115),
(292, 362),
(292, 72),
(293, 11),
(294, 21),
(294, 143),
(294, 270),
(294, 300),
(294, 486),
(294, 278),
(294, 398),
(294, 284),
(295, 361),
(295, 144),
(295, 62),
(295, 60),
(295, 193),
(295, 140),
(295, 479),
(295, 395),
(297, 154),
(297, 313),
(297, 33),
(297, 60),
(297, 111),
(297, 402),
(297, 230),
(297, 201),
(298, 499),
(298, 445),
(298, 395),
(298, 299),
(298, 451),
(298, 224),
(298, 461),
(298, 390),
(299, 6),
(299, 463),
(299, 168),
(299, 69),
(299, 202),
(299, 382),
(299, 67),
(299, 239),
(300, 350),
(300, 401),
(300, 14),
(300, 193),
(300, 216),
(300, 7),
(300, 10),
(300, 62),
(301, 106),
(301, 28),
(301, 351),
(301, 290),
(301, 305),
(301, 397),
(301, 481),
(301, 455),
(302, 325),
(302, 306),
(302, 372),
(302, 113),
(302, 421),
(302, 203),
(302, 73),
(302, 296),
(303, 378),
(303, 293),
(303, 187),
(303, 60),
(303, 94),
(303, 204),
(303, 215),
(303, 202),
(304, 424),
(304, 130),
(304, 364),
(304, 27),
(304, 207),
(304, 474),
(304, 411),
(304, 1),
(305, 54),
(306, 9),
(306, 107),
(307, 260),
(307, 231),
(307, 101),
(307, 14),
(307, 275),
(307, 442),
(307, 196),
(307, 430),
(308, 158),
(308, 129),
(308, 221),
(308, 410),
(308, 333),
(308, 31),
(308, 353),
(308, 294),
(310, 468),
(310, 412),
(310, 6),
(310, 343),
(310, 131),
(310, 316),
(310, 329),
(310, 175),
(311, 135),
(311, 236),
(311, 142),
(311, 102),
(311, 453),
(311, 46),
(311, 434),
(311, 307),
(312, 297),
(312, 79),
(312, 179),
(312, 75),
(312, 427),
(312, 119),
(313, 346),
(313, 316),
(313, 90),
(313, 217),
(313, 413),
(314, 437),
(314, 145),
(314, 222),
(314, 250),
(314, 89),
(314, 291),
(314, 325),
(314, 214),
(315, 385),
(315, 288),
(315, 42),
(315, 203),
(316, 270),
(316, 440),
(316, 97),
(316, 265),
(316, 330),
(316, 284),
(316, 44),
(316, 406),
(318, 96),
(318, 201),
(319, 57),
(319, 31),
(319, 406),
(319, 294),
(319, 380),
(319, 272),
(319, 332),
(319, 326),
(320, 232),
(321, 448),
(321, 352),
(321, 261),
(321, 270),
(321, 30),
(321, 164),
(321, 212),
(321, 432),
(322, 339),
(322, 463),
(322, 145),
(323, 331),
(323, 499),
(323, 412),
(324, 114),
(324, 422),
(324, 194),
(324, 111),
(324, 315),
(324, 56),
(324, 60),
(324, 150),
(325, 178),
(325, 333),
(325, 15),
(325, 251),
(325, 263),
(325, 117),
(325, 488),
(325, 463),
(326, 267),
(326, 148),
(326, 204),
(326, 276),
(326, 217),
(326, 106),
(326, 247),
(326, 307),
(327, 194),
(327, 75),
(327, 176),
(327, 334),
(327, 249),
(327, 485),
(327, 149),
(327, 436),
(328, 487),
(328, 54),
(328, 279),
(328, 91),
(329, 38),
(329, 24),
(329, 255),
(329, 208),
(329, 287),
(329, 291),
(329, 132),
(329, 102),
(330, 108),
(330, 29),
(330, 65),
(330, 458),
(331, 89),
(331, 319),
(331, 204),
(331, 47),
(331, 121),
(331, 241),
(331, 484),
(331, 278),
(332, 419),
(332, 453),
(332, 395),
(332, 257),
(332, 424),
(332, 300),
(332, 372),
(332, 458),
(334, 103),
(334, 97),
(334, 105),
(334, 79),
(334, 353),
(334, 21),
(334, 492),
(334, 214),
(335, 92),
(335, 128),
(335, 367),
(335, 17),
(335, 340),
(335, 422),
(335, 163),
(335, 133),
(336, 263),
(336, 479),
(336, 495),
(336, 303),
(336, 428),
(336, 207),
(336, 137),
(336, 161),
(337, 35),
(337, 47),
(337, 3),
(337, 237),
(337, 55),
(337, 271),
(337, 176),
(338, 407),
(338, 246),
(338, 17),
(339, 321),
(339, 117),
(339, 428),
(339, 157),
(339, 223),
(339, 381),
(339, 340),
(339, 281),
(341, 481),
(341, 187),
(341, 375),
(341, 392),
(341, 249),
(341, 58),
(341, 161),
(341, 170),
(342, 8),
(342, 98),
(342, 410),
(342, 239),
(342, 310),
(342, 35),
(343, 78),
(343, 418),
(343, 279),
(343, 365),
(343, 96),
(343, 116),
(343, 21),
(343, 477),
(344, 1),
(344, 284),
(344, 434),
(344, 46),
(344, 204),
(344, 278),
(346, 262),
(346, 280),
(346, 275),
(346, 20),
(346, 425),
(346, 164),
(346, 491),
(346, 493),
(347, 421),
(347, 346),
(347, 495),
(347, 312),
(347, 19),
(347, 208),
(347, 390),
(347, 147),
(348, 382),
(348, 304),
(348, 473),
(348, 272),
(348, 79),
(348, 94),
(348, 214),
(348, 34),
(350, 457),
(350, 96),
(350, 361),
(350, 308),
(350, 122),
(350, 381),
(350, 414),
(350, 201),
(351, 400),
(351, 475),
(351, 243),
(351, 490),
(351, 444),
(351, 100),
(352, 141),
(353, 283),
(353, 33),
(353, 214),
(353, 316),
(353, 174),
(353, 354),
(353, 149),
(353, 172),
(354, 290),
(354, 469),
(354, 330),
(355, 432),
(355, 385),
(355, 294),
(355, 77),
(355, 301),
(355, 168),
(355, 63),
(355, 323),
(356, 478),
(356, 30),
(356, 445),
(356, 385),
(356, 438),
(356, 91),
(356, 407),
(356, 87),
(357, 488),
(357, 47),
(357, 94),
(357, 415),
(357, 296),
(357, 448),
(357, 264),
(357, 32),
(358, 428),
(358, 68),
(358, 268),
(358, 381),
(358, 475),
(358, 467),
(358, 337),
(358, 103),
(359, 17),
(359, 105),
(359, 439),
(359, 94),
(360, 275),
(360, 184),
(360, 339),
(360, 421),
(360, 243),
(360, 428),
(360, 98),
(360, 229),
(361, 329),
(361, 461),
(361, 36),
(361, 255),
(361, 37),
(361, 499),
(361, 480),
(361, 395),
(363, 470),
(363, 51),
(363, 305),
(363, 165),
(363, 387),
(363, 38),
(363, 367),
(364, 201),
(364, 9),
(364, 401),
(364, 496),
(364, 160),
(364, 236),
(364, 482),
(365, 277),
(365, 199),
(365, 423),
(365, 220),
(365, 361),
(365, 462),
(365, 305),
(365, 442),
(366, 157),
(367, 227),
(367, 16),
(367, 158),
(367, 483),
(367, 301),
(367, 342),
(368, 101),
(368, 234),
(368, 278),
(368, 267),
(368, 320),
(368, 10),
(368, 176),
(368, 248),
(369, 276),
(369, 332),
(369, 400),
(369, 166),
(369, 50),
(369, 298),
(369, 415),
(369, 203),
(370, 271),
(370, 456),
(370, 280),
(370, 85),
(370, 197),
(370, 37),
(370, 343),
(370, 472),
(371, 84),
(371, 9),
(371, 52),
(371, 311),
(371, 462),
(371, 459),
(372, 481),
(373, 233),
(373, 455),
(373, 184),
(374, 152),
(374, 254),
(374, 247),
(374, 64),
(374, 135),
(374, 362),
(374, 223),
(374, 158),
(375, 204),
(375, 325),
(376, 293),
(376, 441),
(376, 404),
(376, 397),
(376, 197),
(376, 499),
(376, 88),
(376, 462),
(377, 120),
(377, 44),
(377, 251),
(377, 112),
(377, 482),
(377, 326),
(378, 42),
(378, 321),
(378, 163),
(378, 409),
(378, 41),
(378, 385),
(378, 368),
(378, 243),
(379, 228),
(379, 166),
(379, 150),
(379, 349),
(379, 168),
(379, 167),
(379, 274),
(379, 182),
(380, 255),
(380, 123),
(380, 242),
(380, 385),
(380, 87),
(380, 420),
(380, 211),
(381, 458),
(381, 207),
(381, 106),
(381, 184),
(381, 494),
(381, 211),
(381, 253),
(381, 92),
(382, 96),
(382, 223),
(382, 103),
(382, 138),
(382, 274),
(382, 54),
(382, 263),
(382, 470),
(383, 397),
(383, 261),
(383, 128),
(383, 320),
(383, 487),
(383, 432),
(383, 88),
(383, 494),
(384, 385),
(384, 6),
(384, 216),
(384, 225),
(384, 463),
(384, 181),
(384, 25),
(384, 213),
(385, 282),
(385, 381),
(385, 300),
(385, 127),
(385, 472),
(385, 73),
(385, 109),
(385, 231),
(386, 183),
(386, 409),
(386, 437),
(386, 23),
(386, 191),
(386, 99),
(386, 349),
(386, 383),
(387, 249),
(388, 44),
(388, 276),
(388, 157),
(388, 418),
(388, 273),
(388, 411),
(388, 404),
(388, 215),
(389, 213),
(389, 302),
(390, 13),
(390, 110),
(390, 188),
(391, 245),
(392, 449),
(392, 267),
(392, 475),
(392, 366),
(392, 451),
(392, 185),
(392, 79),
(392, 140),
(393, 497),
(393, 76),
(393, 104),
(393, 334),
(393, 213),
(394, 410),
(394, 176),
(394, 411),
(394, 390),
(394, 485),
(394, 224),
(394, 149),
(394, 48),
(395, 399),
(395, 104),
(395, 292),
(395, 31),
(395, 347),
(395, 246),
(395, 344),
(395, 297),
(396, 210),
(397, 476),
(397, 306),
(397, 414),
(397, 144),
(397, 472),
(397, 64),
(397, 76),
(398, 307),
(399, 141),
(399, 236),
(399, 298),
(400, 481),
(400, 340),
(400, 329),
(400, 197),
(400, 148),
(400, 114),
(400, 214),
(400, 458),
(401, 148),
(403, 446),
(403, 193),
(403, 471),
(403, 316),
(403, 357),
(403, 402),
(403, 5),
(403, 142),
(404, 143),
(404, 249),
(404, 454),
(404, 256),
(404, 316),
(404, 426),
(404, 421),
(404, 382),
(405, 181),
(405, 432),
(405, 252),
(405, 402),
(405, 442),
(405, 418),
(405, 82),
(405, 287),
(406, 140),
(406, 358),
(406, 137),
(406, 386),
(407, 33),
(407, 197),
(407, 66),
(408, 445),
(408, 28),
(408, 269),
(408, 158),
(408, 179),
(408, 210),
(408, 213),
(408, 144),
(410, 281),
(410, 210),
(410, 98),
(410, 485),
(410, 159),
(410, 467),
(410, 160),
(410, 207),
(411, 353),
(411, 168),
(411, 139),
(411, 297),
(411, 413),
(411, 253),
(411, 243),
(411, 35),
(412, 195),
(412, 235),
(412, 221),
(412, 290),
(412, 7),
(412, 115),
(412, 136),
(412, 21),
(414, 418),
(414, 472),
(414, 351),
(414, 297),
(415, 215),
(415, 172),
(415, 242),
(415, 21),
(415, 64),
(415, 49),
(415, 230),
(417, 438),
(417, 457),
(417, 251),
(417, 269),
(417, 236),
(417, 154),
(417, 478),
(417, 377),
(418, 165),
(418, 448),
(418, 415),
(419, 298),
(419, 34),
(419, 176),
(419, 425),
(419, 445),
(419, 175),
(419, 472),
(419, 226),
(420, 170),
(420, 77),
(420, 17),
(421, 120),
(421, 29),
(421, 406),
(421, 478),
(421, 103),
(421, 43),
(421, 218),
(421, 64),
(422, 154),
(422, 424),
(422, 487),
(422, 124),
(422, 245),
(422, 188),
(422, 82),
(423, 422),
(423, 477),
(423, 333),
(423, 332),
(423, 411),
(423, 274),
(423, 289),
(423, 223),
(425, 52),
(425, 257),
(426, 323),
(430, 469),
(430, 342),
(430, 299),
(430, 54),
(430, 140),
(430, 469),
(431, 127),
(431, 162),
(431, 284),
(431, 71),
(431, 103),
(432, 382),
(432, 303),
(432, 9),
(432, 119),
(432, 487),
(432, 280),
(432, 314),
(432, 451),
(434, 288),
(434, 39),
(434, 230),
(434, 61),
(434, 86),
(434, 377),
(434, 84),
(434, 170),
(435, 498),
(436, 141),
(436, 164),
(436, 301),
(436, 418),
(436, 473),
(436, 14),
(436, 242),
(436, 303),
(437, 301),
(437, 54),
(437, 133),
(437, 124),
(437, 417),
(437, 103),
(438, 129),
(438, 389),
(439, 499),
(439, 227),
(440, 498),
(440, 458),
(441, 285),
(441, 84),
(441, 88),
(441, 132),
(441, 453),
(441, 406),
(441, 50),
(441, 440),
(442, 474),
(442, 213),
(442, 466),
(442, 102),
(443, 108),
(443, 237),
(443, 315),
(443, 105),
(443, 415),
(444, 103),
(444, 237),
(444, 32),
(444, 284),
(444, 98),
(444, 353),
(444, 296),
(444, 366),
(445, 3),
(445, 20),
(445, 92),
(445, 41),
(445, 206),
(446, 384),
(446, 168),
(446, 164),
(446, 455),
(446, 112),
(446, 88),
(446, 198),
(446, 176),
(447, 12),
(447, 164),
(447, 490),
(447, 421),
(447, 306),
(448, 420),
(448, 202),
(448, 488),
(449, 452),
(449, 108),
(450, 9),
(450, 427),
(450, 169),
(450, 427),
(450, 376),
(450, 136),
(450, 172),
(450, 237),
(451, 325),
(451, 356),
(451, 5),
(451, 309),
(451, 27),
(451, 386),
(451, 151),
(451, 22),
(452, 477),
(452, 373),
(452, 392),
(452, 353),
(452, 101),
(452, 183),
(452, 308),
(453, 337),
(454, 299),
(454, 83),
(454, 101),
(454, 230),
(454, 365),
(454, 161),
(454, 202),
(454, 437),
(456, 66),
(456, 129),
(456, 341),
(456, 177),
(456, 247),
(456, 368),
(456, 105),
(456, 5),
(458, 334),
(459, 419),
(459, 115),
(459, 248),
(459, 261),
(459, 223),
(459, 271),
(459, 74),
(459, 409),
(460, 483),
(460, 215),
(460, 269),
(460, 239),
(460, 268),
(460, 156),
(460, 3),
(461, 381),
(461, 140),
(461, 462),
(461, 263),
(462, 474),
(462, 465),
(462, 355),
(462, 218),
(462, 18),
(462, 30),
(462, 455),
(462, 415),
(464, 96),
(464, 405),
(464, 129),
(464, 341),
(464, 264),
(464, 216),
(465, 166),
(465, 80),
(465, 137),
(465, 323),
(465, 54),
(465, 392),
(466, 361),
(466, 296),
(466, 198),
(466, 290),
(466, 39),
(466, 383),
(466, 146),
(466, 103),
(467, 350),
(467, 486),
(468, 342),
(469, 62),
(469, 47),
(469, 73),
(469, 171),
(469, 108),
(469, 422),
(469, 13),
(469, 270),
(470, 232),
(471, 483),
(471, 356),
(471, 427),
(471, 8),
(471, 384),
(471, 410),
(471, 112),
(471, 17),
(472, 36),
(472, 394),
(472, 385),
(472, 447),
(472, 439),
(472, 352),
(472, 354),
(472, 123),
(473, 123),
(473, 271),
(473, 57),
(474, 168),
(475, 241),
(475, 46),
(475, 286),
(475, 153),
(475, 116),
(475, 101),
(475, 351),
(475, 355),
(476, 306),
(476, 441),
(476, 45),
(476, 319),
(476, 322),
(476, 428),
(476, 115),
(477, 10),
(477, 284),
(477, 304),
(477, 481),
(478, 237),
(478, 178),
(478, 27),
(478, 106),
(478, 181),
(478, 469),
(478, 273),
(478, 178),
(479, 56),
(480, 174),
(480, 11),
(480, 398),
(480, 96),
(480, 429),
(480, 145),
(480, 193),
(480, 86),
(481, 0),
(481, 217),
(481, 128),
(481, 260),
(481, 426),
(481, 370),
(481, 237),
(481, 308),
(482, 117),
(482, 338),
(482, 254),
(483, 62),
(483, 228),
(483, 100),
(483, 434),
(483, 192),
(483, 298),
(483, 492),
(483, 409),
(484, 493),
(484, 485),
(485, 55),
(485, 210),
(485, 305),
(485, 103),
(485, 356),
(485, 39),
(485, 130),
(485, 201),
(486, 442),
(486, 359),
(486, 59),
(486, 481),
(486, 90),
(486, 348),
(486, 305),
(486, 271),
(487, 316),
(488, 342),
(488, 103),
(488, 443),
(488, 414),
(488, 239),
(488, 282),
(488, 413),
(488, 140),
(490, 306),
(490, 204),
(490, 390),
(490, 495),
(490, 447),
(490, 435),
(490, 421),
(490, 127),
(491, 198),
(491, 107),
(491, 278),
(491, 414),
(492, 317),
(492, 493),
(494, 275),
(495, 129),
(495, 491),
(495, 323),
(496, 110),
(496, 440),
(496, 185),
(496, 43),
(496, 358),
(496, 254),
(496, 463),
(496, 163),
(497, 52),
(497, 467),
(497, 113),
(497, 306),
(497, 407),
(497, 314),
(497, 167),
(497, 442),
(499, 198),
(499, 161),
(499, 370),
(499, 87),
(499, 231),
(499, 278),
(499, 202),
(499, 340);



INSERT INTO groups (id, "name") VALUES
(0, '8w<6O9:lu0'),
(1, '8CJnvecLvD'),
(2, 'BQsMO?RYft'),
(3, 'HiA]Y5QzM`'),
(4, 'sv;xwke2>v'),
(5, '@[s:Efm89t'),
(6, 'w;YQ4=s4<V'),
(7, '6m\4cNt]00'),
(8, 'GP@diCxYj>'),
(9, 'MKJ4phgSFP'),
(10, 'kzxlh9mK3n'),
(11, 'F4hsG4Y6Cl'),
(12, 'mFre<\m[aM'),
(13, '2P[]`8I_eM'),
(14, ']bDQw6w\_l'),
(15, '^Xl^AdKZVe'),
(16, 'C=tdiyX]wP'),
(17, 'c3bpYk_>7c'),
(18, '1vD]XxZjy?'),
(19, '98fgBVd4C`'),
(20, 'bUQ^8pzPA?'),
(21, '>MF>309f?1'),
(22, ':rf_wr5SGW'),
(23, 'jvn=Hwt38U'),
(24, 'gL3Ty>4>?h'),
(25, 'Y``S?Yno0@'),
(26, '12ANhWESZ:'),
(27, 'gjAa:Iuzvz'),
(28, '<9so6?ZsSu'),
(29, 'XfczfHk:XV');



INSERT INTO group_members ("user", "group") VALUES
(480, 0),
(273, 0),
(294, 0),
(173, 0),
(81, 0),
(241, 1),
(94, 1),
(435, 1),
(90, 1),
(381, 1),
(176, 2),
(198, 2),
(116, 2),
(53, 2),
(238, 2),
(480, 3),
(25, 3),
(435, 3),
(315, 3),
(300, 3),
(346, 4),
(403, 4),
(278, 4),
(456, 4),
(412, 4),
(136, 5),
(447, 5),
(348, 5),
(162, 5),
(180, 5),
(389, 6),
(132, 6),
(301, 6),
(351, 6),
(324, 6),
(12, 7),
(118, 7),
(276, 7),
(265, 7),
(236, 7),
(454, 8),
(228, 8),
(296, 8),
(426, 8),
(287, 8),
(42, 9),
(41, 9),
(296, 9),
(270, 9),
(457, 9),
(3, 10),
(333, 10),
(271, 10),
(272, 10),
(331, 10),
(223, 11),
(425, 11),
(185, 11),
(426, 11),
(414, 11),
(167, 12),
(4, 12),
(406, 12),
(49, 12),
(170, 12),
(114, 13),
(221, 13),
(273, 13),
(159, 13),
(233, 13),
(274, 14),
(352, 14),
(374, 14),
(463, 14),
(211, 14),
(380, 15),
(447, 15),
(461, 15),
(196, 15),
(367, 15),
(443, 16),
(414, 16),
(80, 16),
(158, 16),
(170, 16),
(244, 17),
(480, 17),
(139, 17),
(344, 17),
(84, 17),
(202, 18),
(488, 18),
(337, 18),
(37, 18),
(292, 18),
(490, 19),
(61, 19),
(36, 19),
(481, 19),
(133, 19),
(151, 20),
(325, 20),
(499, 20),
(332, 20),
(468, 20),
(465, 21),
(296, 21),
(262, 21),
(81, 21),
(124, 21),
(187, 22),
(445, 22),
(330, 22),
(278, 22),
(370, 22),
(314, 23),
(479, 23),
(222, 23),
(178, 23),
(278, 23),
(424, 24),
(247, 24),
(128, 24),
(375, 24),
(150, 24),
(490, 25),
(464, 25),
(466, 25),
(249, 25),
(329, 25),
(347, 26),
(233, 26),
(312, 26),
(245, 26),
(378, 27),
(203, 27),
(390, 27),
(249, 27),
(32, 27),
(484, 28),
(139, 28),
(154, 28),
(180, 28),
(45, 28),
(65, 29),
(55, 29),
(469, 29),
(155, 29),
(450, 29);



