INSERT INTO users (id, "name", age, buddy) VALUES
(0, 'Shai', 21, 674),
(1, 'John', 30, null),
(2, 'William', 38, null),
(3, 'James', 38, null),
(4, 'Charles', 37, null),
(5, 'George', 19, null),
(6, 'Frank', 27, null),
(7, 'Joseph', 27, null),
(8, 'Thomas', 41, null),
(9, 'Henry', 36, null),
(10, 'Robert', 25, null),
(11, 'Edward', 44, null),
(12, 'Harry', 33, null),
(13, 'Walter', 45, null),
(14, 'Arthur', 49, null),
(15, 'Fred', 25, null),
(16, 'Albert', 37, null),
(17, 'Samuel', 23, null),
(18, 'David', 47, null),
(19, 'Louis', 26, null),
(20, 'Joe', 33, null),
(21, 'Charlie', 33, null),
(22, 'Clarence', 31, null),
(23, 'Richard', 37, 695),
(24, 'Andrew', 32, null),
(25, 'Daniel', 24, null),
(26, 'Ernest', 34, 423),
(27, 'Will', 37, null),
(28, 'Jesse', 41, 709),
(29, 'Oscar', 46, null),
(30, 'Lewis', 21, null),
(31, 'Peter', 48, null),
(32, 'Benjamin', 45, 571),
(33, 'Frederick', 22, null),
(34, 'Willie', 23, null),
(35, 'Alfred', 31, null),
(36, 'Sam', 38, null),
(37, 'Roy', 35, 183),
(38, 'Herbert', 38, null),
(39, 'Jacob', 37, null),
(40, 'Tom', 37, null),
(41, 'Elmer', 24, null),
(42, 'Carl', 33, null),
(43, 'Lee', 43, null),
(44, 'Howard', 36, null),
(45, 'Martin', 32, null),
(46, 'Michael', 39, null),
(47, 'Bert', 45, null),
(48, 'Herman', 22, 545),
(49, 'Jim', 28, null),
(50, 'Francis', 43, null),
(51, 'Harvey', 27, null),
(52, 'Earl', 38, null),
(53, 'Eugene', 30, null),
(54, 'Ralph', 24, null),
(55, 'Ed', 24, null),
(56, 'Claude', 40, null),
(57, 'Edwin', 20, null),
(58, 'Ben', 37, null),
(59, 'Charley', 28, null),
(60, 'Paul', 40, null),
(61, 'Edgar', 36, 169),
(62, 'Isaac', 37, null),
(63, 'Otto', 47, null),
(64, 'Luther', 43, 817),
(65, 'Lawrence', 35, null),
(66, 'Ira', 25, null),
(67, 'Patrick', 37, null),
(68, 'Guy', 41, null),
(69, 'Oliver', 18, null),
(70, 'Theodore', 48, null),
(71, 'Hugh', 24, 46),
(72, 'Clyde', 28, null),
(73, 'Alexander', 32, null),
(74, 'August', 32, null),
(75, 'Floyd', 19, null),
(76, 'Homer', 26, 536),
(77, 'Jack', 43, 879),
(78, 'Leonard', 48, null),
(79, 'Horace', 32, null),
(80, 'Marion', 42, null),
(81, 'Philip', 24, null),
(82, 'Allen', 37, null),
(83, 'Archie', 23, 100),
(84, 'Stephen', 34, null),
(85, 'Chester', 21, null),
(86, 'Willis', 44, 574),
(87, 'Raymond', 25, null),
(88, 'Rufus', 45, null),
(89, 'Warren', 23, null),
(90, 'Jessie', 39, null),
(91, 'Milton', 24, 517),
(92, 'Alex', 30, null),
(93, 'Leo', 26, null),
(94, 'Julius', 37, null),
(95, 'Ray', 39, null),
(96, 'Sidney', 24, null),
(97, 'Bernard', 30, null),
(98, 'Dan', 32, null),
(99, 'Jerry', 35, null),
(100, 'Calvin', 34, null),
(101, 'Perry', 39, null),
(102, 'Dave', 29, null),
(103, 'Anthony', 40, null),
(104, 'Eddie', 35, null),
(105, 'Amos', 44, null),
(106, 'Dennis', 41, null),
(107, 'Clifford', 20, null),
(108, 'Leroy', 39, 93),
(109, 'Wesley', 47, null),
(110, 'Alonzo', 45, null),
(111, 'Garfield', 36, null),
(112, 'Franklin', 30, null),
(113, 'Emil', 36, null),
(114, 'Leon', 29, null),
(115, 'Nathan', 19, null),
(116, 'Harold', 25, null),
(117, 'Matthew', 18, null),
(118, 'Levi', 21, null),
(119, 'Moses', 40, 543),
(120, 'Everett', 38, null),
(121, 'Lester', 31, null),
(122, 'Winfield', 45, null),
(123, 'Adam', 18, null),
(124, 'Lloyd', 44, null),
(125, 'Mack', 28, null),
(126, 'Fredrick', 38, 248),
(127, 'Jay', 26, null),
(128, 'Jess', 29, null),
(129, 'Melvin', 22, null),
(130, 'Noah', 21, null),
(131, 'Aaron', 44, null),
(132, 'Alvin', 46, null),
(133, 'Norman', 19, null),
(134, 'Gilbert', 37, null),
(135, 'Elijah', 26, null),
(136, 'Victor', 28, null),
(137, 'Gus', 47, null),
(138, 'Nelson', 27, null),
(139, 'Jasper', 36, null),
(140, 'Silas', 49, null),
(141, 'Christopher', 34, null),
(142, 'Jake', 36, null),
(143, 'Mike', 43, null),
(144, 'Percy', 28, null),
(145, 'Adolph', 18, null),
(146, 'Maurice', 43, null),
(147, 'Cornelius', 40, 288),
(148, 'Felix', 22, 786),
(149, 'Reuben', 33, null),
(150, 'Wallace', 33, null),
(151, 'Claud', 23, 231),
(152, 'Roscoe', 25, null),
(153, 'Sylvester', 19, null),
(154, 'Earnest', 22, null),
(155, 'Hiram', 47, null),
(156, 'Otis', 46, null),
(157, 'Simon', 45, 432),
(158, 'Willard', 27, 977),
(159, 'Irvin', 23, null),
(160, 'Mark', 41, null),
(161, 'Jose', 19, null),
(162, 'Wilbur', 44, null),
(163, 'Abraham', 26, null),
(164, 'Virgil', 44, null),
(165, 'Clinton', 37, null),
(166, 'Elbert', 28, null),
(167, 'Leslie', 19, null),
(168, 'Marshall', 49, null),
(169, 'Owen', 46, null),
(170, 'Wiley', 27, null),
(171, 'Anton', 34, 69),
(172, 'Morris', 41, null),
(173, 'Manuel', 47, null),
(174, 'Phillip', 38, null),
(175, 'Augustus', 32, 989),
(176, 'Emmett', 39, null),
(177, 'Eli', 33, 725),
(178, 'Nicholas', 19, 913),
(179, 'Wilson', 48, null),
(180, 'Alva', 46, null),
(181, 'Harley', 48, null),
(182, 'Newton', 33, 735),
(183, 'Timothy', 42, null),
(184, 'Marvin', 44, null),
(185, 'Ross', 48, null),
(186, 'Curtis', 18, 891),
(187, 'Edmund', 35, null),
(188, 'Jeff', 26, null),
(189, 'Elias', 21, null),
(190, 'Harrison', 34, null),
(191, 'Stanley', 41, null),
(192, 'Columbus', 29, 992),
(193, 'Lon', 24, null),
(194, 'Ora', 19, null),
(195, 'Ollie', 28, null),
(196, 'Russell', 34, 764),
(197, 'Pearl', 30, null),
(198, 'Solomon', 29, null),
(199, 'Arch', 47, null),
(200, 'Asa', 46, null),
(201, 'Clayton', 32, null),
(202, 'Enoch', 29, 616),
(203, 'Irving', 26, null),
(204, 'Mathew', 21, null),
(205, 'Nathaniel', 47, 21),
(206, 'Scott', 36, 257),
(207, 'Hubert', 35, null),
(208, 'Lemuel', 23, null),
(209, 'Andy', 36, null),
(210, 'Ellis', 37, null),
(211, 'Emanuel', 45, null),
(212, 'Joshua', 19, null),
(213, 'Millard', 25, null),
(214, 'Vernon', 34, null),
(215, 'Wade', 36, null),
(216, 'Cyrus', 31, null),
(217, 'Miles', 38, null),
(218, 'Rudolph', 39, null),
(219, 'Sherman', 30, null),
(220, 'Austin', 40, null),
(221, 'Bill', 19, null),
(222, 'Chas', 37, null),
(223, 'Lonnie', 40, null),
(224, 'Monroe', 47, null),
(225, 'Byron', 23, null),
(226, 'Edd', 43, 733),
(227, 'Emery', 46, null),
(228, 'Grant', 20, null),
(229, 'Jerome', 48, 682),
(230, 'Max', 30, null),
(231, 'Mose', 43, null),
(232, 'Steve', 44, null),
(233, 'Gordon', 20, 518),
(234, 'Abe', 31, 958),
(235, 'Pete', 39, null),
(236, 'Chris', 34, null),
(237, 'Clark', 27, null),
(238, 'Gustave', 48, null),
(239, 'Orville', 30, 925),
(240, 'Lorenzo', 35, null),
(241, 'Bruce', 18, 792),
(242, 'Marcus', 29, 547),
(243, 'Preston', 30, null),
(244, 'Bob', 42, null),
(245, 'Dock', 32, null),
(246, 'Donald', 25, 906),
(247, 'Jackson', 22, 198),
(248, 'Cecil', 29, null),
(249, 'Barney', 35, null),
(250, 'Delbert', 31, null),
(251, 'Edmond', 29, null),
(252, 'Anderson', 38, null),
(253, 'Christian', 45, 745),
(254, 'Glenn', 39, null),
(255, 'Jefferson', 23, 287),
(256, 'Luke', 37, null),
(257, 'Neal', 33, 715),
(258, 'Burt', 48, null),
(259, 'Ike', 19, 619),
(260, 'Myron', 37, 69),
(261, 'Tony', 33, null),
(262, 'Conrad', 45, 582),
(263, 'Joel', 21, 866),
(264, 'Matt', 34, null),
(265, 'Riley', 35, null),
(266, 'Vincent', 22, null),
(267, 'Emory', 49, null),
(268, 'Isaiah', 21, null),
(269, 'Nick', 30, null),
(270, 'Ezra', 46, null),
(271, 'Green', 37, null),
(272, 'Juan', 22, null),
(273, 'Clifton', 37, null),
(274, 'Lucius', 43, null),
(275, 'Porter', 33, 364),
(276, 'Arnold', 43, null),
(277, 'Bud', 26, null),
(278, 'Jeremiah', 26, null),
(279, 'Taylor', 49, null),
(280, 'Forrest', 25, null),
(281, 'Roland', 22, 822),
(282, 'Spencer', 37, null),
(283, 'Burton', 37, null),
(284, 'Don', 21, null),
(285, 'Emmet', 44, null),
(286, 'Gustav', 45, null),
(287, 'Louie', 38, null),
(288, 'Morgan', 37, 585),
(289, 'Ned', 24, 68),
(290, 'Van', 42, null),
(291, 'Ambrose', 40, 646),
(292, 'Chauncey', 18, 653),
(293, 'Elisha', 28, 794),
(294, 'Ferdinand', 24, null),
(295, 'General', 45, null),
(296, 'Julian', 32, 918),
(297, 'Kenneth', 40, null),
(298, 'Mitchell', 19, null),
(299, 'Allie', 41, null),
(300, 'Josh', 37, null),
(301, 'Judson', 29, 272),
(302, 'Lyman', 40, 895),
(303, 'Napoleon', 45, 602),
(304, 'Pedro', 21, null),
(305, 'Berry', 38, null),
(306, 'Dewitt', 39, null),
(307, 'Ervin', 22, null),
(308, 'Forest', 35, 173),
(309, 'Lynn', 41, null),
(310, 'Pink', 46, null),
(311, 'Ruben', 29, 772),
(312, 'Sanford', 37, null),
(313, 'Ward', 24, null),
(314, 'Douglas', 34, null),
(315, 'Ole', 29, null),
(316, 'Omer', 24, null),
(317, 'Ulysses', 20, null),
(318, 'Walker', 25, null),
(319, 'Wilbert', 35, null),
(320, 'Adelbert', 25, null),
(321, 'Benjiman', 20, null),
(322, 'Ivan', 30, 578),
(323, 'Jonas', 49, null),
(324, 'Major', 46, 159),
(325, 'Abner', 29, null),
(326, 'Archibald', 25, null),
(327, 'Caleb', 46, 805),
(328, 'Clint', 20, 166),
(329, 'Dudley', 33, null),
(330, 'Granville', 46, null),
(331, 'King', 41, 401),
(332, 'Mary', 19, 609),
(333, 'Merton', 31, 691),
(334, 'Antonio', 31, null),
(335, 'Bennie', 39, null),
(336, 'Carroll', 49, 832),
(337, 'Freeman', 40, null),
(338, 'Josiah', 35, null),
(339, 'Milo', 33, null),
(340, 'Royal', 44, null),
(341, 'Dick', 36, null),
(342, 'Earle', 38, null),
(343, 'Elza', 20, null),
(344, 'Emerson', 48, null),
(345, 'Fletcher', 20, null),
(346, 'Judge', 20, null),
(347, 'Laurence', 25, null),
(348, 'Neil', 38, 433),
(349, 'Roger', 29, null),
(350, 'Seth', 27, 36),
(351, 'Glen', 39, null),
(352, 'Hugo', 43, 62),
(353, 'Jimmie', 32, null),
(354, 'Johnnie', 22, 990),
(355, 'Washington', 30, null),
(356, 'Elwood', 33, null),
(357, 'Gust', 20, null),
(358, 'Harmon', 19, 204),
(359, 'Jordan', 40, null),
(360, 'Simeon', 25, 614),
(361, 'Wayne', 27, null),
(362, 'Wilber', 24, null),
(363, 'Clem', 43, 714),
(364, 'Evan', 46, null),
(365, 'Frederic', 41, null),
(366, 'Irwin', 21, null),
(367, 'Junius', 26, 631),
(368, 'Lafayette', 34, null),
(369, 'Loren', 41, null),
(370, 'Madison', 45, null),
(371, 'Mason', 46, null),
(372, 'Orval', 24, null),
(373, 'Abram', 48, null),
(374, 'Aubrey', 46, null),
(375, 'Elliott', 32, null),
(376, 'Hans', 34, null),
(377, 'Karl', 18, null),
(378, 'Minor', 33, 467),
(379, 'Wash', 31, 381),
(380, 'Wilfred', 49, 573),
(381, 'Allan', 25, null),
(382, 'Alphonse', 47, null),
(383, 'Dallas', 27, 337),
(384, 'Dee', 49, null),
(385, 'Isiah', 32, null),
(386, 'Jason', 44, null),
(387, 'Johnny', 43, 158),
(388, 'Lawson', 31, null),
(389, 'Lew', 28, null),
(390, 'Micheal', 42, null),
(391, 'Orin', 29, null),
(392, 'Addison', 46, null),
(393, 'Cal', 41, null),
(394, 'Erastus', 40, null),
(395, 'Francisco', 31, null),
(396, 'Hardy', 42, null),
(397, 'Lucien', 32, null),
(398, 'Randolph', 24, null),
(399, 'Stewart', 33, null),
(400, 'Vern', 28, null),
(401, 'Wilmer', 43, 751),
(402, 'Zack', 47, null),
(403, 'Adrian', 30, 136),
(404, 'Alvah', 20, 251),
(405, 'Bertram', 37, 602),
(406, 'Clay', 43, null),
(407, 'Ephraim', 33, 90),
(408, 'Fritz', 29, null),
(409, 'Giles', 32, null),
(410, 'Grover', 32, null),
(411, 'Harris', 27, null),
(412, 'Isom', 44, null),
(413, 'Jesus', 22, null),
(414, 'Johnie', 32, null),
(415, 'Jonathan', 23, null),
(416, 'Lucian', 27, null),
(417, 'Malcolm', 31, null),
(418, 'Merritt', 21, null),
(419, 'Otho', 31, null),
(420, 'Perley', 39, null),
(421, 'Rolla', 46, 112),
(422, 'Sandy', 19, null),
(423, 'Tomas', 26, null),
(424, 'Wilford', 26, null),
(425, 'Adolphus', 28, 88),
(426, 'Angus', 47, null),
(427, 'Arther', 37, 220),
(428, 'Carlos', 20, null),
(429, 'Cary', 26, null),
(430, 'Cassius', 38, null),
(431, 'Davis', 33, null),
(432, 'Hamilton', 32, null),
(433, 'Harve', 49, null),
(434, 'Israel', 27, null),
(435, 'Leander', 42, null),
(436, 'Melville', 45, null),
(437, 'Merle', 38, null),
(438, 'Murray', 43, null),
(439, 'Pleasant', 49, null),
(440, 'Sterling', 26, null),
(441, 'Steven', 36, null),
(442, 'Axel', 35, null),
(443, 'Boyd', 22, null),
(444, 'Bryant', 18, 946),
(445, 'Clement', 31, null),
(446, 'Erwin', 44, null),
(447, 'Ezekiel', 18, null),
(448, 'Foster', 37, 897),
(449, 'Frances', 30, null),
(450, 'Geo', 39, null),
(451, 'Houston', 31, null),
(452, 'Issac', 30, null),
(453, 'Jules', 42, null),
(454, 'Larkin', 30, null),
(455, 'Mat', 41, null),
(456, 'Morton', 20, 972),
(457, 'Orlando', 49, null),
(458, 'Pierce', 48, null),
(459, 'Prince', 30, null),
(460, 'Rollie', 46, null),
(461, 'Rollin', 22, null),
(462, 'Sim', 44, null),
(463, 'Stuart', 38, 747),
(464, 'Wilburn', 47, null),
(465, 'Bennett', 45, null),
(466, 'Casper', 28, 742),
(467, 'Christ', 21, null),
(468, 'Dell', 27, 229),
(469, 'Egbert', 38, null),
(470, 'Elmo', 30, 179),
(471, 'Fay', 19, null),
(472, 'Gabriel', 48, null),
(473, 'Hector', 31, null),
(474, 'Horatio', 20, 889),
(475, 'Lige', 49, null),
(476, 'Saul', 26, null),
(477, 'Smith', 46, null),
(478, 'Squire', 46, null),
(479, 'Tobe', 20, null),
(480, 'Tommie', 48, null),
(481, 'Wyatt', 44, null),
(482, 'Alford', 31, null),
(483, 'Alma', 24, null),
(484, 'Alton', 35, 269),
(485, 'Andres', 48, null),
(486, 'Burl', 25, null),
(487, 'Cicero', 29, 205),
(488, 'Dean', 30, null),
(489, 'Dorsey', 25, null),
(490, 'Enos', 22, null),
(491, 'Howell', 31, null),
(492, 'Lou', 37, 92),
(493, 'Loyd', 34, 974),
(494, 'Mahlon', 43, null),
(495, 'Nat', 32, null),
(496, 'Omar', 22, null),
(497, 'Oran', 28, null),
(498, 'Parker', 48, 23),
(499, 'Raleigh', 24, null),
(500, 'Reginald', 23, null),
(501, 'Rubin', 26, null),
(502, 'Seymour', 49, null),
(503, 'Wm', 31, null),
(504, 'Young', 18, null),
(505, 'Benjamine', 37, null),
(506, 'Carey', 22, null),
(507, 'Carlton', 41, null),
(508, 'Eldridge', 23, 324),
(509, 'Elzie', 19, 838),
(510, 'Garrett', 46, null),
(511, 'Isham', 24, null),
(512, 'Johnson', 36, null),
(513, 'Larry', 32, null),
(514, 'Logan', 42, 234),
(515, 'Merrill', 19, null),
(516, 'Mont', 21, null),
(517, 'Oren', 30, 879),
(518, 'Pierre', 41, 697),
(519, 'Rex', 38, null),
(520, 'Rodney', 26, null),
(521, 'Ted', 25, null),
(522, 'Webster', 49, null),
(523, 'West', 35, null),
(524, 'Wheeler', 28, null),
(525, 'Willam', 42, null),
(526, 'Al', 45, null),
(527, 'Aloysius', 28, null),
(528, 'Alvie', 25, null),
(529, 'Anna', 44, 318),
(530, 'Art', 31, null),
(531, 'Augustine', 20, null),
(532, 'Bailey', 22, null),
(533, 'Benjaman', 32, null),
(534, 'Beverly', 36, null),
(535, 'Bishop', 25, 552),
(536, 'Clair', 26, null),
(537, 'Cloyd', 40, 361),
(538, 'Coleman', 22, null),
(539, 'Dana', 36, null),
(540, 'Duncan', 43, null),
(541, 'Dwight', 37, null),
(542, 'Emile', 19, 201),
(543, 'Evert', 42, null),
(544, 'Henderson', 47, null),
(545, 'Hunter', 24, null),
(546, 'Jean', 35, null),
(547, 'Lem', 46, null),
(548, 'Luis', 32, null),
(549, 'Mathias', 20, null),
(550, 'Maynard', 28, 245),
(551, 'Miguel', 49, null),
(552, 'Mortimer', 30, 766),
(553, 'Nels', 40, null),
(554, 'Norris', 49, null),
(555, 'Pat', 21, null),
(556, 'Phil', 38, null),
(557, 'Rush', 22, null),
(558, 'Santiago', 32, null),
(559, 'Sol', 31, 611),
(560, 'Sydney', 33, null),
(561, 'Thaddeus', 48, null),
(562, 'Thornton', 43, null),
(563, 'Tim', 30, 960),
(564, 'Travis', 43, null),
(565, 'Truman', 48, null),
(566, 'Watson', 35, null),
(567, 'Webb', 38, null),
(568, 'Wellington', 47, null),
(569, 'Winfred', 43, 623),
(570, 'Wylie', 34, null),
(571, 'Alec', 26, null),
(572, 'Basil', 19, null),
(573, 'Baxter', 20, null),
(574, 'Bertrand', 30, null),
(575, 'Buford', 30, null),
(576, 'Burr', 23, 274),
(577, 'Cleveland', 36, null),
(578, 'Colonel', 25, null),
(579, 'Dempsey', 32, null),
(580, 'Early', 31, null),
(581, 'Ellsworth', 35, null),
(582, 'Fate', 25, null),
(583, 'Finley', 48, null),
(584, 'Gabe', 28, 586),
(585, 'Garland', 28, null),
(586, 'Gerald', 43, null),
(587, 'Herschel', 35, 160),
(588, 'Hezekiah', 22, null),
(589, 'Justus', 45, null),
(590, 'Lindsey', 41, null),
(591, 'Marcellus', 37, null),
(592, 'Olaf', 27, null),
(593, 'Olin', 40, null),
(594, 'Pablo', 18, null),
(595, 'Rolland', 30, null),
(596, 'Turner', 22, null),
(597, 'Verne', 28, null),
(598, 'Volney', 36, null),
(599, 'Williams', 44, null),
(600, 'Almon', 43, null),
(601, 'Alois', 46, null),
(602, 'Alonza', 48, null),
(603, 'Anson', 48, null),
(604, 'Authur', 24, null),
(605, 'Benton', 37, null),
(606, 'Billie', 33, null),
(607, 'Cornelious', 25, null),
(608, 'Darius', 30, null),
(609, 'Denis', 39, null),
(610, 'Dillard', 47, null),
(611, 'Doctor', 46, null),
(612, 'Elvin', 19, 789),
(613, 'Emma', 29, null),
(614, 'Eric', 32, null),
(615, 'Evans', 24, null),
(616, 'Gideon', 38, null),
(617, 'Haywood', 27, null),
(618, 'Hilliard', 26, null),
(619, 'Hosea', 34, null),
(620, 'Lincoln', 32, null),
(621, 'Lonzo', 43, null),
(622, 'Lucious', 24, null),
(623, 'Lum', 23, null),
(624, 'Malachi', 35, null),
(625, 'Newt', 40, null),
(626, 'Noel', 36, null),
(627, 'Orie', 29, null),
(628, 'Palmer', 19, null),
(629, 'Pinkney', 39, 414),
(630, 'Shirley', 29, null),
(631, 'Sumner', 43, null),
(632, 'Terry', 38, null),
(633, 'Urban', 42, null),
(634, 'Uriah', 38, null),
(635, 'Valentine', 18, null),
(636, 'Waldo', 49, null),
(637, 'Warner', 32, 161),
(638, 'Wong', 40, null),
(639, 'Zeb', 30, null),
(640, 'Abel', 36, null),
(641, 'Alden', 49, null),
(642, 'Archer', 29, null),
(643, 'Avery', 31, null),
(644, 'Carson', 24, null),
(645, 'Cullen', 48, null),
(646, 'Doc', 39, 899),
(647, 'Eben', 31, null),
(648, 'Elige', 41, null),
(649, 'Elizabeth', 30, null),
(650, 'Elmore', 34, 916),
(651, 'Ernst', 29, null),
(652, 'Finis', 24, null),
(653, 'Freddie', 25, null),
(654, 'Godfrey', 47, 279),
(655, 'Guss', 44, null),
(656, 'Hamp', 35, null),
(657, 'Hermann', 25, null),
(658, 'Isadore', 29, 164),
(659, 'Isreal', 34, null),
(660, 'Jones', 23, null),
(661, 'June', 28, null),
(662, 'Lacy', 35, null),
(663, 'Lafe', 42, null),
(664, 'Leland', 37, null),
(665, 'Llewellyn', 30, null),
(666, 'Ludwig', 28, null),
(667, 'Manford', 19, 506),
(668, 'Maxwell', 42, null),
(669, 'Minnie', 24, null),
(670, 'Obie', 22, null),
(671, 'Octave', 37, null),
(672, 'Orrin', 25, null),
(673, 'Ossie', 44, null),
(674, 'Oswald', 42, null),
(675, 'Park', 34, null),
(676, 'Parley', 35, null),
(677, 'Ramon', 42, 641),
(678, 'Rice', 21, null),
(679, 'Stonewall', 19, 35),
(680, 'Theo', 39, 340),
(681, 'Tillman', 20, null),
(682, 'Addie', 28, null),
(683, 'Aron', 23, null),
(684, 'Ashley', 18, null),
(685, 'Bernhard', 23, null),
(686, 'Bertie', 23, null),
(687, 'Berton', 32, null),
(688, 'Buster', 20, null),
(689, 'Butler', 33, null),
(690, 'Carleton', 37, 543),
(691, 'Carrie', 43, 420),
(692, 'Clara', 48, null),
(693, 'Clarance', 36, null),
(694, 'Clare', 33, null),
(695, 'Crawford', 26, null),
(696, 'Danial', 38, null),
(697, 'Dayton', 39, 334),
(698, 'Dolphus', 22, null),
(699, 'Elder', 25, null),
(700, 'Ephriam', 33, null),
(701, 'Fayette', 33, 321),
(702, 'Felipe', 25, null),
(703, 'Fernando', 20, null),
(704, 'Flem', 33, 834),
(705, 'Florence', 28, null),
(706, 'Ford', 45, null),
(707, 'Harlan', 30, null),
(708, 'Hayes', 22, null),
(709, 'Henery', 32, null),
(710, 'Hoy', 42, 459),
(711, 'Huston', 47, null),
(712, 'Ida', 39, null),
(713, 'Ivory', 49, 346),
(714, 'Jonah', 31, null),
(715, 'Justin', 19, 247),
(716, 'Lenard', 40, null),
(717, 'Leopold', 48, null),
(718, 'Lionel', 25, 71),
(719, 'Manley', 21, 638),
(720, 'Marquis', 27, null),
(721, 'Marshal', 27, null),
(722, 'Mart', 47, null),
(723, 'Odie', 46, null),
(724, 'Olen', 18, null),
(725, 'Oral', 35, null),
(726, 'Orley', 28, null),
(727, 'Otha', 35, 415),
(728, 'Press', 47, null),
(729, 'Price', 19, null),
(730, 'Quincy', 28, null),
(731, 'Randall', 41, null),
(732, 'Rich', 33, 373),
(733, 'Richmond', 27, null),
(734, 'Romeo', 19, null),
(735, 'Russel', 44, null),
(736, 'Rutherford', 26, null),
(737, 'Shade', 22, null),
(738, 'Shelby', 39, 403),
(739, 'Solon', 40, null),
(740, 'Thurman', 23, null),
(741, 'Tilden', 29, 119),
(742, 'Troy', 39, 811),
(743, 'Woodson', 42, null),
(744, 'Worth', 28, null),
(745, 'Aden', 42, null),
(746, 'Alcide', 47, 945),
(747, 'Alf', 21, null),
(748, 'Algie', 42, null),
(749, 'Arlie', 24, 452),
(750, 'Bart', 48, null),
(751, 'Bedford', 42, null),
(752, 'Benito', 36, null),
(753, 'Billy', 24, 750),
(754, 'Bird', 49, null),
(755, 'Birt', 19, 848),
(756, 'Bruno', 35, null),
(757, 'Burley', 34, 794),
(758, 'Chancy', 42, 396),
(759, 'Claus', 20, null),
(760, 'Cliff', 27, null),
(761, 'Clovis', 33, null),
(762, 'Connie', 42, null),
(763, 'Creed', 23, null),
(764, 'Delos', 19, null),
(765, 'Duke', 48, null),
(766, 'Eber', 47, 408),
(767, 'Eligah', 49, 553),
(768, 'Elliot', 39, null),
(769, 'Elton', 48, null),
(770, 'Emmitt', 29, null),
(771, 'Gene', 36, 181),
(772, 'Golden', 42, null),
(773, 'Hal', 27, null),
(774, 'Hardin', 20, null),
(775, 'Harman', 42, null),
(776, 'Hervey', 45, null),
(777, 'Hollis', 20, null),
(778, 'Ivey', 45, null),
(779, 'Jennie', 40, null),
(780, 'Len', 33, null),
(781, 'Lindsay', 18, null),
(782, 'Lonie', 29, null),
(783, 'Lyle', 30, null),
(784, 'Mac', 24, null),
(785, 'Mal', 20, null),
(786, 'Math', 46, null),
(787, 'Miller', 24, 346),
(788, 'Orson', 25, 628),
(789, 'Osborne', 49, 283),
(790, 'Percival', 18, null),
(791, 'Pleas', 29, null),
(792, 'Ples', 23, null),
(793, 'Rafael', 45, null),
(794, 'Raoul', 26, null),
(795, 'Roderick', 43, 911),
(796, 'Rose', 23, null),
(797, 'Shelton', 33, 627),
(798, 'Sid', 27, null),
(799, 'Theron', 38, null),
(800, 'Tobias', 35, null),
(801, 'Toney', 29, null),
(802, 'Tyler', 48, null),
(803, 'Vance', 22, null),
(804, 'Vivian', 38, null),
(805, 'Walton', 31, null),
(806, 'Watt', 45, null),
(807, 'Weaver', 32, null),
(808, 'Wilton', 48, null),
(809, 'Adolf', 49, 750),
(810, 'Albin', 39, null),
(811, 'Albion', 20, null),
(812, 'Allison', 42, 840),
(813, 'Alpha', 42, null),
(814, 'Alpheus', 44, null),
(815, 'Anastacio', 35, null),
(816, 'Andre', 27, null),
(817, 'Annie', 44, null),
(818, 'Arlington', 21, null),
(819, 'Armand', 20, null),
(820, 'Asberry', 23, null),
(821, 'Asbury', 46, null),
(822, 'Asher', 41, null),
(823, 'Augustin', 31, null),
(824, 'Auther', 41, null),
(825, 'Author', 20, null),
(826, 'Ballard', 45, 743),
(827, 'Blas', 21, null),
(828, 'Caesar', 43, null),
(829, 'Candido', 18, null),
(830, 'Cato', 36, null),
(831, 'Clarke', 37, null),
(832, 'Clemente', 21, null),
(833, 'Colin', 39, null),
(834, 'Commodore', 21, null),
(835, 'Cora', 21, null),
(836, 'Coy', 45, 542),
(837, 'Cruz', 31, null),
(838, 'Curt', 28, 268),
(839, 'Damon', 29, null),
(840, 'Davie', 32, null),
(841, 'Delmar', 35, null),
(842, 'Dexter', 49, null),
(843, 'Dora', 40, null),
(844, 'Doss', 37, null),
(845, 'Drew', 44, null),
(846, 'Edson', 40, null),
(847, 'Elam', 35, null),
(848, 'Elihu', 20, null),
(849, 'Eliza', 20, null),
(850, 'Elsie', 30, null),
(851, 'Erie', 31, null),
(852, 'Ernie', 25, null),
(853, 'Ethel', 33, null),
(854, 'Ferd', 21, null),
(855, 'Friend', 49, 104),
(856, 'Garry', 49, 90),
(857, 'Gary', 43, null),
(858, 'Grace', 41, null),
(859, 'Gustaf', 30, 707),
(860, 'Hallie', 21, null),
(861, 'Hampton', 24, null),
(862, 'Harrie', 22, 899),
(863, 'Hattie', 43, null),
(864, 'Hence', 47, null),
(865, 'Hillard', 26, null),
(866, 'Hollie', 44, null),
(867, 'Holmes', 43, 757),
(868, 'Hope', 30, null),
(869, 'Hyman', 49, null),
(870, 'Ishmael', 31, 608),
(871, 'Jarrett', 37, null),
(872, 'Jessee', 46, null),
(873, 'Joeseph', 42, null),
(874, 'Junious', 27, null),
(875, 'Kirk', 43, null),
(876, 'Levy', 18, null),
(877, 'Mervin', 26, 10),
(878, 'Michel', 24, null),
(879, 'Milford', 24, null),
(880, 'Mitchel', 43, null),
(881, 'Nellie', 38, null),
(882, 'Noble', 22, null),
(883, 'Obed', 19, null),
(884, 'Oda', 32, null),
(885, 'Orren', 40, null),
(886, 'Ottis', 40, null),
(887, 'Rafe', 29, null),
(888, 'Redden', 24, null),
(889, 'Reese', 26, null),
(890, 'Rube', 25, null),
(891, 'Ruby', 46, null),
(892, 'Rupert', 42, null),
(893, 'Salomon', 41, null),
(894, 'Sammie', 39, 684),
(895, 'Sanders', 36, 987),
(896, 'Soloman', 19, 147),
(897, 'Stacy', 35, null),
(898, 'Stanford', 18, 430),
(899, 'Stanton', 33, null),
(900, 'Thad', 46, null),
(901, 'Titus', 24, 858),
(902, 'Tracy', 41, null),
(903, 'Vernie', 21, null),
(904, 'Wendell', 47, null),
(905, 'Wilhelm', 43, null),
(906, 'Willian', 47, null),
(907, 'Yee', 29, null),
(908, 'Zeke', 37, 99),
(909, 'Ab', 24, null),
(910, 'Abbott', 38, null),
(911, 'Agustus', 43, 446),
(912, 'Albertus', 45, null),
(913, 'Almer', 42, 75),
(914, 'Alphonso', 41, null),
(915, 'Alvia', 33, null),
(916, 'Artie', 42, 269),
(917, 'Arvid', 45, null),
(918, 'Ashby', 35, null),
(919, 'Augusta', 39, null),
(920, 'Aurthur', 48, null),
(921, 'Babe', 25, null),
(922, 'Baldwin', 27, null),
(923, 'Barnett', 35, null),
(924, 'Bartholomew', 42, null),
(925, 'Barton', 24, 277),
(926, 'Bernie', 29, 627),
(927, 'Blaine', 34, null),
(928, 'Boston', 18, 265),
(929, 'Brad', 40, null),
(930, 'Bradford', 22, 632),
(931, 'Bradley', 24, null),
(932, 'Brooks', 31, 67),
(933, 'Buck', 39, null),
(934, 'Budd', 31, null),
(935, 'Ceylon', 23, null),
(936, 'Chalmers', 27, 432),
(937, 'Chesley', 30, null),
(938, 'Chin', 39, null),
(939, 'Cleo', 40, null),
(940, 'Crockett', 49, null),
(941, 'Cyril', 48, null),
(942, 'Daisy', 29, null),
(943, 'Denver', 45, null),
(944, 'Dow', 33, null),
(945, 'Duff', 43, 827),
(946, 'Edie', 22, null),
(947, 'Edith', 48, null),
(948, 'Elick', 20, null),
(949, 'Elie', 48, 877),
(950, 'Eliga', 22, null),
(951, 'Eliseo', 20, 195),
(952, 'Elroy', 41, null),
(953, 'Ely', 19, null),
(954, 'Ennis', 25, null),
(955, 'Enrique', 37, null),
(956, 'Erasmus', 29, null),
(957, 'Esau', 36, null),
(958, 'Everette', 34, null),
(959, 'Firman', 28, 263),
(960, 'Fleming', 37, null),
(961, 'Flora', 49, null),
(962, 'Gardner', 42, null),
(963, 'Gee', 31, null),
(964, 'Gorge', 47, null),
(965, 'Gottlieb', 25, null),
(966, 'Gregorio', 40, null),
(967, 'Gregory', 30, null),
(968, 'Gustavus', 43, null),
(969, 'Halsey', 40, null),
(970, 'Handy', 24, null),
(971, 'Hardie', 32, null),
(972, 'Harl', 33, null),
(973, 'Hayden', 33, null),
(974, 'Hays', 38, null),
(975, 'Hermon', 26, null),
(976, 'Hershel', 47, null),
(977, 'Holly', 19, null),
(978, 'Hosteen', 47, null),
(979, 'Hoyt', 22, null),
(980, 'Hudson', 29, null),
(981, 'Huey', 30, null),
(982, 'Humphrey', 35, null),
(983, 'Hunt', 27, null),
(984, 'Hyrum', 48, null),
(985, 'Irven', 28, null),
(986, 'Isam', 47, null),
(987, 'Ivy', 46, 894),
(988, 'Jabez', 43, null),
(989, 'Jewel', 30, null),
(990, 'Jodie', 18, null),
(991, 'Judd', 23, null),
(992, 'Julious', 22, null),
(993, 'Justice', 44, null),
(994, 'Katherine', 22, null),
(995, 'Kelly', 38, null),
(996, 'Kit', 49, null),
(997, 'Knute', 37, null),
(998, 'Lavern', 30, null),
(999, 'Lawyer', 47, null);



INSERT INTO hobbies (id, "name") VALUES
(0, 'Tennis'),
(1, 'Chess'),
(2, 'Painting'),
(3, 'Soccer'),
(4, 'Reading'),
(5, 'Cycling'),
(6, 'Running'),
(7, 'Skiing'),
(8, 'Hiking'),
(9, 'Basketball'),
(10, 'Dungeons and Dragons'),
(11, 'Knitting'),
(12, 'Crocheting'),
(13, 'Camping'),
(14, 'Bars'),
(15, 'Fishing');



INSERT INTO user_hobbies ("user", hobby) VALUES
(1, 9),
(2, 3),
(5, 1),
(5, 5),
(8, 13),
(9, 7),
(10, 11),
(11, 9),
(11, 7),
(11, 15),
(13, 9),
(13, 12),
(13, 0),
(13, 13),
(14, 8),
(14, 1),
(14, 4),
(14, 11),
(16, 14),
(16, 6),
(17, 10),
(18, 0),
(18, 5),
(18, 0),
(18, 7),
(18, 5),
(24, 9),
(28, 11),
(29, 8),
(29, 8),
(30, 8),
(30, 0),
(31, 10),
(33, 15),
(34, 4),
(34, 10),
(34, 13),
(36, 3),
(38, 11),
(42, 0),
(42, 11),
(47, 12),
(47, 13),
(48, 2),
(48, 2),
(50, 2),
(50, 9),
(50, 14),
(55, 1),
(56, 6),
(57, 15),
(58, 13),
(58, 9),
(60, 3),
(60, 4),
(60, 1),
(60, 11),
(60, 13),
(62, 10),
(63, 12),
(64, 8),
(66, 6),
(69, 11),
(69, 0),
(72, 3),
(72, 7),
(73, 5),
(74, 4),
(74, 7),
(74, 11),
(75, 0),
(76, 12),
(77, 3),
(77, 1),
(78, 1),
(78, 13),
(78, 3),
(78, 13),
(79, 14),
(83, 2),
(83, 5),
(83, 14),
(83, 2),
(83, 0),
(85, 11),
(87, 15),
(89, 4),
(89, 15),
(91, 12),
(91, 13),
(91, 11),
(91, 8),
(93, 12),
(93, 12),
(94, 5),
(94, 15),
(95, 8),
(95, 9),
(96, 2),
(96, 6),
(96, 9),
(97, 5),
(98, 0),
(98, 13),
(98, 10),
(98, 1),
(98, 14),
(99, 15),
(102, 15),
(103, 4),
(103, 0),
(103, 0),
(105, 1),
(105, 15),
(107, 7),
(107, 12),
(107, 6),
(107, 14),
(107, 12),
(109, 13),
(111, 12),
(111, 2),
(111, 4),
(112, 2),
(113, 13),
(113, 11),
(113, 14),
(115, 15),
(116, 5),
(116, 9),
(116, 3),
(116, 9),
(119, 9),
(119, 1),
(119, 0),
(119, 14),
(119, 3),
(120, 13),
(124, 7),
(124, 5),
(124, 9),
(125, 10),
(129, 15),
(130, 7),
(132, 1),
(132, 9),
(136, 5),
(136, 14),
(136, 10),
(136, 11),
(136, 8),
(139, 1),
(139, 12),
(140, 10),
(141, 9),
(145, 15),
(153, 7),
(155, 5),
(155, 6),
(157, 9),
(158, 6),
(161, 3),
(162, 14),
(163, 10),
(164, 10),
(166, 13),
(168, 9),
(168, 0),
(173, 5),
(173, 7),
(175, 4),
(175, 1),
(176, 11),
(180, 1),
(181, 1),
(182, 9),
(183, 2),
(183, 8),
(183, 11),
(183, 15),
(186, 12),
(186, 1),
(188, 4),
(188, 15),
(189, 9),
(189, 11),
(189, 15),
(189, 7),
(192, 2),
(193, 0),
(193, 2),
(193, 12),
(193, 14),
(196, 2),
(196, 6),
(196, 0),
(197, 0),
(197, 12),
(198, 11),
(198, 5),
(198, 9),
(199, 6),
(202, 12),
(202, 0),
(202, 6),
(202, 12),
(202, 7),
(203, 7),
(205, 4),
(205, 11),
(206, 2),
(206, 3),
(207, 6),
(207, 0),
(208, 9),
(209, 15),
(210, 12),
(210, 4),
(210, 7),
(210, 6),
(211, 2),
(211, 8),
(213, 15),
(213, 9),
(213, 7),
(214, 8),
(217, 0),
(219, 9),
(219, 7),
(219, 8),
(219, 12),
(220, 8),
(221, 8),
(222, 10),
(222, 9),
(223, 7),
(223, 14),
(224, 11),
(225, 11),
(225, 14),
(225, 2),
(225, 10),
(226, 1),
(231, 15),
(231, 0),
(231, 9),
(231, 12),
(231, 6),
(233, 4),
(233, 9),
(233, 0),
(235, 13),
(235, 8),
(235, 0),
(235, 9),
(236, 9),
(237, 1),
(239, 15),
(245, 0),
(245, 13),
(245, 2),
(248, 2),
(249, 6),
(250, 15),
(250, 3),
(253, 14),
(254, 9),
(254, 15),
(254, 12),
(255, 6),
(257, 15),
(257, 6),
(258, 8),
(260, 10),
(262, 7),
(264, 4),
(264, 13),
(264, 4),
(265, 13),
(265, 8),
(265, 6),
(265, 5),
(265, 14),
(267, 4),
(268, 4),
(268, 8),
(270, 10),
(270, 2),
(270, 12),
(270, 7),
(270, 9),
(271, 12),
(272, 12),
(273, 8),
(274, 1),
(274, 2),
(276, 2),
(276, 0),
(276, 10),
(276, 4),
(278, 6),
(281, 6),
(283, 10),
(286, 1),
(286, 1),
(286, 1),
(287, 6),
(287, 5),
(288, 7),
(289, 5),
(292, 12),
(293, 10),
(293, 0),
(293, 6),
(294, 15),
(298, 2),
(299, 9),
(299, 7),
(299, 14),
(300, 10),
(305, 5),
(305, 6),
(305, 6),
(307, 12),
(307, 10),
(315, 8),
(316, 12),
(318, 8),
(319, 4),
(319, 13),
(321, 6),
(321, 0),
(321, 15),
(321, 11),
(322, 0),
(322, 14),
(323, 2),
(329, 6),
(330, 3),
(331, 15),
(340, 5),
(341, 5),
(344, 10),
(345, 11),
(347, 13),
(347, 4),
(349, 8),
(349, 12),
(349, 15),
(349, 1),
(349, 14),
(350, 4),
(350, 13),
(351, 5),
(351, 15),
(352, 4),
(352, 7),
(352, 0),
(355, 3),
(355, 6),
(355, 11),
(356, 1),
(356, 1),
(357, 6),
(360, 5),
(361, 13),
(365, 0),
(367, 8),
(367, 1),
(367, 1),
(369, 2),
(370, 1),
(374, 12),
(374, 2),
(374, 8),
(374, 0),
(374, 13),
(378, 11),
(379, 3),
(379, 3),
(380, 4),
(381, 7),
(382, 14),
(383, 4),
(384, 8),
(384, 6),
(386, 12),
(387, 10),
(387, 13),
(389, 7),
(389, 8),
(391, 8),
(392, 1),
(392, 10),
(394, 4),
(397, 13),
(397, 5),
(397, 2),
(397, 6),
(398, 4),
(399, 2),
(399, 12),
(400, 7),
(400, 6),
(400, 5),
(403, 7),
(403, 4),
(404, 13),
(405, 9),
(406, 7),
(406, 10),
(408, 0),
(408, 14),
(408, 7),
(409, 3),
(412, 5),
(412, 6),
(413, 3),
(413, 15),
(413, 4),
(413, 8),
(413, 14),
(414, 0),
(415, 12),
(415, 5),
(416, 13),
(416, 1),
(416, 8),
(416, 1),
(417, 15),
(417, 2),
(417, 14),
(418, 4),
(418, 11),
(419, 9),
(420, 1),
(422, 15),
(423, 3),
(424, 2),
(424, 9),
(424, 1),
(425, 1),
(425, 5),
(426, 12),
(426, 7),
(427, 14),
(427, 12),
(427, 0),
(428, 9),
(429, 6),
(429, 15),
(429, 0),
(430, 8),
(430, 2),
(430, 1),
(430, 9),
(430, 14),
(431, 11),
(432, 7),
(433, 4),
(434, 15),
(435, 14),
(437, 10),
(440, 11),
(440, 1),
(442, 10),
(442, 6),
(443, 1),
(443, 9),
(444, 5),
(444, 14),
(444, 14),
(446, 0),
(449, 13),
(453, 8),
(456, 7),
(459, 7),
(461, 8),
(462, 1),
(462, 12),
(463, 0),
(463, 8),
(463, 11),
(466, 3),
(466, 5),
(467, 12),
(467, 15),
(467, 2),
(467, 6),
(467, 14),
(471, 3),
(471, 1),
(472, 5),
(472, 6),
(473, 0),
(474, 9),
(474, 8),
(474, 15),
(474, 0),
(474, 8),
(475, 1),
(475, 8),
(475, 6),
(475, 14),
(475, 15),
(478, 5),
(478, 2),
(479, 5),
(479, 0),
(481, 14),
(481, 0),
(485, 0),
(486, 7),
(487, 1),
(489, 15),
(490, 1),
(492, 2),
(495, 3),
(497, 4),
(499, 5),
(499, 9),
(499, 15),
(502, 0),
(504, 0),
(505, 6),
(505, 14),
(506, 8),
(507, 7),
(507, 4),
(507, 1),
(508, 0),
(508, 15),
(509, 4),
(515, 15),
(516, 5),
(516, 2),
(516, 4),
(516, 4),
(516, 7),
(517, 1),
(518, 5),
(518, 6),
(518, 3),
(519, 0),
(519, 14),
(519, 9),
(522, 3),
(522, 0),
(523, 8),
(523, 5),
(524, 2),
(525, 8),
(527, 14),
(532, 2),
(535, 15),
(538, 4),
(538, 2),
(539, 1),
(539, 14),
(539, 4),
(539, 6),
(539, 5),
(544, 5),
(546, 10),
(547, 11),
(550, 6),
(553, 4),
(557, 1),
(557, 13),
(557, 9),
(557, 14),
(557, 13),
(558, 11),
(559, 8),
(559, 1),
(559, 14),
(560, 9),
(560, 15),
(563, 0),
(563, 14),
(563, 9),
(564, 10),
(566, 2),
(566, 6),
(573, 3),
(573, 7),
(574, 5),
(574, 8),
(574, 7),
(575, 5),
(575, 1),
(576, 2),
(582, 15),
(582, 12),
(583, 2),
(584, 0),
(584, 15),
(584, 15),
(584, 0),
(584, 6),
(585, 15),
(586, 5),
(589, 14),
(589, 8),
(589, 4),
(589, 15),
(589, 1),
(590, 6),
(591, 5),
(591, 7),
(592, 15),
(596, 4),
(598, 2),
(598, 2),
(599, 7),
(600, 5),
(602, 1),
(602, 14),
(602, 12),
(604, 12),
(604, 2),
(605, 14),
(606, 8),
(606, 7),
(607, 10),
(608, 2),
(608, 15),
(608, 8),
(609, 6),
(610, 10),
(610, 10),
(610, 2),
(611, 8),
(611, 10),
(611, 7),
(613, 7),
(614, 3),
(615, 3),
(615, 13),
(615, 0),
(615, 15),
(615, 15),
(616, 5),
(619, 6),
(620, 9),
(620, 7),
(621, 9),
(623, 3),
(625, 12),
(625, 2),
(625, 12),
(626, 7),
(627, 4),
(628, 1),
(629, 7),
(629, 13),
(631, 5),
(631, 12),
(631, 4),
(631, 6),
(634, 2),
(635, 10),
(635, 10),
(635, 15),
(635, 0),
(635, 8),
(638, 14),
(640, 2),
(643, 14),
(643, 8),
(643, 15),
(643, 12),
(643, 8),
(645, 1),
(645, 3),
(645, 6),
(645, 11),
(649, 4),
(649, 9),
(653, 10),
(655, 14),
(656, 5),
(657, 2),
(659, 15),
(660, 0),
(662, 4),
(664, 9),
(665, 7),
(665, 6),
(666, 9),
(669, 3),
(669, 13),
(669, 6),
(673, 10),
(674, 9),
(675, 3),
(676, 5),
(680, 4),
(681, 6),
(682, 2),
(682, 8),
(683, 10),
(684, 11),
(685, 15),
(687, 9),
(687, 14),
(687, 0),
(688, 4),
(688, 13),
(694, 1),
(694, 13),
(694, 2),
(694, 13),
(694, 4),
(696, 7),
(696, 3),
(697, 12),
(697, 1),
(698, 5),
(701, 13),
(701, 7),
(701, 9),
(702, 2),
(702, 12),
(703, 11),
(704, 2),
(704, 4),
(704, 3),
(705, 6),
(705, 12),
(705, 13),
(705, 10),
(706, 7),
(706, 0),
(706, 14),
(708, 2),
(709, 0),
(713, 13),
(713, 2),
(713, 12),
(717, 5),
(720, 13),
(720, 12),
(721, 3),
(723, 5),
(724, 5),
(724, 0),
(724, 1),
(725, 14),
(725, 14),
(727, 6),
(729, 0),
(731, 9),
(735, 8),
(738, 14),
(740, 0),
(743, 11),
(747, 7),
(748, 0),
(748, 9),
(752, 7),
(753, 12),
(753, 2),
(755, 10),
(755, 6),
(755, 6),
(757, 2),
(757, 5),
(757, 5),
(757, 6),
(758, 9),
(758, 5),
(758, 8),
(759, 0),
(759, 6),
(760, 13),
(760, 11),
(762, 5),
(762, 12),
(762, 13),
(762, 4),
(763, 8),
(765, 15),
(767, 10),
(768, 11),
(769, 1),
(773, 9),
(775, 7),
(778, 6),
(778, 13),
(780, 8),
(780, 14),
(780, 5),
(781, 11),
(781, 15),
(781, 2),
(782, 13),
(784, 0),
(784, 5),
(784, 12),
(784, 4),
(784, 4),
(789, 12),
(790, 0),
(794, 11),
(795, 1),
(796, 13),
(796, 12),
(803, 11),
(804, 9),
(804, 9),
(805, 6),
(807, 8),
(810, 3),
(810, 5),
(810, 11),
(812, 6),
(813, 4),
(813, 4),
(814, 0),
(815, 4),
(817, 4),
(817, 14),
(820, 0),
(820, 12),
(820, 6),
(826, 12),
(827, 2),
(829, 2),
(830, 2),
(830, 12),
(830, 11),
(830, 13),
(832, 6),
(835, 11),
(837, 12),
(839, 11),
(839, 11),
(839, 4),
(843, 5),
(853, 3),
(853, 15),
(854, 1),
(854, 9),
(854, 6),
(854, 1),
(854, 15),
(855, 11),
(856, 6),
(856, 3),
(858, 13),
(858, 3),
(858, 1),
(861, 6),
(863, 11),
(865, 1),
(865, 5),
(866, 5),
(867, 4),
(867, 7),
(870, 11),
(870, 12),
(871, 4),
(871, 1),
(872, 2),
(872, 8),
(873, 12),
(876, 1),
(876, 5),
(877, 1),
(884, 12),
(884, 5),
(884, 4),
(884, 13),
(884, 3),
(886, 12),
(886, 0),
(887, 12),
(888, 6),
(888, 11),
(889, 10),
(889, 7),
(889, 3),
(889, 8),
(890, 7),
(891, 7),
(891, 1),
(891, 7),
(891, 1),
(893, 6),
(893, 14),
(893, 1),
(893, 1),
(894, 3),
(895, 13),
(895, 1),
(904, 0),
(904, 8),
(907, 12),
(907, 6),
(907, 4),
(907, 12),
(907, 0),
(911, 12),
(912, 2),
(913, 7),
(914, 10),
(920, 12),
(920, 0),
(920, 7),
(921, 7),
(923, 11),
(927, 0),
(928, 1),
(931, 4),
(933, 0),
(933, 8),
(933, 14),
(933, 0),
(936, 7),
(937, 14),
(937, 2),
(938, 15),
(941, 15),
(942, 6),
(942, 8),
(942, 6),
(942, 12),
(944, 14),
(945, 2),
(945, 0),
(950, 8),
(950, 12),
(951, 2),
(951, 7),
(951, 1),
(951, 5),
(951, 2),
(953, 10),
(953, 13),
(953, 14),
(955, 0),
(955, 3),
(957, 11),
(958, 14),
(959, 1),
(959, 7),
(959, 7),
(959, 4),
(961, 15),
(961, 12),
(961, 0),
(966, 8),
(966, 1),
(967, 8),
(967, 0),
(967, 5),
(969, 11),
(970, 14),
(970, 15),
(970, 13),
(974, 0),
(975, 6),
(977, 2),
(977, 14),
(978, 8),
(978, 15),
(980, 9),
(980, 15),
(980, 7),
(981, 6),
(983, 9),
(983, 8),
(984, 12),
(987, 1),
(987, 13),
(989, 0),
(990, 5),
(990, 14),
(996, 11),
(997, 0),
(997, 13),
(997, 2),
(997, 5),
(997, 14),
(998, 13),
(999, 9),
(999, 4),
(999, 4);



INSERT INTO friends ("user", friend) VALUES
(0, 443),
(0, 195),
(0, 427),
(0, 837),
(0, 313),
(0, 976),
(1, 4),
(1, 31),
(1, 718),
(1, 701),
(1, 287),
(1, 60),
(2, 369),
(2, 81),
(2, 585),
(2, 856),
(2, 254),
(2, 238),
(3, 279),
(3, 556),
(3, 325),
(3, 40),
(4, 855),
(4, 48),
(4, 590),
(4, 328),
(4, 368),
(4, 46),
(5, 330),
(5, 999),
(5, 455),
(5, 28),
(5, 569),
(5, 557),
(6, 534),
(6, 699),
(6, 105),
(6, 789),
(6, 267),
(6, 289),
(7, 325),
(7, 156),
(7, 940),
(7, 267),
(7, 723),
(8, 458),
(9, 650),
(9, 481),
(10, 4),
(10, 514),
(10, 271),
(10, 508),
(10, 54),
(10, 576),
(11, 152),
(11, 978),
(11, 507),
(11, 516),
(11, 625),
(11, 258),
(12, 845),
(13, 797),
(13, 10),
(13, 67),
(13, 730),
(13, 41),
(13, 761),
(14, 359),
(14, 648),
(14, 763),
(14, 865),
(14, 172),
(14, 851),
(15, 210),
(15, 810),
(15, 455),
(15, 182),
(15, 999),
(15, 478),
(16, 721),
(16, 111),
(18, 92),
(18, 949),
(18, 480),
(18, 467),
(18, 273),
(18, 915),
(19, 807),
(19, 187),
(19, 697),
(19, 806),
(19, 72),
(19, 506),
(20, 906),
(20, 680),
(21, 122),
(22, 782),
(22, 795),
(22, 743),
(23, 713),
(23, 823),
(23, 791),
(23, 858),
(23, 531),
(23, 65),
(24, 375),
(24, 746),
(24, 446),
(24, 682),
(24, 615),
(24, 342),
(25, 605),
(25, 856),
(25, 429),
(25, 420),
(25, 186),
(25, 565),
(26, 913),
(26, 604),
(26, 49),
(26, 405),
(26, 757),
(26, 889),
(27, 311),
(27, 38),
(27, 8),
(27, 987),
(27, 255),
(27, 889),
(29, 135),
(29, 581),
(29, 747),
(29, 611),
(29, 318),
(29, 565),
(30, 33),
(30, 574),
(30, 583),
(30, 971),
(30, 724),
(30, 935),
(31, 30),
(31, 216),
(31, 282),
(31, 641),
(31, 115),
(31, 745),
(33, 139),
(33, 587),
(33, 556),
(33, 992),
(33, 623),
(33, 242),
(34, 504),
(34, 402),
(34, 551),
(34, 438),
(34, 758),
(34, 587),
(35, 311),
(35, 518),
(36, 276),
(36, 623),
(36, 163),
(37, 387),
(37, 423),
(37, 791),
(37, 72),
(37, 243),
(37, 752),
(38, 871),
(38, 808),
(38, 699),
(38, 239),
(38, 736),
(38, 994),
(39, 731),
(39, 744),
(39, 257),
(40, 147),
(40, 716),
(41, 682),
(41, 297),
(41, 586),
(41, 350),
(41, 385),
(41, 528),
(42, 191),
(42, 960),
(42, 696),
(42, 874),
(42, 849),
(42, 145),
(43, 432),
(43, 985),
(43, 555),
(43, 257),
(43, 731),
(44, 624),
(44, 873),
(44, 230),
(45, 434),
(45, 934),
(45, 858),
(45, 337),
(45, 769),
(45, 97),
(46, 152),
(46, 149),
(46, 324),
(46, 915),
(46, 490),
(46, 834),
(47, 60),
(47, 517),
(47, 58),
(47, 394),
(47, 967),
(47, 690),
(48, 3),
(48, 46),
(48, 139),
(48, 754),
(48, 862),
(48, 20),
(49, 418),
(49, 877),
(49, 823),
(49, 112),
(49, 891),
(49, 555),
(50, 995),
(51, 603),
(51, 947),
(51, 256),
(51, 556),
(51, 263),
(51, 271),
(52, 727),
(52, 299),
(52, 647),
(52, 616),
(52, 975),
(52, 92),
(54, 560),
(54, 388),
(54, 416),
(54, 252),
(54, 156),
(54, 633),
(55, 208),
(55, 815),
(55, 229),
(55, 900),
(55, 240),
(55, 102),
(56, 615),
(56, 50),
(56, 951),
(56, 219),
(56, 523),
(56, 320),
(57, 122),
(57, 490),
(57, 920),
(58, 64),
(58, 787),
(58, 128),
(58, 108),
(58, 188),
(58, 261),
(59, 470),
(59, 587),
(59, 794),
(59, 662),
(59, 767),
(59, 596),
(60, 159),
(60, 264),
(60, 341),
(61, 465),
(61, 985),
(61, 297),
(61, 918),
(61, 184),
(61, 802),
(62, 553),
(62, 964),
(62, 233),
(62, 696),
(62, 63),
(63, 117),
(63, 40),
(63, 81),
(63, 456),
(63, 253),
(63, 692),
(64, 132),
(64, 186),
(64, 275),
(64, 496),
(64, 743),
(64, 711),
(65, 741),
(65, 363),
(65, 306),
(65, 288),
(65, 197),
(65, 830),
(66, 961),
(66, 799),
(67, 189),
(67, 474),
(67, 3),
(67, 211),
(67, 794),
(68, 352),
(68, 46),
(68, 237),
(68, 946),
(68, 110),
(68, 273),
(69, 24),
(69, 384),
(69, 388),
(69, 100),
(69, 340),
(69, 361),
(70, 413),
(70, 701),
(71, 780),
(71, 656),
(72, 537),
(72, 215),
(72, 184),
(72, 418),
(72, 87),
(72, 807),
(73, 66),
(74, 254),
(74, 6),
(74, 703),
(74, 659),
(74, 630),
(74, 688),
(75, 164),
(75, 576),
(75, 532),
(75, 746),
(75, 313),
(75, 696),
(77, 830),
(77, 78),
(77, 277),
(77, 126),
(78, 487),
(78, 277),
(78, 76),
(78, 756),
(78, 375),
(78, 140),
(80, 201),
(80, 917),
(80, 778),
(80, 101),
(80, 918),
(80, 941),
(81, 616),
(81, 362),
(81, 256),
(81, 458),
(81, 752),
(81, 111),
(82, 739),
(82, 393),
(82, 489),
(82, 534),
(83, 825),
(83, 608),
(83, 793),
(83, 80),
(83, 714),
(83, 646),
(84, 641),
(84, 876),
(84, 118),
(85, 89),
(85, 915),
(85, 450),
(85, 767),
(85, 525),
(85, 670),
(86, 942),
(86, 408),
(86, 943),
(86, 588),
(86, 206),
(86, 665),
(87, 239),
(87, 187),
(87, 859),
(87, 101),
(87, 956),
(87, 199),
(88, 827),
(88, 425),
(88, 962),
(88, 384),
(88, 948),
(88, 96),
(89, 252),
(89, 170),
(89, 181),
(90, 381),
(91, 842),
(91, 442),
(91, 865),
(91, 640),
(91, 405),
(93, 813),
(93, 939),
(93, 390),
(93, 309),
(93, 357),
(93, 430),
(94, 123),
(94, 154),
(94, 110),
(94, 96),
(94, 682),
(94, 62),
(95, 192),
(95, 403),
(95, 234),
(95, 224),
(95, 467),
(95, 640),
(96, 4),
(96, 589),
(96, 399),
(96, 548),
(96, 497),
(96, 807),
(97, 390),
(97, 618),
(97, 288),
(98, 81),
(98, 864),
(98, 454),
(98, 549),
(98, 573),
(98, 227),
(99, 330),
(99, 947),
(99, 294),
(99, 326),
(99, 28),
(100, 390),
(100, 775),
(100, 299),
(100, 258),
(100, 580),
(100, 32),
(101, 912),
(101, 388),
(102, 9),
(103, 571),
(103, 756),
(103, 795),
(104, 753),
(104, 584),
(105, 776),
(105, 743),
(106, 44),
(106, 918),
(106, 774),
(106, 963),
(106, 286),
(106, 697),
(107, 435),
(107, 98),
(107, 184),
(107, 597),
(107, 743),
(107, 547),
(109, 151),
(109, 222),
(109, 180),
(109, 627),
(109, 41),
(109, 974),
(110, 155),
(110, 736),
(110, 182),
(110, 463),
(110, 721),
(110, 584),
(111, 81),
(111, 741),
(111, 862),
(111, 190),
(111, 579),
(111, 40),
(112, 23),
(112, 574),
(112, 631),
(113, 762),
(113, 268),
(113, 312),
(113, 565),
(114, 944),
(114, 806),
(114, 824),
(114, 17),
(114, 661),
(114, 369),
(115, 176),
(115, 17),
(115, 380),
(115, 567),
(115, 897),
(115, 702),
(116, 850),
(117, 52),
(117, 536),
(117, 530),
(117, 118),
(117, 924),
(118, 119),
(118, 374),
(118, 970),
(118, 894),
(118, 359),
(118, 877),
(119, 474),
(119, 510),
(120, 813),
(120, 669),
(121, 174),
(121, 80),
(123, 875),
(123, 120),
(123, 399),
(123, 697),
(123, 508),
(123, 156),
(124, 919),
(124, 468),
(124, 595),
(124, 132),
(124, 324),
(124, 417),
(125, 706),
(125, 863),
(125, 123),
(126, 680),
(126, 503),
(127, 500),
(127, 810),
(127, 515),
(127, 977),
(127, 575),
(128, 83),
(129, 422),
(129, 45),
(129, 249),
(129, 317),
(129, 278),
(129, 184),
(130, 471),
(131, 100),
(131, 311),
(131, 933),
(131, 825),
(131, 439),
(131, 43),
(133, 412),
(133, 746),
(133, 725),
(133, 811),
(133, 680),
(133, 885),
(134, 305),
(134, 604),
(134, 325),
(134, 153),
(134, 454),
(134, 355),
(135, 170),
(135, 425),
(135, 778),
(135, 871),
(135, 804),
(136, 470),
(136, 250),
(136, 71),
(136, 994),
(136, 699),
(136, 377),
(137, 530),
(137, 572),
(137, 494),
(137, 490),
(137, 859),
(137, 899),
(138, 474),
(138, 18),
(138, 58),
(138, 315),
(138, 859),
(138, 722),
(139, 301),
(139, 881),
(139, 703),
(139, 347),
(139, 220),
(139, 166),
(140, 931),
(140, 189),
(140, 387),
(140, 76),
(141, 796),
(141, 451),
(141, 163),
(141, 701),
(141, 742),
(141, 638),
(142, 914),
(142, 472),
(143, 389),
(144, 302),
(144, 122),
(145, 153),
(145, 20),
(145, 342),
(145, 541),
(145, 419),
(145, 790),
(146, 458),
(146, 131),
(146, 988),
(146, 796),
(146, 221),
(146, 957),
(148, 150),
(149, 123),
(149, 731),
(149, 886),
(149, 902),
(149, 529),
(149, 446),
(150, 912),
(150, 427),
(150, 845),
(151, 10),
(151, 366),
(151, 899),
(151, 122),
(151, 915),
(151, 466),
(152, 780),
(152, 830),
(152, 200),
(152, 390),
(152, 338),
(152, 263),
(153, 61),
(153, 923),
(153, 341),
(153, 348),
(153, 314),
(153, 623),
(154, 785),
(154, 823),
(154, 619),
(155, 945),
(156, 319),
(156, 931),
(156, 182),
(156, 73),
(156, 228),
(156, 581),
(157, 934),
(157, 69),
(157, 85),
(157, 231),
(157, 212),
(157, 750),
(158, 537),
(158, 988),
(158, 454),
(158, 346),
(158, 192),
(159, 779),
(159, 348),
(159, 869),
(159, 971),
(159, 534),
(159, 256),
(160, 615),
(160, 715),
(160, 725),
(161, 260),
(161, 387),
(161, 943),
(161, 48),
(161, 849),
(161, 263),
(162, 945),
(162, 307),
(162, 686),
(162, 64),
(162, 938),
(162, 184),
(163, 948),
(163, 436),
(163, 825),
(163, 338),
(163, 128),
(163, 406),
(164, 318),
(165, 103),
(165, 377),
(165, 171),
(165, 164),
(165, 797),
(165, 114),
(166, 621),
(166, 541),
(166, 802),
(166, 276),
(166, 935),
(166, 769),
(167, 348),
(167, 439),
(167, 953),
(167, 644),
(168, 632),
(169, 908),
(169, 861),
(169, 324),
(169, 61),
(169, 872),
(169, 606),
(170, 904),
(170, 566),
(170, 884),
(170, 949),
(170, 608),
(170, 555),
(172, 644),
(172, 970),
(172, 912),
(172, 359),
(172, 318),
(172, 156),
(173, 678),
(173, 242),
(173, 959),
(174, 976),
(174, 647),
(174, 293),
(174, 274),
(175, 156),
(175, 281),
(175, 549),
(175, 141),
(176, 748),
(176, 241),
(176, 27),
(176, 434),
(176, 462),
(176, 280),
(177, 391),
(177, 46),
(177, 535),
(177, 73),
(177, 820),
(177, 164),
(178, 170),
(178, 981),
(178, 447),
(178, 927),
(178, 574),
(178, 857),
(179, 632),
(180, 947),
(180, 174),
(180, 191),
(180, 797),
(180, 361),
(180, 648),
(181, 306),
(181, 741),
(181, 368),
(181, 23),
(181, 727),
(181, 704),
(182, 86),
(182, 567),
(182, 583),
(182, 595),
(182, 40),
(182, 66),
(183, 734),
(183, 635),
(183, 328),
(183, 801),
(183, 595),
(183, 864),
(184, 689),
(184, 17),
(184, 55),
(184, 448),
(185, 634),
(186, 637),
(186, 794),
(186, 381),
(186, 650),
(186, 128),
(186, 802),
(187, 23),
(187, 950),
(189, 432),
(189, 619),
(190, 914),
(190, 643),
(190, 598),
(191, 686),
(191, 140),
(191, 894),
(191, 392),
(191, 324),
(191, 423),
(193, 214),
(193, 501),
(193, 678),
(193, 511),
(193, 627),
(193, 172),
(194, 273),
(194, 590),
(194, 410),
(194, 151),
(194, 59),
(195, 355),
(195, 571),
(195, 263),
(195, 934),
(195, 690),
(195, 244),
(196, 191),
(196, 19),
(196, 640),
(196, 702),
(196, 423),
(196, 821),
(197, 594),
(197, 49),
(197, 213),
(197, 685),
(197, 368),
(197, 297),
(198, 15),
(200, 523),
(200, 81),
(200, 911),
(200, 96),
(200, 422),
(200, 298),
(201, 41),
(201, 586),
(201, 183),
(201, 458),
(201, 879),
(201, 999),
(202, 48),
(202, 195),
(202, 122),
(202, 154),
(202, 592),
(202, 148),
(203, 209),
(203, 880),
(203, 772),
(203, 772),
(203, 899),
(203, 649),
(204, 582),
(204, 564),
(204, 732),
(204, 967),
(204, 930),
(204, 473),
(206, 551),
(206, 547),
(206, 354),
(207, 945),
(207, 300),
(207, 80),
(207, 381),
(207, 851),
(207, 16),
(208, 696),
(210, 889),
(210, 431),
(210, 896),
(210, 526),
(210, 492),
(210, 638),
(211, 773),
(211, 967),
(211, 766),
(211, 51),
(211, 702),
(213, 324),
(214, 336),
(214, 743),
(214, 514),
(214, 669),
(214, 904),
(214, 455),
(215, 935),
(215, 305),
(215, 862),
(215, 978),
(215, 707),
(215, 611),
(216, 859),
(216, 200),
(216, 312),
(216, 725),
(216, 839),
(216, 944),
(217, 752),
(217, 668),
(217, 195),
(217, 800),
(217, 773),
(217, 207),
(218, 703),
(218, 289),
(218, 492),
(218, 474),
(218, 629),
(218, 27),
(219, 223),
(220, 376),
(221, 149),
(221, 885),
(221, 872),
(221, 796),
(221, 38),
(221, 547),
(222, 587),
(223, 84),
(223, 606),
(224, 6),
(224, 784),
(225, 618),
(225, 911),
(225, 114),
(225, 333),
(225, 127),
(225, 28),
(226, 425),
(226, 764),
(226, 57),
(226, 961),
(226, 128),
(226, 305),
(227, 700),
(227, 926),
(227, 622),
(227, 364),
(227, 974),
(227, 472),
(228, 322),
(228, 165),
(228, 722),
(228, 398),
(228, 368),
(228, 153),
(229, 576),
(229, 258),
(229, 247),
(229, 730),
(229, 83),
(229, 580),
(231, 431),
(231, 417),
(231, 26),
(231, 987),
(231, 114),
(231, 43),
(232, 57),
(232, 138),
(232, 985),
(232, 142),
(232, 32),
(232, 930),
(233, 144),
(233, 588),
(233, 368),
(233, 105),
(233, 150),
(233, 288),
(234, 61),
(235, 206),
(235, 141),
(235, 710),
(235, 755),
(235, 218),
(235, 600),
(236, 557),
(236, 321),
(236, 220),
(236, 436),
(236, 319),
(236, 617),
(237, 694),
(237, 905),
(237, 167),
(237, 947),
(237, 901),
(238, 962),
(238, 958),
(238, 748),
(238, 350),
(238, 301),
(238, 457),
(239, 165),
(239, 269),
(239, 205),
(239, 376),
(239, 257),
(239, 261),
(240, 986),
(240, 580),
(242, 506),
(242, 478),
(242, 881),
(242, 966),
(242, 140),
(242, 174),
(243, 80),
(243, 135),
(243, 920),
(243, 385),
(243, 672),
(243, 77),
(244, 931),
(244, 985),
(244, 539),
(244, 31),
(244, 115),
(244, 465),
(245, 543),
(245, 459),
(245, 287),
(245, 198),
(246, 549),
(246, 519),
(249, 724),
(249, 454),
(250, 306),
(250, 677),
(250, 203),
(250, 131),
(251, 82),
(251, 552),
(251, 994),
(251, 448),
(251, 232),
(251, 290),
(252, 941),
(253, 263),
(253, 890),
(253, 545),
(255, 538),
(255, 188),
(255, 972),
(255, 319),
(255, 810),
(255, 660),
(256, 200),
(256, 246),
(256, 361),
(256, 709),
(256, 232),
(256, 205),
(257, 960),
(257, 642),
(257, 418),
(257, 789),
(257, 794),
(258, 884),
(258, 374),
(258, 970),
(258, 832),
(258, 245),
(258, 347),
(259, 730),
(259, 344),
(259, 162),
(259, 797),
(260, 137),
(260, 435),
(260, 838),
(260, 419),
(261, 727),
(261, 442),
(261, 203),
(262, 336),
(262, 83),
(262, 652),
(262, 85),
(263, 626),
(263, 815),
(263, 945),
(263, 665),
(263, 412),
(263, 69),
(264, 946),
(264, 335),
(264, 809),
(264, 491),
(264, 592),
(264, 108),
(265, 292),
(265, 738),
(265, 122),
(265, 376),
(265, 618),
(265, 199),
(266, 351),
(266, 90),
(266, 271),
(266, 50),
(267, 852),
(267, 924),
(267, 767),
(268, 62),
(268, 810),
(268, 500),
(268, 839),
(269, 206),
(269, 303),
(269, 408),
(269, 708),
(269, 244),
(269, 667),
(270, 906),
(270, 657),
(270, 436),
(270, 55),
(270, 162),
(270, 424),
(271, 539),
(271, 922),
(272, 56),
(273, 177),
(273, 948),
(273, 959),
(273, 814),
(273, 432),
(273, 935),
(274, 288),
(274, 185),
(274, 520),
(275, 942),
(275, 507),
(275, 564),
(275, 547),
(275, 4),
(276, 251),
(276, 342),
(276, 323),
(276, 486),
(276, 167),
(276, 152),
(277, 945),
(277, 442),
(277, 930),
(277, 696),
(277, 34),
(279, 635),
(279, 204),
(279, 183),
(279, 4),
(279, 859),
(279, 133),
(280, 398),
(280, 350),
(280, 478),
(280, 356),
(280, 468),
(280, 408),
(281, 484),
(281, 86),
(281, 309),
(281, 212),
(281, 520),
(281, 868),
(282, 89),
(282, 141),
(282, 995),
(282, 319),
(282, 938),
(282, 286),
(283, 727),
(283, 50),
(283, 529),
(283, 232),
(283, 507),
(283, 93),
(284, 217),
(284, 592),
(284, 639),
(284, 308),
(284, 311),
(284, 43),
(285, 702),
(285, 940),
(285, 345),
(286, 588),
(286, 722),
(286, 582),
(286, 229),
(286, 408),
(286, 990),
(287, 723),
(287, 20),
(287, 486),
(287, 882),
(287, 938),
(287, 693),
(288, 856),
(288, 115),
(288, 955),
(288, 654),
(288, 589),
(288, 833),
(289, 597),
(289, 861),
(289, 964),
(289, 977),
(289, 880),
(289, 359),
(290, 225),
(290, 439),
(291, 183),
(292, 950),
(292, 241),
(292, 852),
(293, 455),
(293, 113),
(293, 13),
(293, 786),
(293, 580),
(293, 211),
(294, 15),
(294, 113),
(294, 835),
(294, 805),
(294, 281),
(294, 204),
(295, 529),
(295, 532),
(295, 603),
(296, 594),
(296, 657),
(296, 870),
(296, 57),
(296, 971),
(297, 49),
(297, 691),
(297, 81),
(297, 468),
(297, 298),
(297, 996),
(298, 527),
(298, 56),
(298, 561),
(299, 162),
(299, 209),
(299, 829),
(299, 512),
(299, 462),
(299, 995),
(300, 390),
(300, 742),
(300, 467),
(300, 310),
(300, 998),
(300, 452),
(301, 647),
(301, 404),
(301, 805),
(301, 189),
(301, 497),
(301, 296),
(302, 59),
(302, 11),
(302, 194),
(303, 874),
(303, 913),
(303, 679),
(303, 488),
(303, 125),
(303, 132),
(304, 471),
(304, 5),
(304, 50),
(304, 458),
(304, 780),
(304, 573),
(305, 153),
(305, 564),
(305, 924),
(305, 73),
(305, 754),
(305, 38),
(306, 629),
(306, 205),
(306, 308),
(306, 408),
(306, 439),
(306, 117),
(307, 414),
(307, 154),
(307, 161),
(307, 789),
(307, 125),
(307, 570),
(308, 781),
(308, 373),
(308, 123),
(308, 712),
(308, 602),
(308, 379),
(309, 872),
(310, 410),
(310, 914),
(310, 697),
(310, 240),
(311, 403),
(311, 179),
(311, 842),
(311, 419),
(311, 993),
(311, 210),
(312, 87),
(312, 983),
(312, 322),
(312, 624),
(312, 161),
(312, 242),
(313, 294),
(313, 305),
(313, 227),
(313, 10),
(313, 231),
(313, 160),
(314, 152),
(314, 9),
(314, 127),
(314, 490),
(314, 275),
(314, 954),
(315, 142),
(315, 758),
(315, 11),
(315, 880),
(315, 16),
(315, 574),
(316, 594),
(316, 292),
(316, 243),
(316, 836),
(316, 532),
(316, 354),
(317, 382),
(317, 274),
(317, 500),
(317, 977),
(317, 798),
(318, 543),
(318, 293),
(318, 709),
(318, 961),
(318, 815),
(318, 933),
(319, 496),
(320, 532),
(320, 882),
(320, 790),
(320, 383),
(320, 770),
(320, 121),
(321, 380),
(321, 236),
(321, 737),
(321, 792),
(321, 775),
(321, 995),
(322, 505),
(322, 848),
(322, 125),
(322, 193),
(323, 802),
(323, 782),
(324, 274),
(324, 646),
(324, 477),
(324, 889),
(324, 693),
(324, 23),
(325, 660),
(325, 384),
(325, 118),
(325, 553),
(325, 35),
(325, 868),
(326, 866),
(326, 551),
(326, 227),
(326, 439),
(326, 742),
(326, 330),
(327, 512),
(327, 439),
(327, 346),
(327, 42),
(327, 106),
(328, 144),
(328, 528),
(328, 456),
(328, 249),
(328, 539),
(329, 464),
(329, 194),
(329, 190),
(329, 263),
(329, 660),
(329, 53),
(330, 187),
(330, 579),
(330, 333),
(331, 265),
(331, 255),
(331, 760),
(331, 929),
(331, 642),
(331, 907),
(332, 82),
(332, 487),
(332, 466),
(332, 598),
(332, 817),
(332, 900),
(333, 74),
(333, 856),
(333, 296),
(333, 577),
(333, 523),
(333, 484),
(335, 219),
(335, 712),
(335, 141),
(335, 998),
(335, 870),
(335, 624),
(336, 590),
(336, 261),
(336, 669),
(336, 458),
(336, 878),
(336, 862),
(337, 950),
(337, 792),
(337, 117),
(338, 571),
(338, 76),
(338, 565),
(338, 875),
(338, 536),
(338, 559),
(339, 141),
(340, 494),
(340, 192),
(341, 304),
(341, 519),
(341, 563),
(341, 251),
(341, 563),
(341, 207),
(342, 499),
(342, 103),
(342, 890),
(342, 31),
(342, 49),
(342, 865),
(343, 965),
(343, 410),
(343, 371),
(343, 301),
(343, 912),
(344, 166),
(344, 14),
(344, 997),
(345, 698),
(345, 406),
(345, 616),
(345, 582),
(346, 411),
(346, 177),
(346, 557),
(346, 388),
(346, 480),
(346, 582),
(347, 362),
(347, 130),
(347, 132),
(347, 475),
(347, 194),
(347, 999),
(348, 406),
(349, 398),
(349, 564),
(349, 471),
(349, 663),
(349, 238),
(349, 61),
(350, 896),
(350, 675),
(350, 312),
(350, 231),
(350, 956),
(350, 170),
(351, 378),
(351, 43),
(351, 685),
(351, 249),
(351, 116),
(351, 732),
(352, 315),
(352, 847),
(352, 910),
(353, 486),
(353, 164),
(353, 709),
(353, 299),
(353, 714),
(353, 340),
(354, 111),
(354, 668),
(354, 939),
(354, 639),
(354, 838),
(354, 533),
(355, 370),
(355, 560),
(356, 155),
(356, 664),
(356, 134),
(356, 220),
(356, 195),
(356, 287),
(358, 397),
(359, 562),
(359, 140),
(360, 957),
(360, 546),
(360, 280),
(360, 479),
(360, 264),
(360, 533),
(361, 318),
(361, 184),
(361, 810),
(361, 166),
(361, 117),
(361, 796),
(362, 89),
(362, 528),
(362, 749),
(362, 108),
(362, 392),
(362, 132),
(363, 980),
(363, 717),
(363, 440),
(364, 155),
(364, 592),
(364, 319),
(365, 220),
(365, 720),
(365, 123),
(365, 820),
(366, 346),
(366, 466),
(366, 57),
(366, 719),
(366, 495),
(366, 877),
(367, 15),
(367, 605),
(367, 665),
(367, 705),
(367, 553),
(367, 296),
(368, 764),
(369, 137),
(369, 392),
(369, 543),
(369, 339),
(369, 616),
(370, 349),
(371, 807),
(371, 516),
(371, 419),
(371, 777),
(371, 823),
(371, 101),
(372, 302),
(372, 185),
(372, 56),
(372, 904),
(372, 969),
(372, 935),
(373, 462),
(373, 242),
(373, 244),
(374, 439),
(374, 787),
(374, 266),
(374, 856),
(374, 148),
(374, 953),
(375, 885),
(376, 540),
(376, 326),
(376, 723),
(376, 122),
(376, 290),
(376, 410),
(377, 131),
(377, 237),
(377, 72),
(378, 909),
(379, 12),
(379, 929),
(379, 545),
(379, 701),
(379, 89),
(379, 416),
(381, 67),
(381, 927),
(381, 139),
(381, 236),
(381, 235),
(381, 415),
(382, 971),
(382, 77),
(382, 105),
(382, 516),
(383, 913),
(384, 693),
(384, 922),
(384, 583),
(384, 817),
(384, 575),
(385, 416),
(385, 13),
(385, 92),
(385, 790),
(385, 347),
(385, 569),
(386, 633),
(387, 957),
(387, 510),
(387, 624),
(387, 378),
(387, 956),
(387, 7),
(388, 391),
(388, 83),
(388, 140),
(388, 347),
(388, 845),
(388, 27),
(389, 354),
(389, 838),
(389, 364),
(389, 307),
(389, 578),
(389, 129),
(390, 833),
(390, 744),
(390, 197),
(390, 838),
(390, 789),
(390, 726),
(391, 366),
(391, 827),
(391, 185),
(392, 591),
(392, 943),
(392, 41),
(393, 816),
(394, 185),
(394, 349),
(394, 636),
(394, 87),
(394, 676),
(394, 364),
(395, 339),
(395, 389),
(395, 716),
(395, 806),
(395, 604),
(395, 885),
(396, 331),
(396, 727),
(397, 197),
(398, 409),
(400, 403),
(400, 401),
(400, 430),
(400, 931),
(400, 589),
(400, 196),
(402, 341),
(402, 238),
(402, 737),
(402, 724),
(402, 801),
(402, 433),
(403, 845),
(403, 758),
(403, 733),
(403, 822),
(403, 864),
(403, 197),
(404, 584),
(404, 726),
(404, 55),
(404, 374),
(407, 478),
(407, 869),
(407, 886),
(407, 349),
(407, 795),
(407, 314),
(408, 270),
(408, 462),
(408, 598),
(408, 21),
(408, 34),
(408, 632),
(409, 256),
(409, 283),
(409, 493),
(409, 583),
(409, 693),
(409, 425),
(410, 974),
(410, 640),
(410, 375),
(411, 619),
(411, 265),
(411, 428),
(411, 788),
(411, 368),
(413, 516),
(413, 343),
(413, 436),
(414, 524),
(414, 666),
(414, 53),
(414, 227),
(414, 269),
(414, 187),
(415, 41),
(415, 220),
(415, 200),
(415, 116),
(415, 849),
(415, 512),
(416, 837),
(416, 306),
(416, 160),
(417, 141),
(417, 8),
(417, 534),
(417, 708),
(417, 30),
(417, 504),
(418, 779),
(419, 989),
(419, 53),
(419, 944),
(419, 621),
(419, 512),
(419, 972),
(420, 281),
(420, 173),
(420, 95),
(420, 271),
(420, 754),
(420, 895),
(421, 529),
(421, 888),
(423, 150),
(423, 410),
(423, 624),
(423, 997),
(423, 771),
(423, 897),
(424, 328),
(424, 949),
(424, 5),
(424, 888),
(424, 9),
(424, 632),
(425, 434),
(425, 237),
(425, 420),
(426, 225),
(426, 993),
(427, 792),
(427, 763),
(428, 421),
(428, 102),
(428, 488),
(428, 784),
(428, 849),
(428, 491),
(429, 839),
(429, 115),
(429, 517),
(429, 121),
(429, 896),
(430, 188),
(430, 59),
(430, 164),
(430, 956),
(430, 896),
(430, 935),
(431, 357),
(431, 897),
(431, 224),
(431, 569),
(431, 855),
(431, 726),
(432, 270),
(432, 563),
(432, 290),
(433, 802),
(433, 797),
(433, 658),
(433, 173),
(433, 409),
(433, 671),
(434, 389),
(435, 701),
(435, 332),
(435, 510),
(435, 452),
(435, 383),
(435, 649),
(436, 156),
(436, 603),
(436, 745),
(436, 123),
(437, 210),
(437, 880),
(437, 151),
(437, 577),
(437, 416),
(437, 765),
(438, 168),
(438, 987),
(438, 580),
(438, 780),
(438, 195),
(438, 793),
(439, 614),
(439, 171),
(439, 895),
(439, 520),
(439, 825),
(440, 110),
(440, 402),
(440, 660),
(440, 481),
(440, 439),
(440, 890),
(441, 614),
(441, 757),
(441, 812),
(441, 743),
(441, 483),
(441, 262),
(442, 547),
(442, 936),
(442, 616),
(442, 982),
(442, 149),
(442, 480),
(443, 973),
(443, 852),
(443, 531),
(443, 454),
(443, 551),
(443, 88),
(444, 428),
(444, 660),
(444, 361),
(444, 936),
(444, 761),
(444, 237),
(445, 975),
(445, 324),
(446, 590),
(446, 404),
(446, 803),
(446, 28),
(446, 422),
(446, 703),
(447, 184),
(447, 864),
(447, 889),
(447, 490),
(447, 730),
(447, 172),
(448, 45),
(448, 248),
(449, 551),
(449, 590),
(449, 298),
(449, 416),
(449, 734),
(449, 37),
(450, 949),
(450, 800),
(450, 333),
(450, 678),
(450, 26),
(450, 498),
(451, 421),
(451, 721),
(451, 288),
(451, 148),
(451, 661),
(451, 863),
(452, 170),
(452, 577),
(452, 341),
(452, 770),
(452, 563),
(452, 212),
(453, 609),
(453, 991),
(453, 575),
(453, 756),
(453, 609),
(453, 447),
(454, 232),
(454, 809),
(454, 946),
(454, 21),
(454, 882),
(454, 702),
(455, 52),
(456, 613),
(456, 751),
(457, 111),
(457, 370),
(457, 772),
(458, 221),
(458, 564),
(458, 501),
(458, 811),
(458, 351),
(458, 974),
(459, 103),
(459, 952),
(459, 332),
(459, 899),
(460, 304),
(460, 337),
(460, 865),
(460, 392),
(460, 45),
(461, 838),
(461, 689),
(461, 921),
(462, 811),
(462, 823),
(462, 476),
(462, 985),
(462, 107),
(462, 330),
(463, 949),
(463, 451),
(463, 425),
(464, 463),
(465, 131),
(465, 310),
(465, 334),
(465, 134),
(465, 45),
(465, 758),
(466, 695),
(466, 924),
(466, 549),
(467, 94),
(467, 483),
(467, 198),
(467, 256),
(467, 168),
(467, 220),
(468, 497),
(469, 107),
(470, 740),
(470, 178),
(470, 684),
(470, 614),
(471, 176),
(471, 55),
(471, 963),
(471, 331),
(471, 14),
(471, 377),
(472, 467),
(472, 799),
(472, 122),
(472, 586),
(472, 644),
(473, 365),
(473, 972),
(473, 394),
(473, 873),
(473, 452),
(473, 206),
(474, 101),
(474, 977),
(474, 217),
(475, 83),
(475, 242),
(475, 287),
(475, 723),
(475, 319),
(475, 991),
(476, 328),
(478, 265),
(478, 731),
(478, 393),
(478, 277),
(478, 256),
(478, 199),
(479, 134),
(479, 345),
(479, 960),
(479, 163),
(479, 209),
(479, 233),
(480, 91),
(480, 599),
(480, 621),
(480, 330),
(480, 205),
(480, 399),
(481, 602),
(481, 330),
(481, 844),
(481, 540),
(481, 85),
(481, 425),
(482, 665),
(482, 650),
(482, 673),
(482, 166),
(483, 931),
(483, 410),
(483, 178),
(483, 31),
(483, 247),
(484, 587),
(484, 77),
(484, 788),
(484, 233),
(484, 876),
(484, 362),
(485, 265),
(485, 190),
(485, 367),
(485, 759),
(486, 124),
(486, 181),
(486, 28),
(486, 370),
(486, 992),
(486, 157),
(487, 52),
(487, 44),
(487, 632),
(487, 994),
(487, 623),
(487, 5),
(488, 408),
(488, 804),
(488, 918),
(488, 749),
(488, 613),
(488, 340),
(489, 211),
(489, 170),
(489, 641),
(489, 589),
(489, 76),
(489, 464),
(490, 443),
(490, 461),
(491, 787),
(491, 496),
(491, 883),
(491, 507),
(491, 925),
(491, 883),
(492, 676),
(492, 518),
(492, 132),
(492, 694),
(492, 966),
(492, 729),
(493, 578),
(493, 762),
(493, 592),
(493, 120),
(493, 268),
(493, 417),
(495, 612),
(497, 855),
(498, 474),
(498, 598),
(498, 441),
(500, 384),
(500, 975),
(500, 142),
(500, 899),
(500, 80),
(500, 987),
(501, 480),
(501, 57),
(501, 752),
(503, 248),
(503, 337),
(503, 612),
(503, 393),
(503, 534),
(503, 759),
(504, 376),
(504, 40),
(504, 573),
(504, 338),
(504, 24),
(505, 931),
(505, 148),
(505, 672),
(505, 791),
(505, 808),
(505, 473),
(506, 932),
(506, 773),
(506, 999),
(506, 300),
(506, 961),
(506, 766),
(507, 178),
(507, 363),
(507, 892),
(507, 909),
(507, 978),
(507, 797),
(508, 537),
(508, 591),
(508, 939),
(508, 292),
(508, 973),
(508, 763),
(509, 933),
(509, 30),
(509, 402),
(509, 412),
(509, 913),
(509, 995),
(510, 102),
(510, 193),
(510, 157),
(511, 657),
(511, 15),
(511, 144),
(511, 265),
(511, 643),
(511, 106),
(512, 961),
(512, 559),
(512, 324),
(512, 853),
(512, 607),
(512, 265),
(513, 333),
(513, 74),
(513, 904),
(513, 244),
(513, 128),
(513, 423),
(514, 373),
(514, 988),
(514, 772),
(515, 719),
(516, 175),
(516, 983),
(517, 100),
(517, 259),
(517, 21),
(518, 802),
(518, 133),
(518, 674),
(518, 723),
(519, 491),
(519, 579),
(519, 299),
(519, 0),
(519, 795),
(519, 218),
(520, 82),
(520, 261),
(520, 705),
(520, 144),
(520, 184),
(520, 0),
(521, 856),
(521, 991),
(521, 894),
(521, 729),
(521, 581),
(521, 282),
(522, 201),
(522, 422),
(524, 559),
(524, 819),
(524, 19),
(524, 549),
(524, 945),
(524, 194),
(526, 252),
(526, 347),
(526, 120),
(526, 592),
(527, 797),
(527, 943),
(527, 108),
(527, 772),
(527, 172),
(527, 795),
(528, 478),
(528, 857),
(528, 811),
(528, 56),
(528, 953),
(530, 181),
(530, 770),
(530, 878),
(530, 264),
(530, 984),
(530, 656),
(531, 809),
(532, 611),
(533, 450),
(533, 718),
(533, 532),
(533, 121),
(533, 702),
(533, 889),
(534, 388),
(534, 325),
(534, 233),
(534, 37),
(534, 386),
(534, 114),
(535, 305),
(535, 93),
(535, 813),
(535, 802),
(536, 96),
(537, 96),
(537, 206),
(537, 753),
(537, 47),
(538, 38),
(538, 288),
(538, 417),
(538, 893),
(538, 115),
(538, 435),
(540, 130),
(541, 770),
(541, 249),
(541, 37),
(542, 597),
(542, 901),
(542, 25),
(542, 482),
(542, 872),
(542, 172),
(543, 203),
(544, 225),
(544, 18),
(544, 253),
(544, 38),
(545, 402),
(545, 739),
(546, 832),
(547, 242),
(547, 482),
(547, 150),
(547, 15),
(547, 672),
(548, 290),
(548, 851),
(548, 110),
(549, 526),
(549, 187),
(549, 47),
(549, 392),
(550, 10),
(551, 568),
(551, 48),
(551, 768),
(551, 643),
(551, 821),
(551, 220),
(552, 134),
(552, 366),
(552, 177),
(552, 494),
(552, 776),
(552, 45),
(553, 610),
(553, 461),
(553, 780),
(553, 232),
(553, 428),
(553, 270),
(555, 160),
(555, 841),
(555, 107),
(555, 588),
(555, 381),
(555, 448),
(556, 176),
(557, 496),
(559, 703),
(559, 430),
(559, 588),
(559, 112),
(559, 756),
(559, 296),
(560, 822),
(560, 980),
(560, 321),
(560, 892),
(560, 742),
(560, 327),
(561, 303),
(561, 746),
(561, 471),
(561, 153),
(561, 630),
(561, 699),
(562, 147),
(562, 936),
(562, 424),
(562, 630),
(562, 625),
(563, 918),
(563, 533),
(563, 867),
(563, 405),
(563, 643),
(563, 222),
(564, 174),
(564, 649),
(564, 472),
(564, 779),
(564, 553),
(564, 675),
(565, 334),
(565, 809),
(565, 895),
(565, 881),
(565, 704),
(565, 908),
(566, 565),
(566, 852),
(566, 23),
(566, 330),
(566, 876),
(566, 843),
(567, 91),
(567, 477),
(567, 335),
(567, 229),
(567, 289),
(567, 623),
(568, 462),
(568, 637),
(568, 68),
(568, 439),
(568, 445),
(568, 561),
(569, 553),
(569, 321),
(569, 238),
(570, 270),
(570, 594),
(571, 731),
(571, 802),
(571, 408),
(571, 354),
(571, 445),
(571, 269),
(572, 320),
(572, 901),
(572, 516),
(572, 507),
(572, 423),
(572, 951),
(573, 640),
(575, 560),
(575, 383),
(575, 176),
(575, 37),
(575, 590),
(575, 46),
(576, 46),
(576, 265),
(576, 371),
(576, 471),
(576, 445),
(577, 711),
(577, 928),
(578, 751),
(578, 77),
(578, 654),
(578, 678),
(578, 967),
(578, 168),
(579, 795),
(581, 665),
(581, 126),
(581, 411),
(581, 656),
(581, 978),
(581, 656),
(583, 990),
(583, 42),
(584, 646),
(584, 128),
(585, 763),
(585, 112),
(585, 149),
(585, 41),
(585, 161),
(585, 184),
(586, 349),
(586, 809),
(586, 916),
(586, 617),
(586, 62),
(586, 959),
(587, 658),
(587, 844),
(587, 820),
(587, 192),
(587, 52),
(587, 679),
(588, 406),
(588, 935),
(588, 468),
(588, 761),
(588, 414),
(588, 628),
(589, 235),
(589, 183),
(589, 747),
(589, 536),
(589, 261),
(589, 196),
(590, 817),
(590, 287),
(590, 386),
(590, 567),
(591, 84),
(591, 262),
(591, 724),
(591, 121),
(591, 548),
(591, 138),
(592, 728),
(592, 150),
(592, 816),
(592, 162),
(592, 117),
(592, 693),
(593, 705),
(593, 926),
(594, 816),
(594, 710),
(594, 458),
(594, 185),
(594, 60),
(594, 831),
(595, 952),
(595, 634),
(595, 731),
(595, 14),
(595, 610),
(595, 249),
(596, 227),
(596, 662),
(596, 695),
(596, 720),
(596, 38),
(597, 407),
(597, 285),
(597, 834),
(597, 306),
(597, 181),
(597, 780),
(598, 638),
(598, 564),
(601, 780),
(601, 514),
(602, 854),
(603, 244),
(603, 112),
(603, 609),
(604, 228),
(604, 73),
(604, 221),
(604, 214),
(604, 631),
(604, 238),
(605, 480),
(605, 797),
(605, 320),
(605, 995),
(605, 529),
(605, 583),
(606, 569),
(606, 860),
(606, 848),
(606, 974),
(606, 64),
(606, 905),
(607, 118),
(607, 123),
(607, 488),
(607, 4),
(607, 721),
(608, 448),
(608, 823),
(608, 705),
(608, 30),
(609, 206),
(609, 825),
(609, 875),
(609, 607),
(609, 704),
(609, 698),
(610, 859),
(610, 235),
(610, 928),
(610, 244),
(610, 18),
(611, 234),
(611, 417),
(611, 871),
(611, 252),
(611, 779),
(611, 122),
(613, 637),
(613, 621),
(613, 286),
(613, 756),
(613, 720),
(613, 283),
(614, 369),
(614, 260),
(614, 967),
(614, 295),
(614, 40),
(614, 179),
(615, 112),
(615, 335),
(615, 845),
(615, 317),
(615, 879),
(615, 327),
(616, 786),
(616, 788),
(616, 511),
(616, 469),
(616, 639),
(616, 196),
(617, 714),
(617, 700),
(617, 947),
(617, 155),
(617, 360),
(617, 393),
(618, 31),
(618, 594),
(618, 340),
(618, 781),
(618, 833),
(618, 124),
(619, 152),
(619, 439),
(619, 324),
(619, 753),
(620, 518),
(620, 605),
(620, 192),
(620, 715),
(620, 965),
(620, 990),
(621, 571),
(621, 745),
(621, 418),
(621, 468),
(621, 217),
(621, 209),
(622, 495),
(622, 194),
(622, 388),
(622, 243),
(622, 875),
(622, 737),
(623, 843),
(623, 178),
(623, 172),
(623, 239),
(623, 988),
(623, 141),
(624, 260),
(624, 162),
(624, 295),
(624, 484),
(624, 616),
(624, 933),
(625, 695),
(625, 953),
(625, 843),
(625, 807),
(625, 196),
(625, 160),
(627, 47),
(627, 313),
(627, 23),
(627, 771),
(627, 905),
(627, 239),
(629, 834),
(629, 948),
(630, 104),
(630, 823),
(630, 24),
(630, 701),
(630, 296),
(630, 185),
(631, 87),
(631, 764),
(631, 414),
(631, 522),
(631, 531),
(631, 153),
(632, 740),
(632, 304),
(632, 954),
(632, 26),
(632, 571),
(632, 602),
(633, 385),
(633, 524),
(633, 246),
(633, 432),
(633, 4),
(633, 527),
(634, 283),
(634, 323),
(634, 571),
(634, 16),
(635, 217),
(635, 726),
(635, 120),
(635, 33),
(635, 459),
(635, 685),
(636, 355),
(636, 328),
(636, 511),
(636, 364),
(636, 815),
(636, 33),
(637, 817),
(638, 338),
(638, 411),
(638, 153),
(638, 480),
(638, 584),
(638, 414),
(639, 908),
(639, 732),
(639, 767),
(639, 312),
(639, 673),
(640, 433),
(640, 685),
(642, 319),
(642, 658),
(642, 505),
(642, 291),
(642, 444),
(642, 359),
(643, 992),
(643, 958),
(643, 904),
(643, 71),
(643, 699),
(643, 2),
(644, 692),
(645, 479),
(645, 544),
(645, 925),
(645, 312),
(645, 993),
(645, 181),
(646, 320),
(646, 319),
(646, 697),
(647, 380),
(647, 398),
(648, 16),
(648, 451),
(648, 540),
(648, 873),
(648, 815),
(648, 454),
(649, 847),
(649, 386),
(649, 776),
(649, 388),
(649, 781),
(649, 835),
(650, 968),
(650, 108),
(650, 303),
(650, 126),
(650, 338),
(651, 775),
(651, 813),
(651, 278),
(653, 86),
(653, 642),
(653, 525),
(653, 626),
(653, 613),
(653, 374),
(654, 952),
(654, 935),
(654, 941),
(654, 979),
(654, 113),
(654, 265),
(655, 689),
(655, 596),
(655, 506),
(656, 282),
(656, 452),
(656, 832),
(656, 381),
(656, 838),
(656, 384),
(657, 564),
(657, 209),
(658, 502),
(659, 848),
(659, 206),
(659, 921),
(659, 690),
(659, 432),
(659, 175),
(660, 957),
(660, 412),
(661, 651),
(661, 410),
(661, 663),
(661, 742),
(661, 31),
(661, 640),
(662, 940),
(662, 900),
(662, 721),
(663, 707),
(663, 826),
(663, 676),
(663, 720),
(663, 193),
(663, 603),
(664, 688),
(664, 860),
(664, 794),
(664, 113),
(664, 891),
(664, 811),
(665, 611),
(666, 232),
(666, 609),
(666, 153),
(666, 309),
(666, 131),
(666, 30),
(667, 513),
(667, 145),
(667, 205),
(667, 836),
(667, 576),
(667, 232),
(668, 79),
(668, 106),
(668, 818),
(669, 843),
(670, 782),
(671, 202),
(671, 148),
(671, 638),
(671, 888),
(671, 870),
(671, 429),
(673, 669),
(673, 955),
(673, 382),
(673, 424),
(673, 718),
(673, 193),
(674, 643),
(674, 337),
(674, 497),
(674, 513),
(674, 571),
(674, 965),
(675, 936),
(675, 474),
(675, 449),
(675, 732),
(676, 668),
(676, 487),
(676, 362),
(676, 892),
(676, 400),
(676, 987),
(677, 631),
(677, 568),
(677, 847),
(677, 908),
(677, 397),
(677, 151),
(678, 820),
(678, 621),
(678, 170),
(679, 449),
(679, 739),
(679, 2),
(679, 444),
(679, 697),
(679, 766),
(680, 634),
(681, 383),
(681, 209),
(681, 323),
(681, 450),
(682, 389),
(682, 72),
(682, 325),
(684, 624),
(684, 897),
(684, 315),
(684, 319),
(684, 675),
(685, 622),
(686, 887),
(686, 528),
(686, 15),
(686, 93),
(686, 404),
(686, 886),
(687, 109),
(689, 71),
(689, 417),
(690, 737),
(690, 515),
(690, 912),
(690, 747),
(690, 183),
(690, 50),
(691, 576),
(691, 647),
(691, 626),
(691, 643),
(691, 831),
(691, 909),
(692, 300),
(692, 938),
(692, 343),
(692, 579),
(692, 721),
(692, 861),
(693, 343),
(693, 894),
(694, 461),
(694, 891),
(694, 373),
(694, 7),
(694, 642),
(694, 672),
(695, 932),
(695, 531),
(695, 221),
(695, 884),
(695, 356),
(696, 279),
(696, 679),
(696, 910),
(696, 732),
(696, 117),
(696, 55),
(697, 872),
(697, 694),
(697, 75),
(697, 449),
(697, 9),
(697, 31),
(698, 367),
(698, 14),
(698, 196),
(698, 512),
(698, 514),
(698, 517),
(699, 629),
(699, 709),
(699, 860),
(699, 896),
(699, 888),
(699, 868),
(700, 935),
(700, 399),
(700, 358),
(701, 86),
(701, 952),
(701, 202),
(701, 928),
(701, 604),
(701, 788),
(702, 5),
(702, 113),
(702, 404),
(702, 582),
(702, 504),
(702, 452),
(703, 37),
(703, 455),
(703, 991),
(703, 916),
(703, 786),
(703, 381),
(704, 589),
(704, 215),
(704, 163),
(704, 408),
(704, 813),
(704, 446),
(705, 950),
(705, 812),
(705, 354),
(705, 906),
(706, 643),
(706, 514),
(706, 837),
(707, 937),
(707, 131),
(707, 652),
(707, 700),
(708, 27),
(708, 337),
(708, 310),
(708, 984),
(708, 365),
(709, 295),
(709, 94),
(709, 604),
(709, 546),
(709, 489),
(709, 698),
(710, 79),
(710, 338),
(710, 981),
(711, 519),
(711, 171),
(711, 677),
(711, 503),
(711, 63),
(711, 191),
(712, 829),
(712, 856),
(712, 413),
(712, 329),
(712, 50),
(712, 969),
(713, 854),
(713, 45),
(713, 387),
(713, 434),
(713, 898),
(713, 673),
(714, 878),
(714, 698),
(714, 585),
(715, 961),
(715, 770),
(715, 51),
(715, 11),
(715, 973),
(715, 465),
(716, 858),
(716, 878),
(717, 451),
(717, 616),
(717, 69),
(717, 79),
(717, 431),
(717, 474),
(719, 416),
(720, 807),
(720, 887),
(720, 225),
(720, 976),
(720, 772),
(720, 531),
(721, 373),
(721, 680),
(721, 709),
(721, 512),
(721, 898),
(721, 6),
(722, 33),
(722, 101),
(722, 223),
(722, 197),
(723, 573),
(724, 321),
(724, 504),
(724, 579),
(724, 585),
(724, 203),
(725, 55),
(725, 450),
(725, 631),
(725, 110),
(725, 637),
(725, 396),
(726, 856),
(726, 631),
(726, 165),
(726, 616),
(726, 602),
(726, 895),
(727, 553),
(727, 673),
(727, 383),
(728, 583),
(729, 890),
(729, 815),
(729, 329),
(729, 278),
(730, 660),
(730, 722),
(730, 914),
(730, 733),
(730, 462),
(730, 178),
(731, 46),
(731, 556),
(731, 549),
(731, 399),
(731, 646),
(732, 568),
(732, 402),
(732, 751),
(732, 616),
(732, 219),
(732, 459),
(734, 132),
(734, 239),
(734, 155),
(734, 126),
(734, 855),
(734, 255),
(735, 51),
(735, 622),
(735, 705),
(735, 134),
(735, 352),
(735, 270),
(736, 464),
(736, 677),
(736, 763),
(736, 963),
(736, 168),
(736, 280),
(737, 526),
(737, 743),
(737, 463),
(738, 493),
(738, 865),
(738, 104),
(738, 523),
(738, 617),
(738, 962),
(739, 681),
(739, 909),
(739, 284),
(740, 169),
(740, 693),
(740, 370),
(740, 609),
(740, 660),
(740, 957),
(742, 576),
(742, 709),
(742, 509),
(742, 472),
(742, 856),
(742, 387),
(743, 654),
(743, 918),
(743, 81),
(743, 757),
(743, 420),
(743, 289),
(749, 477),
(750, 41),
(750, 182),
(750, 401),
(750, 269),
(750, 34),
(750, 109),
(751, 334),
(751, 188),
(751, 430),
(751, 90),
(751, 725),
(751, 339),
(752, 907),
(752, 756),
(752, 200),
(752, 181),
(752, 511),
(752, 233),
(753, 268),
(753, 218),
(753, 387),
(753, 579),
(753, 261),
(753, 140),
(754, 236),
(754, 286),
(754, 520),
(754, 936),
(754, 632),
(754, 707),
(755, 360),
(755, 326),
(755, 580),
(755, 564),
(755, 299),
(755, 46),
(756, 540),
(756, 28),
(756, 717),
(756, 337),
(756, 60),
(756, 282),
(757, 762),
(757, 880),
(757, 763),
(757, 778),
(757, 179),
(757, 796),
(758, 671),
(758, 217),
(759, 194),
(759, 229),
(759, 673),
(759, 272),
(759, 754),
(759, 566),
(761, 199),
(761, 65),
(761, 324),
(762, 734),
(762, 632),
(762, 669),
(762, 500),
(762, 860),
(762, 632),
(763, 924),
(763, 308),
(763, 764),
(763, 422),
(763, 709),
(764, 110),
(764, 394),
(764, 948),
(764, 574),
(764, 998),
(764, 170),
(765, 768),
(765, 981),
(765, 62),
(765, 602),
(765, 314),
(765, 190),
(766, 917),
(766, 783),
(766, 413),
(766, 480),
(766, 463),
(767, 696),
(767, 423),
(767, 880),
(767, 283),
(767, 126),
(767, 701),
(768, 257),
(768, 701),
(768, 535),
(768, 552),
(768, 14),
(768, 586),
(769, 715),
(769, 469),
(769, 625),
(769, 843),
(769, 857),
(769, 831),
(770, 245),
(770, 734),
(770, 647),
(770, 490),
(770, 827),
(770, 25),
(771, 141),
(771, 197),
(771, 527),
(771, 649),
(771, 855),
(771, 473),
(772, 256),
(773, 703),
(774, 104),
(774, 214),
(774, 291),
(775, 663),
(775, 393),
(775, 435),
(775, 220),
(776, 324),
(776, 112),
(776, 836),
(776, 543),
(776, 320),
(776, 518),
(777, 290),
(777, 835),
(777, 29),
(777, 375),
(778, 367),
(779, 162),
(779, 538),
(780, 905),
(780, 454),
(780, 126),
(780, 532),
(780, 988),
(782, 934),
(782, 171),
(782, 537),
(782, 449),
(783, 188),
(784, 913),
(784, 953),
(784, 244),
(785, 123),
(787, 908),
(791, 251),
(792, 342),
(792, 422),
(792, 542),
(792, 9),
(792, 237),
(792, 338),
(793, 564),
(793, 55),
(793, 851),
(793, 76),
(794, 984),
(794, 177),
(794, 917),
(794, 194),
(794, 50),
(794, 15),
(795, 471),
(795, 655),
(795, 923),
(795, 742),
(795, 729),
(795, 634),
(796, 479),
(796, 139),
(796, 738),
(796, 927),
(796, 873),
(797, 193),
(798, 812),
(798, 922),
(798, 996),
(799, 922),
(799, 995),
(800, 704),
(800, 224),
(801, 417),
(801, 455),
(801, 901),
(801, 215),
(801, 875),
(801, 500),
(802, 992),
(802, 703),
(803, 340),
(803, 594),
(803, 690),
(803, 835),
(803, 859),
(803, 61),
(804, 910),
(804, 228),
(804, 384),
(804, 971),
(804, 104),
(804, 996),
(805, 244),
(805, 929),
(806, 154),
(806, 331),
(806, 560),
(806, 108),
(806, 40),
(806, 914),
(807, 774),
(807, 95),
(807, 804),
(807, 958),
(807, 419),
(807, 16),
(808, 705),
(808, 767),
(808, 664),
(809, 472),
(809, 233),
(810, 797),
(811, 333),
(811, 934),
(811, 987),
(811, 486),
(811, 34),
(811, 919),
(812, 557),
(812, 718),
(812, 906),
(812, 718),
(812, 623),
(812, 965),
(813, 174),
(813, 854),
(813, 81),
(813, 704),
(813, 815),
(814, 335),
(814, 861),
(814, 261),
(814, 924),
(814, 967),
(814, 714),
(815, 892),
(815, 687),
(815, 651),
(815, 801),
(815, 119),
(815, 542),
(816, 937),
(817, 482),
(817, 349),
(817, 707),
(817, 38),
(817, 825),
(817, 555),
(818, 798),
(818, 51),
(818, 307),
(818, 89),
(818, 355),
(818, 77),
(819, 409),
(820, 471),
(820, 353),
(820, 35),
(820, 539),
(820, 347),
(821, 997),
(821, 441),
(821, 396),
(821, 610),
(821, 366),
(821, 141),
(822, 948),
(822, 968),
(822, 305),
(822, 722),
(822, 907),
(822, 935),
(823, 976),
(823, 141),
(823, 710),
(824, 811),
(824, 351),
(824, 445),
(824, 327),
(824, 980),
(824, 598),
(825, 716),
(825, 42),
(825, 474),
(825, 77),
(826, 684),
(826, 156),
(826, 423),
(826, 608),
(826, 413),
(826, 109),
(827, 365),
(827, 533),
(827, 737),
(827, 642),
(827, 306),
(827, 147),
(828, 181),
(828, 622),
(828, 128),
(828, 242),
(830, 555),
(830, 441),
(831, 823),
(831, 322),
(833, 330),
(834, 340),
(834, 911),
(834, 222),
(834, 292),
(834, 218),
(834, 732),
(835, 144),
(835, 128),
(835, 95),
(835, 378),
(837, 119),
(837, 286),
(837, 676),
(837, 159),
(837, 513),
(837, 588),
(838, 133),
(838, 774),
(838, 279),
(838, 372),
(838, 12),
(838, 569),
(839, 780),
(839, 836),
(839, 493),
(841, 54),
(841, 113),
(841, 734),
(841, 571),
(841, 377),
(841, 890),
(842, 613),
(842, 14),
(842, 807),
(842, 871),
(842, 70),
(842, 26),
(843, 239),
(843, 25),
(843, 349),
(843, 468),
(843, 858),
(843, 849),
(844, 222),
(844, 110),
(844, 483),
(844, 662),
(844, 612),
(844, 623),
(845, 713),
(845, 617),
(845, 896),
(845, 264),
(845, 867),
(845, 498),
(846, 367),
(846, 81),
(846, 455),
(846, 829),
(846, 137),
(847, 23),
(847, 517),
(847, 915),
(848, 609),
(848, 493),
(848, 165),
(849, 577),
(849, 493),
(849, 375),
(849, 6),
(850, 31),
(850, 170),
(850, 911),
(851, 820),
(851, 62),
(852, 138),
(852, 745),
(852, 741),
(852, 309),
(852, 941),
(852, 912),
(853, 631),
(853, 171),
(853, 908),
(853, 299),
(854, 662),
(854, 400),
(855, 84),
(855, 55),
(856, 216),
(856, 949),
(856, 86),
(856, 690),
(856, 647),
(856, 206),
(857, 535),
(857, 757),
(857, 239),
(857, 413),
(857, 77),
(857, 628),
(858, 205),
(858, 142),
(858, 119),
(858, 694),
(858, 311),
(858, 955),
(859, 783),
(859, 943),
(859, 960),
(859, 733),
(859, 668),
(859, 410),
(860, 216),
(861, 434),
(861, 155),
(861, 23),
(861, 142),
(861, 578),
(861, 653),
(862, 896),
(862, 676),
(862, 525),
(862, 468),
(862, 710),
(863, 399),
(863, 305),
(863, 662),
(863, 652),
(863, 838),
(863, 795),
(864, 763),
(864, 932),
(864, 175),
(864, 942),
(864, 165),
(865, 583),
(865, 755),
(865, 1),
(865, 526),
(865, 899),
(865, 647),
(866, 300),
(866, 125),
(866, 868),
(867, 39),
(867, 860),
(868, 412),
(868, 972),
(868, 130),
(868, 512),
(868, 938),
(868, 316),
(869, 512),
(870, 429),
(870, 587),
(870, 876),
(870, 56),
(870, 111),
(870, 787),
(871, 478),
(871, 954),
(871, 101),
(871, 598),
(871, 803),
(872, 177),
(872, 521),
(872, 169),
(872, 521),
(872, 266),
(872, 555),
(873, 162),
(873, 112),
(873, 480),
(873, 907),
(873, 38),
(873, 213),
(874, 956),
(874, 953),
(874, 833),
(874, 64),
(875, 535),
(875, 969),
(875, 956),
(875, 933),
(875, 197),
(875, 55),
(876, 372),
(876, 416),
(876, 562),
(876, 714),
(876, 340),
(876, 450),
(877, 531),
(877, 728),
(877, 990),
(877, 679),
(877, 561),
(877, 839),
(878, 364),
(879, 825),
(879, 445),
(879, 687),
(880, 950),
(880, 859),
(880, 156),
(880, 646),
(880, 621),
(881, 515),
(881, 54),
(881, 408),
(881, 703),
(882, 63),
(883, 662),
(883, 657),
(883, 442),
(883, 99),
(883, 719),
(883, 434),
(884, 984),
(884, 236),
(884, 399),
(884, 501),
(884, 806),
(884, 535),
(885, 84),
(886, 458),
(886, 519),
(886, 167),
(887, 264),
(887, 600),
(887, 730),
(888, 683),
(888, 774),
(888, 529),
(888, 737),
(888, 732),
(888, 343),
(889, 563),
(889, 809),
(889, 719),
(889, 761),
(889, 106),
(889, 847),
(890, 62),
(890, 281),
(890, 775),
(890, 393),
(891, 981),
(891, 371),
(892, 473),
(892, 589),
(892, 282),
(892, 575),
(892, 579),
(892, 261),
(893, 613),
(893, 873),
(893, 579),
(893, 649),
(893, 220),
(893, 320),
(894, 544),
(894, 608),
(894, 7),
(894, 246),
(894, 554),
(894, 232),
(895, 626),
(895, 164),
(895, 482),
(895, 442),
(895, 295),
(895, 240),
(897, 59),
(897, 918),
(897, 115),
(897, 564),
(897, 131),
(897, 440),
(898, 101),
(898, 49),
(898, 582),
(898, 67),
(898, 823),
(899, 757),
(899, 827),
(899, 123),
(899, 111),
(899, 726),
(899, 290),
(900, 548),
(900, 213),
(900, 228),
(900, 605),
(900, 327),
(900, 167),
(901, 358),
(901, 383),
(901, 979),
(901, 357),
(901, 103),
(901, 594),
(902, 569),
(902, 825),
(902, 144),
(902, 480),
(902, 374),
(903, 398),
(903, 77),
(904, 222),
(904, 952),
(904, 175),
(904, 853),
(904, 216),
(904, 801),
(905, 217),
(905, 282),
(906, 520),
(906, 779),
(906, 5),
(906, 74),
(906, 233),
(906, 197),
(907, 277),
(907, 129),
(907, 851),
(907, 777),
(907, 844),
(907, 18),
(908, 336),
(908, 574),
(908, 820),
(908, 348),
(908, 130),
(908, 651),
(909, 51),
(909, 561),
(909, 852),
(909, 300),
(910, 709),
(910, 561),
(910, 973),
(910, 162),
(910, 744),
(910, 353),
(911, 940),
(911, 283),
(911, 263),
(911, 299),
(911, 987),
(911, 459),
(912, 583),
(912, 183),
(912, 268),
(912, 111),
(912, 322),
(912, 53),
(913, 632),
(913, 262),
(913, 177),
(915, 493),
(915, 920),
(915, 722),
(915, 288),
(915, 485),
(916, 475),
(916, 207),
(916, 848),
(916, 136),
(918, 399),
(918, 418),
(918, 731),
(918, 396),
(918, 118),
(918, 675),
(919, 629),
(919, 198),
(919, 326),
(919, 470),
(919, 732),
(919, 188),
(922, 685),
(922, 304),
(922, 753),
(922, 364),
(922, 849),
(923, 129),
(923, 112),
(924, 405),
(924, 468),
(925, 56),
(925, 480),
(925, 947),
(925, 392),
(925, 227),
(925, 671),
(926, 918),
(926, 694),
(928, 31),
(928, 142),
(928, 611),
(928, 321),
(928, 0),
(928, 434),
(929, 913),
(929, 288),
(929, 96),
(929, 201),
(929, 699),
(929, 953),
(930, 402),
(930, 842),
(930, 924),
(930, 481),
(930, 20),
(930, 6),
(931, 774),
(931, 749),
(931, 143),
(931, 147),
(931, 809),
(932, 497),
(932, 864),
(932, 862),
(932, 900),
(932, 420),
(932, 147),
(933, 396),
(933, 771),
(933, 641),
(933, 369),
(934, 883),
(934, 686),
(934, 504),
(934, 690),
(934, 385),
(934, 877),
(935, 656),
(935, 101),
(935, 356),
(935, 490),
(935, 113),
(935, 899),
(936, 152),
(936, 392),
(936, 257),
(936, 764),
(936, 472),
(936, 575),
(937, 672),
(937, 281),
(937, 989),
(937, 541),
(937, 230),
(938, 459),
(938, 617),
(938, 171),
(938, 883),
(938, 456),
(938, 812),
(939, 805),
(939, 898),
(939, 394),
(939, 924),
(939, 20),
(939, 729),
(941, 935),
(941, 542),
(941, 792),
(941, 769),
(941, 934),
(941, 693),
(942, 283),
(942, 341),
(943, 411),
(943, 483),
(943, 725),
(943, 765),
(943, 869),
(943, 435),
(944, 432),
(944, 361),
(944, 883),
(944, 173),
(944, 274),
(944, 430),
(945, 140),
(945, 221),
(945, 934),
(945, 349),
(945, 343),
(945, 360),
(946, 670),
(946, 552),
(946, 32),
(946, 553),
(946, 584),
(946, 571),
(947, 865),
(947, 689),
(947, 797),
(947, 60),
(947, 817),
(947, 791),
(948, 273),
(948, 817),
(948, 484),
(948, 686),
(948, 458),
(948, 920),
(949, 102),
(949, 141),
(949, 14),
(949, 364),
(949, 709),
(949, 623),
(950, 45),
(950, 2),
(950, 770),
(950, 963),
(950, 503),
(950, 410),
(952, 557),
(952, 765),
(952, 437),
(952, 171),
(952, 767),
(952, 563),
(953, 179),
(953, 796),
(953, 684),
(953, 949),
(953, 459),
(953, 336),
(954, 227),
(954, 322),
(954, 60),
(954, 495),
(954, 165),
(954, 281),
(955, 388),
(956, 880),
(956, 670),
(956, 887),
(956, 383),
(956, 447),
(956, 397),
(957, 223),
(957, 74),
(957, 559),
(957, 992),
(957, 599),
(957, 852),
(958, 596),
(959, 164),
(959, 429),
(960, 802),
(960, 256),
(960, 170),
(960, 913),
(960, 111),
(960, 702),
(961, 563),
(962, 149),
(962, 782),
(962, 146),
(962, 207),
(962, 405),
(962, 809),
(963, 595),
(963, 349),
(963, 954),
(963, 694),
(963, 240),
(963, 795),
(964, 424),
(965, 728),
(965, 564),
(965, 199),
(965, 171),
(966, 8),
(966, 790),
(966, 911),
(966, 989),
(966, 133),
(966, 752),
(967, 722),
(967, 610),
(967, 856),
(967, 666),
(967, 379),
(967, 406),
(968, 801),
(968, 625),
(968, 33),
(968, 722),
(968, 639),
(968, 388),
(969, 24),
(969, 24),
(969, 826),
(969, 834),
(969, 864),
(969, 35),
(970, 650),
(970, 690),
(970, 217),
(970, 368),
(970, 334),
(971, 957),
(971, 965),
(971, 216),
(973, 443),
(973, 226),
(973, 616),
(973, 105),
(973, 573),
(973, 37),
(974, 457),
(974, 765),
(974, 148),
(974, 736),
(974, 33),
(974, 193),
(976, 107),
(976, 431),
(976, 537),
(976, 591),
(976, 928),
(976, 391),
(977, 160),
(977, 873),
(977, 777),
(977, 914),
(977, 584),
(977, 691),
(978, 331),
(978, 599),
(978, 420),
(979, 373),
(979, 335),
(979, 443),
(979, 108),
(980, 555),
(981, 881),
(981, 823),
(981, 257),
(981, 98),
(981, 785),
(981, 208),
(982, 46),
(982, 67),
(982, 596),
(982, 369),
(982, 925),
(982, 797),
(983, 804),
(983, 563),
(983, 537),
(984, 703),
(984, 630),
(984, 125),
(984, 631),
(984, 192),
(984, 776),
(985, 368),
(985, 787),
(985, 239),
(985, 806),
(986, 29),
(986, 583),
(986, 665),
(986, 903),
(986, 428),
(986, 623),
(987, 157),
(987, 415),
(987, 310),
(987, 410),
(987, 348),
(987, 423),
(988, 964),
(988, 887),
(988, 867),
(988, 294),
(988, 907),
(988, 180),
(989, 759),
(989, 288),
(989, 750),
(989, 962),
(989, 8),
(989, 114),
(990, 604),
(990, 661),
(990, 536),
(990, 51),
(990, 517),
(990, 308),
(992, 725),
(992, 674),
(992, 19),
(992, 581),
(992, 0),
(992, 319),
(993, 714),
(993, 553),
(993, 954),
(993, 410),
(993, 994),
(993, 78),
(994, 302),
(994, 478),
(994, 375),
(994, 507),
(994, 873),
(994, 458),
(995, 618),
(995, 926),
(996, 854),
(996, 900),
(996, 103),
(996, 508),
(996, 871),
(996, 113),
(997, 676),
(997, 376),
(997, 707),
(997, 933),
(997, 872),
(997, 377),
(998, 31),
(998, 539),
(999, 56),
(999, 549),
(999, 28),
(999, 338),
(999, 183),
(999, 769);



INSERT INTO groups (id, "name") VALUES
(0, 'k9UQ`5F]Uz'),
(1, 'aDS\OAym?^'),
(2, 'UUZsF=N\qR'),
(3, 'QpQ:`sWcil'),
(4, '0kY0[6Hdej'),
(5, 'FrhKX_ER\3'),
(6, 'X15LLmk6Z='),
(7, 'wl`rcpai8?'),
(8, 'TM]xU[>RI_'),
(9, '24R5zNiBQH'),
(10, '7vN1XWTdTI'),
(11, 'MYi@9PTFzn'),
(12, '<=G;zi?U^`'),
(13, '^E=;4\JhWI'),
(14, 'UbpCA^Db^a'),
(15, 'P1tZt=TVD0'),
(16, 'S2qgh<xFoj'),
(17, '`uM\`StE7c'),
(18, 'm8yCM1]JdU'),
(19, '1SUKdR;GIl'),
(20, 'uq>3bhPCdM'),
(21, 'N@fihj>3oU'),
(22, '?L9x8?3l=N'),
(23, '4WVrVgA@`6'),
(24, 'ZztJP5\9w\'),
(25, 'lY<4dq93gs'),
(26, 'dV>DY<Q898'),
(27, 'w@rHPqiKSj'),
(28, 'e6P3V\mZYe'),
(29, 'z[8Q:^dTn_'),
(30, 'r?H@ez?SMw'),
(31, ';TYp@Dt6a`'),
(32, 'XsCG7Ef[ta'),
(33, '3b\a_V3NwR'),
(34, '5eS7NbP^XI'),
(35, 'iFygZOUR]p'),
(36, 'e9XG7wpB4g'),
(37, 'l?foshd2k`'),
(38, 'a7UnMe3\yk'),
(39, 'bTzbud^vf0'),
(40, 'MEb6De=kNm'),
(41, 'tZ[h<j4NU1'),
(42, 'npr_5UeHqM'),
(43, 'cmYdOHD\z2'),
(44, 'L]rcw0CHJ?'),
(45, '[=?0N5PIsO'),
(46, 'hAKkxGBw>C'),
(47, 'xM]e\gmG;O'),
(48, 'RqtNbNI9gS'),
(49, 'Jq::W\CVfJ'),
(50, 'k2sSeanTei'),
(51, 'aCQ8yV5xS0'),
(52, '5;xnSirkGb'),
(53, 'sKFKaI[]3k'),
(54, '<q3;yOCHH7'),
(55, 'TmDpnr2L@i'),
(56, '<um=y[meL='),
(57, 'LGvIp]@0:D'),
(58, 'qrMT5<Q[f<'),
(59, ':9I:1@aaUc');



INSERT INTO group_members ("user", "group") VALUES
(947, 0),
(792, 0),
(405, 0),
(646, 0),
(552, 0),
(132, 1),
(741, 1),
(846, 1),
(882, 1),
(314, 1),
(168, 2),
(753, 2),
(861, 2),
(113, 2),
(420, 2),
(242, 3),
(383, 3),
(225, 3),
(154, 3),
(746, 3),
(312, 4),
(822, 4),
(735, 4),
(850, 4),
(725, 4),
(679, 5),
(343, 5),
(438, 5),
(836, 5),
(568, 5),
(656, 6),
(588, 6),
(902, 6),
(766, 6),
(263, 6),
(178, 7),
(788, 7),
(591, 7),
(720, 7),
(209, 7),
(339, 8),
(115, 8),
(441, 8),
(946, 8),
(394, 8),
(234, 9),
(735, 9),
(758, 9),
(992, 9),
(311, 9),
(451, 10),
(983, 10),
(712, 10),
(255, 10),
(930, 10),
(198, 11),
(207, 11),
(895, 11),
(882, 11),
(674, 11),
(762, 12),
(289, 12),
(87, 12),
(410, 12),
(784, 12),
(620, 13),
(390, 13),
(449, 13),
(607, 13),
(245, 13),
(710, 14),
(957, 14),
(556, 14),
(882, 14),
(418, 14),
(253, 15),
(908, 15),
(724, 15),
(542, 15),
(3, 15),
(431, 16),
(435, 16),
(75, 16),
(43, 16),
(92, 16),
(919, 17),
(759, 17),
(550, 17),
(589, 17),
(502, 17),
(990, 18),
(303, 18),
(975, 18),
(159, 18),
(208, 18),
(711, 19),
(8, 19),
(895, 19),
(812, 19),
(403, 19),
(58, 20),
(132, 20),
(359, 20),
(422, 20),
(199, 20),
(335, 21),
(996, 21),
(768, 21),
(646, 21),
(887, 21),
(644, 22),
(252, 22),
(317, 22),
(355, 22),
(238, 22),
(337, 23),
(278, 23),
(641, 23),
(27, 23),
(815, 23),
(760, 24),
(599, 24),
(108, 24),
(321, 24),
(649, 24),
(905, 25),
(526, 25),
(759, 25),
(841, 25),
(643, 25),
(794, 26),
(400, 26),
(895, 26),
(851, 26),
(738, 26),
(989, 27),
(199, 27),
(189, 27),
(636, 27),
(930, 27),
(587, 28),
(390, 28),
(736, 28),
(175, 28),
(585, 28),
(38, 29),
(756, 29),
(228, 29),
(438, 29),
(140, 29),
(713, 30),
(478, 30),
(46, 30),
(328, 30),
(941, 30),
(18, 31),
(977, 31),
(330, 31),
(513, 31),
(154, 31),
(451, 32),
(124, 32),
(723, 32),
(992, 32),
(239, 32),
(426, 33),
(291, 33),
(303, 33),
(39, 33),
(402, 33),
(243, 34),
(981, 34),
(536, 34),
(935, 34),
(645, 34),
(126, 35),
(736, 35),
(216, 35),
(641, 35),
(969, 35),
(574, 36),
(162, 36),
(315, 36),
(338, 36),
(193, 36),
(354, 37),
(84, 37),
(335, 37),
(764, 37),
(460, 37),
(319, 38),
(688, 38),
(434, 38),
(342, 38),
(541, 38),
(71, 39),
(266, 39),
(811, 39),
(654, 39),
(615, 39),
(756, 40),
(108, 40),
(754, 40),
(733, 40),
(500, 40),
(459, 41),
(749, 41),
(601, 41),
(371, 41),
(314, 41),
(244, 42),
(101, 42),
(911, 42),
(294, 42),
(88, 42),
(989, 43),
(18, 43),
(595, 43),
(618, 43),
(669, 43),
(213, 44),
(809, 44),
(480, 44),
(636, 44),
(509, 44),
(905, 45),
(524, 45),
(410, 45),
(429, 45),
(970, 45),
(344, 46),
(272, 46),
(449, 46),
(439, 46),
(843, 46),
(788, 47),
(840, 47),
(237, 47),
(421, 47),
(85, 47),
(892, 48),
(82, 48),
(338, 48),
(159, 48),
(941, 48),
(426, 49),
(708, 49),
(974, 49),
(424, 49),
(589, 49),
(919, 50),
(633, 50),
(681, 50),
(849, 50),
(151, 50),
(522, 51),
(478, 51),
(77, 51),
(771, 51),
(643, 51),
(17, 52),
(765, 52),
(832, 52),
(42, 52),
(651, 52),
(70, 53),
(474, 53),
(665, 53),
(30, 53),
(1, 53),
(549, 54),
(201, 54),
(256, 54),
(128, 54),
(818, 54),
(105, 55),
(661, 55),
(72, 55),
(595, 55),
(968, 55),
(205, 56),
(616, 56),
(611, 56),
(810, 56),
(114, 56),
(544, 57),
(968, 57),
(939, 57),
(914, 57),
(818, 57),
(591, 58),
(601, 58),
(230, 58),
(502, 58),
(684, 59),
(339, 59),
(517, 59),
(247, 59),
(916, 59);



