INSERT INTO users (id, "name", age, buddy) VALUES
(0, 'Shai', 21, 392),
(1, 'John', 47, null),
(2, 'William', 34, 28),
(3, 'James', 49, null),
(4, 'Charles', 29, null),
(5, 'George', 39, 147),
(6, 'Frank', 42, null),
(7, 'Joseph', 37, null),
(8, 'Thomas', 35, null),
(9, 'Henry', 45, null),
(10, 'Robert', 35, null),
(11, 'Edward', 46, null),
(12, 'Harry', 37, null),
(13, 'Walter', 32, null),
(14, 'Arthur', 18, null),
(15, 'Fred', 35, null),
(16, 'Albert', 27, null),
(17, 'Samuel', 42, null),
(18, 'David', 20, null),
(19, 'Louis', 45, 20),
(20, 'Joe', 48, null),
(21, 'Charlie', 43, null),
(22, 'Clarence', 44, null),
(23, 'Richard', 46, 179),
(24, 'Andrew', 27, 153),
(25, 'Daniel', 22, null),
(26, 'Ernest', 37, 91),
(27, 'Will', 49, null),
(28, 'Jesse', 29, 474),
(29, 'Oscar', 35, null),
(30, 'Lewis', 46, null),
(31, 'Peter', 45, null),
(32, 'Benjamin', 25, 369),
(33, 'Frederick', 38, null),
(34, 'Willie', 35, null),
(35, 'Alfred', 41, null),
(36, 'Sam', 38, null),
(37, 'Roy', 36, null),
(38, 'Herbert', 38, 428),
(39, 'Jacob', 38, null),
(40, 'Tom', 36, null),
(41, 'Elmer', 41, null),
(42, 'Carl', 49, null),
(43, 'Lee', 25, null),
(44, 'Howard', 29, null),
(45, 'Martin', 32, 136),
(46, 'Michael', 32, null),
(47, 'Bert', 42, null),
(48, 'Herman', 35, 326),
(49, 'Jim', 42, null),
(50, 'Francis', 34, null),
(51, 'Harvey', 22, null),
(52, 'Earl', 33, null),
(53, 'Eugene', 49, null),
(54, 'Ralph', 32, null),
(55, 'Ed', 23, null),
(56, 'Claude', 48, null),
(57, 'Edwin', 18, null),
(58, 'Ben', 30, null),
(59, 'Charley', 26, null),
(60, 'Paul', 23, null),
(61, 'Edgar', 26, 42),
(62, 'Isaac', 25, null),
(63, 'Otto', 39, null),
(64, 'Luther', 21, null),
(65, 'Lawrence', 25, null),
(66, 'Ira', 30, null),
(67, 'Patrick', 32, null),
(68, 'Guy', 18, null),
(69, 'Oliver', 36, null),
(70, 'Theodore', 20, null),
(71, 'Hugh', 25, null),
(72, 'Clyde', 45, 272),
(73, 'Alexander', 32, null),
(74, 'August', 42, 373),
(75, 'Floyd', 19, null),
(76, 'Homer', 26, 89),
(77, 'Jack', 34, 91),
(78, 'Leonard', 45, null),
(79, 'Horace', 22, null),
(80, 'Marion', 40, null),
(81, 'Philip', 22, 416),
(82, 'Allen', 33, null),
(83, 'Archie', 23, null),
(84, 'Stephen', 49, null),
(85, 'Chester', 44, null),
(86, 'Willis', 27, null),
(87, 'Raymond', 25, null),
(88, 'Rufus', 29, 329),
(89, 'Warren', 18, null),
(90, 'Jessie', 21, null),
(91, 'Milton', 46, 201),
(92, 'Alex', 22, 12),
(93, 'Leo', 46, null),
(94, 'Julius', 18, null),
(95, 'Ray', 45, null),
(96, 'Sidney', 29, null),
(97, 'Bernard', 33, null),
(98, 'Dan', 27, null),
(99, 'Jerry', 36, null),
(100, 'Calvin', 38, null),
(101, 'Perry', 36, null),
(102, 'Dave', 21, 463),
(103, 'Anthony', 27, null),
(104, 'Eddie', 33, null),
(105, 'Amos', 28, null),
(106, 'Dennis', 38, null),
(107, 'Clifford', 29, null),
(108, 'Leroy', 40, null),
(109, 'Wesley', 20, null),
(110, 'Alonzo', 47, 92),
(111, 'Garfield', 43, null),
(112, 'Franklin', 43, null),
(113, 'Emil', 24, null),
(114, 'Leon', 49, 95),
(115, 'Nathan', 30, null),
(116, 'Harold', 33, null),
(117, 'Matthew', 49, null),
(118, 'Levi', 23, 287),
(119, 'Moses', 31, null),
(120, 'Everett', 26, null),
(121, 'Lester', 46, 227),
(122, 'Winfield', 33, 202),
(123, 'Adam', 39, null),
(124, 'Lloyd', 32, null),
(125, 'Mack', 25, null),
(126, 'Fredrick', 31, null),
(127, 'Jay', 37, null),
(128, 'Jess', 26, null),
(129, 'Melvin', 24, null),
(130, 'Noah', 33, null),
(131, 'Aaron', 39, null),
(132, 'Alvin', 26, null),
(133, 'Norman', 45, null),
(134, 'Gilbert', 37, null),
(135, 'Elijah', 49, null),
(136, 'Victor', 49, 3),
(137, 'Gus', 47, null),
(138, 'Nelson', 42, null),
(139, 'Jasper', 47, null),
(140, 'Silas', 21, 147),
(141, 'Christopher', 40, null),
(142, 'Jake', 37, null),
(143, 'Mike', 34, null),
(144, 'Percy', 39, null),
(145, 'Adolph', 27, 160),
(146, 'Maurice', 45, null),
(147, 'Cornelius', 33, null),
(148, 'Felix', 34, null),
(149, 'Reuben', 38, null),
(150, 'Wallace', 20, null),
(151, 'Claud', 37, null),
(152, 'Roscoe', 36, null),
(153, 'Sylvester', 21, 33),
(154, 'Earnest', 28, null),
(155, 'Hiram', 19, 382),
(156, 'Otis', 36, null),
(157, 'Simon', 41, null),
(158, 'Willard', 23, null),
(159, 'Irvin', 24, null),
(160, 'Mark', 37, 36),
(161, 'Jose', 46, null),
(162, 'Wilbur', 39, null),
(163, 'Abraham', 34, null),
(164, 'Virgil', 25, null),
(165, 'Clinton', 37, 66),
(166, 'Elbert', 44, null),
(167, 'Leslie', 42, 394),
(168, 'Marshall', 26, null),
(169, 'Owen', 21, null),
(170, 'Wiley', 32, null),
(171, 'Anton', 31, null),
(172, 'Morris', 20, 350),
(173, 'Manuel', 41, null),
(174, 'Phillip', 27, 311),
(175, 'Augustus', 18, null),
(176, 'Emmett', 49, null),
(177, 'Eli', 37, null),
(178, 'Nicholas', 40, 207),
(179, 'Wilson', 28, null),
(180, 'Alva', 29, null),
(181, 'Harley', 32, null),
(182, 'Newton', 20, 376),
(183, 'Timothy', 32, null),
(184, 'Marvin', 42, null),
(185, 'Ross', 45, null),
(186, 'Curtis', 34, null),
(187, 'Edmund', 31, 273),
(188, 'Jeff', 36, null),
(189, 'Elias', 35, null),
(190, 'Harrison', 33, null),
(191, 'Stanley', 40, null),
(192, 'Columbus', 25, null),
(193, 'Lon', 40, null),
(194, 'Ora', 41, null),
(195, 'Ollie', 24, null),
(196, 'Russell', 19, 104),
(197, 'Pearl', 18, 73),
(198, 'Solomon', 45, null),
(199, 'Arch', 33, 386),
(200, 'Asa', 21, null),
(201, 'Clayton', 42, null),
(202, 'Enoch', 25, 153),
(203, 'Irving', 34, null),
(204, 'Mathew', 21, null),
(205, 'Nathaniel', 47, null),
(206, 'Scott', 41, null),
(207, 'Hubert', 48, null),
(208, 'Lemuel', 44, null),
(209, 'Andy', 49, 172),
(210, 'Ellis', 20, 338),
(211, 'Emanuel', 43, null),
(212, 'Joshua', 24, null),
(213, 'Millard', 32, 253),
(214, 'Vernon', 29, 54),
(215, 'Wade', 43, null),
(216, 'Cyrus', 23, null),
(217, 'Miles', 30, 462),
(218, 'Rudolph', 21, null),
(219, 'Sherman', 32, 377),
(220, 'Austin', 42, null),
(221, 'Bill', 19, null),
(222, 'Chas', 26, null),
(223, 'Lonnie', 34, null),
(224, 'Monroe', 34, null),
(225, 'Byron', 30, null),
(226, 'Edd', 31, null),
(227, 'Emery', 40, 390),
(228, 'Grant', 27, null),
(229, 'Jerome', 43, null),
(230, 'Max', 28, null),
(231, 'Mose', 34, null),
(232, 'Steve', 22, null),
(233, 'Gordon', 29, null),
(234, 'Abe', 23, 46),
(235, 'Pete', 47, null),
(236, 'Chris', 48, null),
(237, 'Clark', 31, null),
(238, 'Gustave', 43, null),
(239, 'Orville', 31, null),
(240, 'Lorenzo', 46, null),
(241, 'Bruce', 42, null),
(242, 'Marcus', 22, null),
(243, 'Preston', 44, null),
(244, 'Bob', 45, null),
(245, 'Dock', 35, 61),
(246, 'Donald', 47, null),
(247, 'Jackson', 32, null),
(248, 'Cecil', 22, 102),
(249, 'Barney', 27, null),
(250, 'Delbert', 19, null),
(251, 'Edmond', 34, null),
(252, 'Anderson', 37, null),
(253, 'Christian', 25, null),
(254, 'Glenn', 27, null),
(255, 'Jefferson', 45, null),
(256, 'Luke', 47, null),
(257, 'Neal', 44, null),
(258, 'Burt', 47, null),
(259, 'Ike', 32, null),
(260, 'Myron', 22, null),
(261, 'Tony', 22, null),
(262, 'Conrad', 24, null),
(263, 'Joel', 45, null),
(264, 'Matt', 22, 297),
(265, 'Riley', 32, null),
(266, 'Vincent', 21, 465),
(267, 'Emory', 20, 438),
(268, 'Isaiah', 39, null),
(269, 'Nick', 40, null),
(270, 'Ezra', 47, null),
(271, 'Green', 26, null),
(272, 'Juan', 30, 192),
(273, 'Clifton', 30, null),
(274, 'Lucius', 27, 329),
(275, 'Porter', 22, null),
(276, 'Arnold', 29, null),
(277, 'Bud', 23, null),
(278, 'Jeremiah', 28, null),
(279, 'Taylor', 20, 360),
(280, 'Forrest', 41, null),
(281, 'Roland', 49, null),
(282, 'Spencer', 20, null),
(283, 'Burton', 30, 89),
(284, 'Don', 21, null),
(285, 'Emmet', 27, 63),
(286, 'Gustav', 33, 250),
(287, 'Louie', 26, null),
(288, 'Morgan', 48, null),
(289, 'Ned', 26, null),
(290, 'Van', 18, 116),
(291, 'Ambrose', 32, null),
(292, 'Chauncey', 23, null),
(293, 'Elisha', 33, null),
(294, 'Ferdinand', 41, null),
(295, 'General', 35, null),
(296, 'Julian', 33, null),
(297, 'Kenneth', 48, 151),
(298, 'Mitchell', 31, null),
(299, 'Allie', 22, 444),
(300, 'Josh', 20, null),
(301, 'Judson', 45, null),
(302, 'Lyman', 27, null),
(303, 'Napoleon', 20, null),
(304, 'Pedro', 43, null),
(305, 'Berry', 23, null),
(306, 'Dewitt', 36, null),
(307, 'Ervin', 20, null),
(308, 'Forest', 48, null),
(309, 'Lynn', 22, 348),
(310, 'Pink', 24, null),
(311, 'Ruben', 38, null),
(312, 'Sanford', 34, null),
(313, 'Ward', 20, null),
(314, 'Douglas', 31, null),
(315, 'Ole', 44, null),
(316, 'Omer', 31, 216),
(317, 'Ulysses', 46, null),
(318, 'Walker', 42, null),
(319, 'Wilbert', 45, null),
(320, 'Adelbert', 44, null),
(321, 'Benjiman', 26, 113),
(322, 'Ivan', 39, null),
(323, 'Jonas', 23, 25),
(324, 'Major', 47, null),
(325, 'Abner', 34, null),
(326, 'Archibald', 33, 210),
(327, 'Caleb', 41, null),
(328, 'Clint', 29, null),
(329, 'Dudley', 22, null),
(330, 'Granville', 40, null),
(331, 'King', 24, null),
(332, 'Mary', 18, 283),
(333, 'Merton', 43, null),
(334, 'Antonio', 49, null),
(335, 'Bennie', 40, null),
(336, 'Carroll', 43, null),
(337, 'Freeman', 47, null),
(338, 'Josiah', 48, null),
(339, 'Milo', 41, null),
(340, 'Royal', 30, null),
(341, 'Dick', 42, 410),
(342, 'Earle', 42, null),
(343, 'Elza', 47, null),
(344, 'Emerson', 41, null),
(345, 'Fletcher', 19, null),
(346, 'Judge', 38, null),
(347, 'Laurence', 28, 37),
(348, 'Neil', 48, 382),
(349, 'Roger', 26, 478),
(350, 'Seth', 37, null),
(351, 'Glen', 38, null),
(352, 'Hugo', 24, null),
(353, 'Jimmie', 32, null),
(354, 'Johnnie', 22, 432),
(355, 'Washington', 26, null),
(356, 'Elwood', 37, null),
(357, 'Gust', 43, 237),
(358, 'Harmon', 33, null),
(359, 'Jordan', 23, null),
(360, 'Simeon', 21, null),
(361, 'Wayne', 39, null),
(362, 'Wilber', 46, 106),
(363, 'Clem', 47, null),
(364, 'Evan', 47, 84),
(365, 'Frederic', 41, null),
(366, 'Irwin', 33, null),
(367, 'Junius', 40, null),
(368, 'Lafayette', 31, null),
(369, 'Loren', 32, null),
(370, 'Madison', 27, null),
(371, 'Mason', 30, null),
(372, 'Orval', 24, null),
(373, 'Abram', 36, null),
(374, 'Aubrey', 48, null),
(375, 'Elliott', 37, 263),
(376, 'Hans', 42, null),
(377, 'Karl', 48, null),
(378, 'Minor', 20, null),
(379, 'Wash', 27, null),
(380, 'Wilfred', 37, 115),
(381, 'Allan', 30, null),
(382, 'Alphonse', 47, null),
(383, 'Dallas', 42, null),
(384, 'Dee', 31, null),
(385, 'Isiah', 44, 247),
(386, 'Jason', 48, null),
(387, 'Johnny', 18, null),
(388, 'Lawson', 36, 17),
(389, 'Lew', 48, null),
(390, 'Micheal', 39, null),
(391, 'Orin', 35, null),
(392, 'Addison', 40, null),
(393, 'Cal', 28, null),
(394, 'Erastus', 26, null),
(395, 'Francisco', 42, null),
(396, 'Hardy', 29, null),
(397, 'Lucien', 45, null),
(398, 'Randolph', 31, 476),
(399, 'Stewart', 22, null),
(400, 'Vern', 32, null),
(401, 'Wilmer', 23, null),
(402, 'Zack', 29, 67),
(403, 'Adrian', 42, null),
(404, 'Alvah', 31, 38),
(405, 'Bertram', 38, null),
(406, 'Clay', 45, null),
(407, 'Ephraim', 27, 346),
(408, 'Fritz', 48, null),
(409, 'Giles', 49, null),
(410, 'Grover', 38, null),
(411, 'Harris', 42, null),
(412, 'Isom', 35, null),
(413, 'Jesus', 49, null),
(414, 'Johnie', 30, null),
(415, 'Jonathan', 35, null),
(416, 'Lucian', 29, null),
(417, 'Malcolm', 46, 452),
(418, 'Merritt', 18, 98),
(419, 'Otho', 28, null),
(420, 'Perley', 49, null),
(421, 'Rolla', 26, null),
(422, 'Sandy', 24, 50),
(423, 'Tomas', 46, null),
(424, 'Wilford', 21, null),
(425, 'Adolphus', 36, null),
(426, 'Angus', 49, null),
(427, 'Arther', 23, null),
(428, 'Carlos', 46, null),
(429, 'Cary', 19, null),
(430, 'Cassius', 33, null),
(431, 'Davis', 32, null),
(432, 'Hamilton', 42, null),
(433, 'Harve', 42, null),
(434, 'Israel', 28, 4),
(435, 'Leander', 31, null),
(436, 'Melville', 34, null),
(437, 'Merle', 46, null),
(438, 'Murray', 37, null),
(439, 'Pleasant', 24, null),
(440, 'Sterling', 31, null),
(441, 'Steven', 33, null),
(442, 'Axel', 24, null),
(443, 'Boyd', 41, null),
(444, 'Bryant', 27, null),
(445, 'Clement', 31, null),
(446, 'Erwin', 37, 183),
(447, 'Ezekiel', 38, null),
(448, 'Foster', 32, 201),
(449, 'Frances', 33, null),
(450, 'Geo', 42, null),
(451, 'Houston', 43, null),
(452, 'Issac', 27, 159),
(453, 'Jules', 49, null),
(454, 'Larkin', 20, 32),
(455, 'Mat', 21, null),
(456, 'Morton', 47, 205),
(457, 'Orlando', 18, null),
(458, 'Pierce', 34, null),
(459, 'Prince', 33, null),
(460, 'Rollie', 38, null),
(461, 'Rollin', 39, null),
(462, 'Sim', 44, null),
(463, 'Stuart', 36, null),
(464, 'Wilburn', 18, 478),
(465, 'Bennett', 26, null),
(466, 'Casper', 31, null),
(467, 'Christ', 49, null),
(468, 'Dell', 25, null),
(469, 'Egbert', 23, null),
(470, 'Elmo', 31, null),
(471, 'Fay', 45, null),
(472, 'Gabriel', 38, 328),
(473, 'Hector', 41, null),
(474, 'Horatio', 21, null),
(475, 'Lige', 30, 98),
(476, 'Saul', 22, 18),
(477, 'Smith', 28, null),
(478, 'Squire', 25, null),
(479, 'Tobe', 47, null),
(480, 'Tommie', 24, 18),
(481, 'Wyatt', 22, null),
(482, 'Alford', 29, null),
(483, 'Alma', 19, 155),
(484, 'Alton', 41, null),
(485, 'Andres', 46, null),
(486, 'Burl', 46, null),
(487, 'Cicero', 35, 125),
(488, 'Dean', 38, null),
(489, 'Dorsey', 40, null),
(490, 'Enos', 36, null),
(491, 'Howell', 49, null),
(492, 'Lou', 27, 405),
(493, 'Loyd', 43, null),
(494, 'Mahlon', 30, null),
(495, 'Nat', 22, null),
(496, 'Omar', 31, null),
(497, 'Oran', 46, null),
(498, 'Parker', 22, null),
(499, 'Raleigh', 36, null);



INSERT INTO hobbies (id, "name") VALUES
(0, 'Tennis'),
(1, 'Chess'),
(2, 'Painting'),
(3, 'Soccer'),
(4, 'Reading'),
(5, 'Cycling');



INSERT INTO user_hobbies ("user", hobby) VALUES
(2, 1),
(3, 0),
(4, 1),
(4, 0),
(5, 0),
(6, 2),
(6, 3),
(6, 5),
(9, 1),
(10, 2),
(16, 4),
(17, 2),
(17, 3),
(18, 5),
(18, 5),
(20, 0),
(22, 2),
(23, 3),
(26, 3),
(26, 2),
(26, 2),
(27, 2),
(27, 0),
(27, 2),
(27, 5),
(28, 0),
(28, 4),
(29, 3),
(30, 2),
(30, 3),
(30, 2),
(35, 5),
(36, 4),
(36, 2),
(36, 3),
(36, 5),
(37, 3),
(40, 3),
(42, 4),
(44, 5),
(45, 1),
(45, 4),
(45, 4),
(45, 2),
(45, 5),
(47, 4),
(48, 5),
(49, 4),
(49, 2),
(50, 1),
(50, 0),
(57, 0),
(59, 0),
(61, 4),
(68, 2),
(71, 4),
(72, 1),
(75, 1),
(75, 5),
(77, 5),
(79, 2),
(79, 5),
(79, 5),
(79, 3),
(79, 2),
(81, 2),
(82, 2),
(83, 1),
(83, 3),
(85, 3),
(89, 0),
(93, 1),
(95, 1),
(97, 5),
(97, 2),
(97, 3),
(98, 4),
(99, 4),
(99, 2),
(99, 2),
(99, 5),
(100, 4),
(100, 5),
(101, 4),
(102, 1),
(104, 0),
(104, 1),
(105, 2),
(106, 1),
(107, 1),
(108, 0),
(109, 4),
(109, 0),
(110, 2),
(113, 3),
(115, 4),
(117, 0),
(117, 4),
(120, 0),
(123, 2),
(124, 3),
(125, 3),
(128, 1),
(128, 4),
(129, 0),
(129, 1),
(130, 3),
(130, 3),
(130, 5),
(130, 4),
(130, 1),
(132, 0),
(132, 3),
(135, 4),
(137, 2),
(138, 0),
(138, 3),
(139, 0),
(139, 2),
(139, 1),
(143, 4),
(143, 4),
(143, 5),
(144, 0),
(145, 0),
(147, 0),
(149, 1),
(150, 4),
(150, 3),
(150, 0),
(150, 4),
(151, 2),
(151, 0),
(152, 0),
(154, 1),
(154, 0),
(154, 4),
(156, 2),
(156, 5),
(156, 2),
(157, 4),
(157, 5),
(159, 4),
(159, 2),
(159, 2),
(161, 3),
(162, 3),
(163, 2),
(164, 2),
(164, 3),
(164, 0),
(164, 1),
(164, 0),
(167, 4),
(167, 1),
(167, 1),
(168, 1),
(170, 3),
(172, 3),
(173, 0),
(173, 2),
(173, 0),
(174, 0),
(175, 1),
(176, 1),
(177, 0),
(177, 5),
(177, 5),
(177, 0),
(178, 2),
(181, 0),
(182, 4),
(182, 4),
(182, 1),
(185, 5),
(185, 1),
(188, 5),
(191, 4),
(191, 0),
(191, 5),
(191, 1),
(191, 3),
(192, 5),
(192, 3),
(194, 5),
(194, 2),
(197, 2),
(200, 2),
(200, 3),
(204, 3),
(206, 3),
(207, 4),
(217, 1),
(224, 1),
(225, 5),
(225, 3),
(225, 1),
(227, 4),
(229, 5),
(230, 3),
(230, 1),
(235, 2),
(235, 1),
(235, 0),
(236, 5),
(236, 0),
(236, 3),
(236, 4),
(236, 3),
(237, 4),
(238, 5),
(239, 2),
(239, 1),
(240, 0),
(242, 4),
(245, 3),
(246, 5),
(248, 4),
(248, 3),
(248, 0),
(248, 2),
(253, 1),
(257, 5),
(260, 0),
(260, 5),
(260, 2),
(262, 2),
(262, 1),
(262, 3),
(263, 1),
(263, 3),
(263, 0),
(263, 5),
(263, 3),
(265, 5),
(265, 4),
(265, 4),
(265, 3),
(266, 1),
(267, 3),
(267, 3),
(268, 3),
(271, 4),
(272, 5),
(273, 0),
(273, 5),
(273, 4),
(274, 0),
(274, 2),
(274, 2),
(275, 2),
(275, 5),
(275, 2),
(288, 1),
(289, 5),
(294, 0),
(296, 0),
(296, 0),
(296, 4),
(298, 4),
(298, 1),
(298, 2),
(298, 3),
(299, 1),
(299, 3),
(299, 3),
(299, 0),
(299, 5),
(300, 4),
(300, 0),
(300, 3),
(300, 1),
(303, 2),
(303, 3),
(303, 5),
(304, 2),
(304, 4),
(304, 1),
(304, 1),
(306, 3),
(306, 5),
(306, 2),
(308, 5),
(308, 0),
(308, 5),
(309, 3),
(310, 2),
(314, 2),
(314, 5),
(314, 2),
(314, 2),
(314, 0),
(316, 3),
(316, 3),
(316, 4),
(318, 2),
(319, 0),
(319, 1),
(319, 4),
(319, 5),
(320, 3),
(320, 1),
(321, 2),
(321, 4),
(321, 1),
(322, 3),
(323, 2),
(325, 2),
(325, 2),
(325, 4),
(325, 0),
(325, 0),
(326, 5),
(326, 0),
(327, 4),
(328, 0),
(330, 0),
(332, 4),
(334, 4),
(334, 2),
(335, 4),
(338, 0),
(338, 4),
(339, 4),
(339, 5),
(339, 1),
(339, 0),
(339, 2),
(340, 1),
(340, 2),
(340, 2),
(341, 3),
(341, 3),
(346, 0),
(346, 4),
(349, 1),
(354, 1),
(354, 3),
(356, 0),
(356, 2),
(359, 3),
(359, 1),
(367, 3),
(368, 5),
(368, 4),
(368, 5),
(368, 4),
(368, 4),
(369, 2),
(370, 4),
(370, 0),
(370, 0),
(376, 3),
(376, 1),
(376, 3),
(379, 2),
(379, 3),
(379, 3),
(383, 0),
(384, 2),
(386, 4),
(387, 4),
(387, 5),
(387, 0),
(390, 2),
(390, 2),
(390, 5),
(390, 5),
(390, 0),
(391, 1),
(395, 0),
(395, 3),
(396, 5),
(396, 5),
(396, 0),
(396, 0),
(398, 5),
(398, 0),
(399, 2),
(401, 1),
(401, 3),
(401, 4),
(402, 1),
(403, 1),
(403, 4),
(405, 0),
(405, 4),
(407, 1),
(409, 5),
(409, 4),
(413, 4),
(414, 3),
(416, 1),
(416, 0),
(418, 0),
(420, 5),
(421, 0),
(422, 5),
(423, 2),
(423, 1),
(423, 3),
(425, 4),
(428, 3),
(428, 4),
(430, 2),
(430, 5),
(430, 5),
(435, 4),
(435, 1),
(435, 3),
(435, 3),
(436, 4),
(436, 2),
(436, 3),
(436, 4),
(440, 4),
(440, 2),
(441, 1),
(444, 4),
(444, 4),
(444, 2),
(447, 1),
(447, 4),
(448, 1),
(449, 1),
(449, 0),
(449, 0),
(451, 4),
(453, 2),
(453, 0),
(453, 1),
(454, 2),
(462, 0),
(462, 4),
(466, 0),
(467, 3),
(469, 2),
(469, 5),
(476, 2),
(477, 2),
(478, 3),
(478, 0),
(478, 2),
(479, 1),
(480, 1),
(480, 5),
(481, 3),
(483, 2),
(484, 1),
(484, 2),
(484, 4),
(485, 4),
(486, 3),
(490, 2),
(493, 2),
(494, 4),
(494, 3),
(495, 5),
(496, 2),
(497, 1);



INSERT INTO friends ("user", friend) VALUES
(0, 238),
(0, 273),
(0, 395),
(0, 204),
(0, 424),
(0, 62),
(0, 25),
(0, 208),
(1, 256),
(1, 196),
(2, 496),
(2, 420),
(2, 59),
(2, 1),
(2, 295),
(2, 401),
(2, 104),
(2, 37),
(3, 285),
(3, 206),
(3, 301),
(3, 360),
(3, 293),
(4, 291),
(5, 11),
(5, 126),
(5, 271),
(5, 373),
(5, 331),
(5, 427),
(5, 194),
(5, 53),
(6, 304),
(6, 492),
(6, 223),
(6, 73),
(7, 448),
(7, 231),
(7, 450),
(7, 104),
(7, 286),
(7, 54),
(7, 28),
(7, 262),
(8, 182),
(8, 486),
(8, 296),
(8, 150),
(8, 76),
(8, 340),
(8, 35),
(8, 156),
(9, 79),
(9, 326),
(9, 85),
(9, 158),
(9, 59),
(9, 341),
(9, 84),
(9, 417),
(10, 331),
(10, 180),
(10, 294),
(10, 430),
(10, 181),
(10, 399),
(10, 252),
(10, 499),
(12, 198),
(12, 425),
(12, 101),
(12, 118),
(12, 312),
(12, 60),
(13, 337),
(13, 115),
(13, 377),
(13, 243),
(13, 163),
(13, 172),
(13, 489),
(13, 340),
(14, 215),
(14, 454),
(14, 125),
(14, 374),
(14, 476),
(14, 109),
(14, 260),
(14, 343),
(15, 402),
(15, 465),
(15, 313),
(15, 133),
(15, 474),
(15, 456),
(15, 458),
(15, 59),
(16, 404),
(16, 227),
(16, 259),
(16, 302),
(16, 458),
(16, 233),
(16, 118),
(16, 320),
(17, 445),
(18, 208),
(18, 275),
(18, 235),
(19, 313),
(19, 447),
(19, 449),
(19, 274),
(20, 182),
(20, 473),
(20, 352),
(20, 420),
(20, 340),
(20, 234),
(20, 10),
(20, 383),
(21, 376),
(21, 119),
(22, 92),
(22, 466),
(22, 65),
(22, 381),
(23, 271),
(23, 366),
(23, 344),
(24, 288),
(24, 74),
(24, 458),
(24, 357),
(25, 441),
(25, 215),
(25, 468),
(25, 106),
(25, 393),
(25, 464),
(25, 295),
(26, 251),
(26, 325),
(26, 429),
(26, 494),
(26, 268),
(26, 164),
(26, 367),
(26, 337),
(28, 2),
(28, 223),
(28, 278),
(28, 98),
(28, 105),
(28, 318),
(28, 414),
(29, 267),
(29, 468),
(29, 241),
(29, 95),
(29, 363),
(29, 396),
(29, 59),
(29, 436),
(30, 275),
(30, 291),
(30, 361),
(30, 455),
(30, 358),
(30, 436),
(31, 375),
(31, 475),
(31, 1),
(31, 414),
(31, 387),
(32, 29),
(33, 29),
(33, 254),
(33, 324),
(33, 177),
(33, 256),
(33, 326),
(33, 299),
(33, 140),
(34, 45),
(34, 169),
(34, 82),
(34, 354),
(34, 394),
(34, 66),
(34, 93),
(34, 101),
(35, 28),
(35, 98),
(36, 203),
(36, 257),
(36, 436),
(36, 252),
(36, 304),
(36, 337),
(36, 234),
(36, 468),
(37, 195),
(37, 128),
(37, 402),
(37, 259),
(37, 129),
(37, 198),
(37, 132),
(37, 402),
(38, 214),
(39, 259),
(39, 310),
(39, 234),
(39, 258),
(39, 162),
(39, 497),
(39, 463),
(39, 17),
(41, 68),
(41, 355),
(41, 103),
(41, 85),
(41, 10),
(41, 123),
(41, 73),
(42, 475),
(42, 6),
(42, 130),
(42, 49),
(42, 471),
(42, 94),
(42, 344),
(42, 273),
(43, 351),
(43, 108),
(43, 479),
(43, 10),
(44, 11),
(44, 149),
(44, 327),
(44, 238),
(44, 87),
(44, 411),
(44, 85),
(44, 258),
(45, 457),
(45, 342),
(45, 255),
(46, 348),
(46, 423),
(46, 242),
(47, 36),
(47, 41),
(47, 297),
(47, 202),
(47, 386),
(47, 226),
(48, 138),
(48, 252),
(48, 177),
(49, 211),
(49, 340),
(49, 197),
(49, 143),
(49, 194),
(49, 179),
(49, 257),
(49, 276),
(50, 151),
(52, 452),
(52, 351),
(52, 147),
(52, 319),
(52, 440),
(52, 31),
(52, 196),
(53, 339),
(53, 395),
(53, 159),
(53, 104),
(53, 124),
(53, 197),
(53, 268),
(53, 425),
(55, 279),
(55, 145),
(56, 370),
(57, 480),
(57, 10),
(58, 265),
(58, 376),
(58, 388),
(58, 42),
(58, 366),
(58, 234),
(58, 249),
(58, 81),
(59, 335),
(59, 88),
(59, 417),
(59, 435),
(59, 295),
(59, 346),
(59, 268),
(59, 485),
(61, 343),
(61, 292),
(61, 195),
(61, 45),
(62, 463),
(62, 324),
(62, 14),
(62, 159),
(62, 126),
(62, 37),
(62, 152),
(62, 253),
(63, 208),
(63, 233),
(63, 308),
(63, 87),
(63, 89),
(63, 437),
(64, 285),
(64, 309),
(64, 385),
(64, 39),
(64, 471),
(64, 395),
(64, 143),
(65, 395),
(65, 424),
(65, 226),
(65, 335),
(65, 429),
(65, 165),
(65, 172),
(66, 470),
(66, 415),
(66, 323),
(66, 362),
(66, 291),
(66, 419),
(66, 486),
(66, 35),
(67, 116),
(67, 146),
(67, 126),
(67, 108),
(67, 119),
(67, 307),
(67, 211),
(67, 30),
(68, 237),
(68, 313),
(68, 35),
(68, 204),
(68, 131),
(69, 14),
(69, 317),
(69, 99),
(69, 161),
(69, 89),
(69, 405),
(69, 399),
(69, 478),
(70, 267),
(70, 14),
(71, 195),
(71, 223),
(72, 328),
(72, 384),
(72, 496),
(72, 257),
(72, 174),
(72, 237),
(72, 185),
(72, 201),
(73, 395),
(73, 241),
(73, 48),
(74, 299),
(74, 490),
(74, 130),
(74, 353),
(75, 84),
(75, 186),
(75, 2),
(75, 122),
(75, 0),
(75, 399),
(75, 183),
(76, 234),
(76, 484),
(76, 422),
(76, 257),
(76, 264),
(76, 458),
(76, 167),
(76, 135),
(78, 451),
(79, 422),
(79, 343),
(79, 389),
(79, 113),
(79, 30),
(79, 52),
(79, 255),
(79, 199),
(80, 135),
(80, 418),
(80, 331),
(80, 162),
(80, 200),
(80, 469),
(80, 139),
(80, 385),
(81, 371),
(81, 389),
(81, 229),
(81, 176),
(81, 307),
(81, 236),
(81, 54),
(81, 226),
(82, 32),
(82, 202),
(82, 18),
(82, 21),
(82, 67),
(82, 12),
(82, 246),
(83, 354),
(83, 332),
(83, 413),
(83, 280),
(83, 18),
(83, 51),
(83, 297),
(83, 238),
(84, 319),
(84, 392),
(84, 493),
(84, 208),
(84, 462),
(84, 421),
(85, 335),
(85, 34),
(85, 235),
(85, 47),
(86, 230),
(86, 359),
(86, 219),
(86, 367),
(86, 272),
(86, 308),
(86, 258),
(86, 14),
(87, 360),
(87, 52),
(87, 378),
(87, 189),
(87, 228),
(87, 444),
(87, 71),
(87, 451),
(89, 120),
(89, 322),
(89, 151),
(89, 182),
(89, 342),
(89, 66),
(89, 495),
(89, 274),
(90, 103),
(91, 324),
(91, 343),
(91, 60),
(91, 149),
(91, 180),
(91, 471),
(91, 263),
(91, 488),
(92, 82),
(92, 128),
(92, 165),
(92, 130),
(92, 350),
(92, 351),
(92, 239),
(92, 246),
(93, 201),
(93, 277),
(93, 260),
(93, 433),
(93, 348),
(93, 275),
(93, 193),
(93, 211),
(95, 13),
(97, 364),
(97, 489),
(97, 351),
(97, 425),
(97, 278),
(97, 325),
(97, 480),
(97, 327),
(99, 229),
(99, 406),
(99, 193),
(99, 463),
(99, 53),
(99, 107),
(99, 170),
(99, 304),
(100, 479),
(100, 65),
(100, 221),
(100, 394),
(100, 181),
(100, 230),
(100, 126),
(100, 352),
(101, 240),
(101, 454),
(101, 79),
(101, 91),
(101, 172),
(101, 154),
(102, 353),
(103, 424),
(103, 92),
(103, 342),
(103, 288),
(103, 340),
(104, 216),
(104, 108),
(104, 243),
(104, 401),
(104, 306),
(104, 395),
(104, 53),
(104, 259),
(105, 414),
(105, 289),
(105, 387),
(105, 101),
(105, 275),
(106, 169),
(106, 337),
(106, 343),
(106, 364),
(106, 123),
(107, 190),
(107, 74),
(107, 150),
(107, 169),
(107, 483),
(107, 264),
(107, 69),
(107, 410),
(108, 18),
(109, 146),
(109, 367),
(110, 69),
(110, 135),
(111, 443),
(112, 327),
(112, 279),
(112, 346),
(112, 75),
(112, 226),
(112, 299),
(112, 360),
(112, 94),
(113, 406),
(113, 401),
(114, 182),
(114, 289),
(114, 121),
(114, 54),
(114, 240),
(114, 373),
(114, 176),
(114, 383),
(115, 69),
(115, 96),
(115, 383),
(115, 494),
(116, 174),
(116, 336),
(116, 350),
(116, 494),
(116, 142),
(116, 481),
(116, 83),
(116, 376),
(117, 125),
(117, 489),
(119, 95),
(119, 141),
(119, 343),
(119, 103),
(120, 289),
(120, 477),
(120, 274),
(120, 100),
(120, 24),
(120, 233),
(120, 129),
(120, 68),
(121, 361),
(121, 23),
(121, 426),
(121, 98),
(121, 158),
(121, 360),
(121, 305),
(121, 220),
(122, 7),
(122, 293),
(122, 289),
(122, 181),
(122, 59),
(123, 216),
(123, 433),
(123, 217),
(123, 154),
(123, 155),
(123, 350),
(123, 421),
(123, 79),
(125, 304),
(125, 406),
(126, 236),
(126, 298),
(126, 195),
(126, 296),
(126, 15),
(126, 249),
(126, 84),
(126, 398),
(127, 322),
(127, 292),
(127, 322),
(127, 17),
(127, 345),
(127, 34),
(127, 238),
(127, 74),
(128, 217),
(128, 253),
(129, 452),
(129, 42),
(129, 225),
(129, 93),
(129, 336),
(129, 230),
(129, 475),
(129, 136),
(130, 240),
(130, 449),
(130, 30),
(130, 66),
(130, 300),
(130, 20),
(130, 410),
(130, 218),
(131, 367),
(131, 471),
(132, 395),
(132, 155),
(132, 270),
(132, 43),
(132, 63),
(132, 27),
(132, 344),
(132, 447),
(133, 142),
(133, 31),
(134, 177),
(134, 229),
(134, 72),
(134, 486),
(135, 217),
(135, 235),
(135, 314),
(135, 159),
(135, 375),
(135, 232),
(135, 431),
(136, 420),
(137, 425),
(137, 243),
(137, 371),
(137, 326),
(137, 214),
(137, 215),
(137, 480),
(137, 12),
(138, 385),
(138, 40),
(138, 315),
(138, 232),
(138, 66),
(138, 333),
(138, 318),
(138, 380),
(139, 296),
(139, 25),
(140, 99),
(140, 459),
(140, 20),
(140, 323),
(140, 247),
(140, 402),
(140, 282),
(140, 354),
(141, 107),
(141, 98),
(141, 357),
(141, 256),
(141, 56),
(141, 178),
(141, 266),
(141, 48),
(142, 31),
(143, 279),
(143, 172),
(143, 176),
(144, 272),
(144, 177),
(144, 265),
(144, 367),
(144, 14),
(145, 250),
(145, 384),
(145, 105),
(145, 104),
(145, 353),
(145, 59),
(145, 211),
(145, 392),
(146, 198),
(146, 292),
(146, 65),
(147, 269),
(148, 229),
(148, 90),
(148, 410),
(148, 293),
(148, 29),
(148, 61),
(148, 34),
(148, 406),
(149, 451),
(149, 344),
(149, 435),
(149, 2),
(149, 363),
(150, 465),
(150, 215),
(150, 344),
(150, 22),
(150, 222),
(151, 133),
(151, 291),
(151, 39),
(151, 156),
(151, 236),
(151, 293),
(151, 106),
(152, 143),
(152, 251),
(152, 265),
(154, 269),
(154, 204),
(154, 8),
(154, 306),
(154, 408),
(154, 385),
(154, 395),
(154, 398),
(155, 287),
(155, 394),
(155, 484),
(155, 343),
(155, 339),
(155, 79),
(155, 338),
(155, 23),
(157, 407),
(158, 118),
(158, 91),
(158, 404),
(158, 190),
(158, 94),
(158, 151),
(158, 66),
(158, 477),
(160, 169),
(160, 137),
(160, 268),
(160, 256),
(160, 54),
(160, 240),
(160, 448),
(160, 354),
(161, 85),
(161, 123),
(161, 295),
(161, 317),
(161, 349),
(161, 318),
(161, 443),
(161, 232),
(162, 249),
(162, 273),
(162, 355),
(162, 31),
(163, 470),
(163, 482),
(163, 181),
(163, 3),
(164, 104),
(164, 385),
(164, 217),
(164, 237),
(164, 265),
(164, 152),
(164, 446),
(164, 415),
(165, 461),
(165, 204),
(165, 56),
(165, 200),
(165, 64),
(165, 117),
(165, 389),
(165, 305),
(166, 70),
(166, 45),
(166, 320),
(166, 114),
(166, 293),
(166, 339),
(167, 238),
(167, 164),
(167, 116),
(167, 312),
(167, 425),
(167, 208),
(167, 317),
(167, 78),
(168, 249),
(168, 329),
(168, 200),
(168, 136),
(169, 170),
(169, 467),
(169, 87),
(169, 62),
(170, 128),
(170, 178),
(170, 400),
(170, 291),
(170, 468),
(170, 395),
(170, 63),
(170, 477),
(171, 400),
(171, 313),
(171, 322),
(171, 76),
(171, 208),
(171, 290),
(171, 213),
(171, 457),
(172, 389),
(173, 50),
(173, 272),
(173, 47),
(173, 158),
(173, 103),
(173, 363),
(173, 245),
(173, 65),
(174, 370),
(175, 164),
(175, 270),
(175, 176),
(175, 186),
(175, 487),
(175, 317),
(175, 370),
(175, 405),
(176, 192),
(176, 186),
(176, 110),
(176, 241),
(176, 396),
(176, 277),
(176, 322),
(177, 101),
(177, 339),
(177, 431),
(177, 49),
(177, 168),
(177, 440),
(177, 213),
(177, 4),
(178, 399),
(178, 146),
(178, 96),
(178, 434),
(178, 393),
(178, 432),
(178, 398),
(178, 491),
(179, 95),
(179, 25),
(179, 330),
(179, 499),
(179, 264),
(179, 422),
(179, 74),
(179, 165),
(180, 463),
(180, 165),
(181, 169),
(181, 409),
(181, 144),
(181, 245),
(182, 319),
(182, 436),
(182, 324),
(182, 54),
(182, 229),
(182, 267),
(182, 88),
(182, 247),
(183, 82),
(183, 414),
(183, 78),
(183, 368),
(184, 417),
(184, 418),
(184, 246),
(184, 327),
(184, 264),
(184, 48),
(185, 410),
(185, 229),
(185, 267),
(185, 156),
(185, 343),
(185, 314),
(185, 179),
(186, 16),
(186, 237),
(186, 487),
(186, 313),
(186, 460),
(186, 264),
(186, 91),
(186, 187),
(187, 268),
(187, 84),
(187, 4),
(187, 438),
(187, 159),
(187, 241),
(188, 382),
(188, 393),
(188, 230),
(189, 257),
(189, 437),
(189, 333),
(189, 334),
(190, 110),
(190, 12),
(190, 449),
(190, 134),
(190, 48),
(190, 80),
(190, 217),
(190, 170),
(191, 392),
(191, 438),
(191, 343),
(191, 457),
(191, 287),
(191, 405),
(191, 305),
(191, 287),
(192, 79),
(192, 241),
(192, 339),
(192, 61),
(193, 351),
(193, 433),
(193, 125),
(193, 263),
(193, 195),
(193, 223),
(193, 435),
(193, 308),
(194, 76),
(194, 432),
(194, 233),
(195, 246),
(195, 192),
(195, 364),
(195, 106),
(195, 77),
(195, 397),
(195, 412),
(195, 128),
(197, 101),
(198, 124),
(198, 390),
(198, 322),
(198, 6),
(198, 229),
(198, 210),
(198, 379),
(198, 341),
(199, 30),
(199, 482),
(199, 212),
(199, 180),
(199, 135),
(199, 438),
(199, 37),
(199, 338),
(200, 238),
(200, 212),
(200, 173),
(200, 445),
(200, 341),
(200, 448),
(200, 389),
(201, 98),
(201, 313),
(201, 37),
(201, 459),
(202, 476),
(202, 356),
(202, 228),
(202, 300),
(203, 64),
(203, 405),
(203, 363),
(203, 42),
(203, 259),
(203, 2),
(203, 143),
(203, 262),
(204, 64),
(204, 473),
(204, 294),
(204, 408),
(204, 47),
(204, 458),
(204, 127),
(204, 136),
(205, 416),
(205, 186),
(205, 406),
(205, 358),
(205, 204),
(205, 458),
(205, 459),
(205, 14),
(206, 387),
(207, 140),
(207, 376),
(207, 74),
(207, 245),
(207, 346),
(207, 181),
(207, 151),
(207, 184),
(209, 121),
(209, 471),
(209, 257),
(209, 201),
(209, 46),
(209, 372),
(210, 55),
(210, 225),
(210, 328),
(210, 338),
(210, 195),
(211, 467),
(211, 331),
(212, 55),
(212, 195),
(212, 24),
(212, 443),
(212, 310),
(212, 383),
(212, 46),
(213, 385),
(213, 52),
(213, 282),
(214, 386),
(215, 82),
(215, 367),
(215, 122),
(215, 404),
(216, 96),
(216, 379),
(216, 72),
(216, 219),
(216, 0),
(216, 445),
(216, 176),
(216, 437),
(217, 175),
(217, 247),
(217, 399),
(217, 345),
(217, 393),
(217, 310),
(217, 196),
(217, 457),
(218, 338),
(218, 2),
(218, 454),
(218, 281),
(218, 478),
(218, 288),
(218, 51),
(218, 44),
(219, 385),
(219, 248),
(219, 354),
(219, 398),
(219, 164),
(219, 345),
(219, 135),
(219, 331),
(220, 436),
(220, 257),
(220, 313),
(220, 302),
(220, 339),
(220, 337),
(220, 486),
(220, 468),
(221, 73),
(221, 206),
(221, 115),
(221, 443),
(221, 370),
(221, 204),
(221, 302),
(221, 471),
(222, 205),
(222, 452),
(222, 307),
(222, 223),
(222, 101),
(222, 416),
(222, 104),
(222, 154),
(223, 488),
(223, 473),
(223, 133),
(223, 393),
(223, 185),
(223, 122),
(223, 159),
(223, 470),
(224, 441),
(224, 71),
(224, 331),
(224, 375),
(224, 476),
(224, 497),
(224, 476),
(224, 128),
(225, 26),
(225, 75),
(225, 131),
(225, 431),
(225, 341),
(225, 262),
(225, 156),
(225, 25),
(227, 485),
(229, 54),
(229, 5),
(229, 155),
(229, 46),
(229, 87),
(229, 369),
(229, 413),
(230, 310),
(230, 418),
(230, 133),
(230, 289),
(232, 169),
(232, 79),
(232, 190),
(232, 143),
(232, 1),
(232, 297),
(232, 142),
(232, 476),
(233, 258),
(234, 468),
(234, 332),
(234, 464),
(234, 219),
(234, 314),
(234, 358),
(236, 356),
(236, 108),
(236, 38),
(236, 374),
(236, 48),
(236, 75),
(236, 193),
(236, 383),
(237, 470),
(237, 183),
(237, 411),
(237, 186),
(237, 112),
(237, 479),
(237, 135),
(238, 339),
(239, 111),
(239, 77),
(239, 315),
(239, 454),
(239, 433),
(239, 69),
(239, 16),
(239, 121),
(240, 40),
(241, 114),
(241, 149),
(241, 308),
(241, 374),
(241, 402),
(241, 26),
(241, 52),
(242, 303),
(242, 30),
(242, 250),
(242, 187),
(242, 256),
(242, 243),
(242, 300),
(242, 230),
(244, 83),
(244, 60),
(244, 139),
(244, 291),
(244, 354),
(244, 349),
(245, 19),
(246, 391),
(246, 360),
(246, 76),
(246, 409),
(246, 98),
(246, 473),
(246, 184),
(246, 343),
(247, 432),
(247, 314),
(247, 403),
(247, 82),
(248, 27),
(248, 497),
(248, 88),
(249, 354),
(250, 268),
(250, 340),
(250, 324),
(250, 345),
(250, 39),
(250, 452),
(250, 364),
(250, 88),
(251, 305),
(252, 357),
(252, 38),
(252, 460),
(252, 50),
(252, 267),
(252, 45),
(252, 390),
(252, 181),
(253, 381),
(253, 154),
(253, 105),
(253, 301),
(253, 462),
(253, 232),
(253, 390),
(253, 133),
(254, 278),
(256, 127),
(256, 426),
(256, 38),
(256, 251),
(256, 220),
(256, 88),
(256, 450),
(256, 409),
(257, 229),
(257, 64),
(257, 356),
(257, 4),
(257, 463),
(257, 17),
(257, 100),
(257, 346),
(258, 474),
(258, 80),
(258, 121),
(258, 126),
(258, 451),
(258, 84),
(258, 20),
(259, 248),
(259, 254),
(259, 380),
(259, 19),
(259, 322),
(259, 143),
(259, 357),
(259, 477),
(260, 224),
(260, 373),
(261, 211),
(261, 414),
(261, 343),
(261, 403),
(261, 109),
(261, 390),
(262, 197),
(262, 391),
(262, 72),
(262, 30),
(262, 226),
(263, 155),
(263, 247),
(263, 124),
(263, 8),
(263, 384),
(263, 344),
(263, 32),
(263, 404),
(264, 84),
(264, 21),
(264, 344),
(264, 348),
(264, 246),
(264, 325),
(264, 293),
(264, 461),
(265, 235),
(265, 353),
(266, 217),
(266, 397),
(266, 470),
(266, 397),
(267, 426),
(267, 154),
(267, 360),
(267, 235),
(267, 176),
(267, 377),
(267, 275),
(267, 252),
(269, 307),
(269, 306),
(269, 412),
(269, 356),
(269, 41),
(269, 163),
(269, 463),
(269, 219),
(272, 100),
(272, 385),
(272, 224),
(272, 165),
(272, 291),
(272, 417),
(273, 321),
(273, 460),
(273, 79),
(273, 362),
(273, 289),
(273, 288),
(273, 412),
(273, 345),
(274, 461),
(274, 365),
(275, 353),
(275, 167),
(276, 421),
(276, 246),
(276, 384),
(276, 147),
(276, 494),
(276, 491),
(276, 333),
(276, 207),
(277, 48),
(277, 468),
(277, 410),
(277, 80),
(277, 476),
(277, 393),
(277, 404),
(277, 272),
(278, 330),
(278, 432),
(278, 495),
(278, 178),
(278, 450),
(278, 349),
(278, 421),
(278, 166),
(279, 360),
(279, 155),
(279, 92),
(279, 253),
(279, 102),
(279, 470),
(279, 175),
(279, 430),
(280, 389),
(280, 86),
(280, 80),
(280, 116),
(280, 405),
(280, 61),
(280, 22),
(280, 107),
(282, 126),
(282, 159),
(282, 364),
(282, 491),
(282, 185),
(283, 211),
(283, 405),
(283, 164),
(283, 340),
(283, 185),
(283, 473),
(284, 376),
(284, 15),
(284, 295),
(285, 356),
(285, 457),
(285, 312),
(285, 485),
(285, 75),
(285, 75),
(286, 252),
(286, 106),
(286, 204),
(286, 204),
(286, 142),
(286, 66),
(286, 296),
(286, 161),
(287, 446),
(287, 241),
(287, 410),
(287, 198),
(287, 306),
(287, 349),
(287, 278),
(287, 108),
(288, 141),
(288, 346),
(289, 195),
(289, 491),
(289, 489),
(289, 28),
(289, 224),
(289, 333),
(289, 299),
(289, 254),
(290, 358),
(290, 129),
(290, 52),
(290, 73),
(290, 92),
(290, 186),
(291, 143),
(292, 191),
(292, 192),
(292, 370),
(292, 168),
(292, 307),
(293, 325),
(293, 498),
(293, 266),
(293, 316),
(293, 370),
(293, 447),
(293, 75),
(293, 322),
(294, 313),
(294, 364),
(294, 449),
(295, 304),
(295, 346),
(296, 224),
(296, 211),
(296, 346),
(296, 413),
(296, 370),
(296, 368),
(296, 87),
(296, 307),
(297, 482),
(298, 48),
(298, 244),
(298, 118),
(298, 104),
(298, 79),
(298, 348),
(298, 413),
(298, 329),
(300, 297),
(300, 293),
(300, 428),
(300, 181),
(300, 409),
(301, 294),
(301, 321),
(301, 361),
(301, 478),
(301, 266),
(301, 290),
(303, 70),
(303, 370),
(303, 382),
(304, 193),
(304, 324),
(305, 114),
(305, 413),
(305, 231),
(305, 449),
(305, 189),
(305, 258),
(305, 371),
(305, 129),
(306, 462),
(306, 2),
(306, 357),
(306, 284),
(306, 179),
(306, 333),
(306, 131),
(306, 75),
(307, 345),
(307, 55),
(307, 292),
(307, 181),
(307, 26),
(307, 395),
(307, 170),
(308, 383),
(308, 334),
(308, 55),
(308, 478),
(309, 307),
(309, 290),
(310, 160),
(310, 153),
(311, 32),
(311, 370),
(311, 216),
(312, 365),
(312, 282),
(312, 148),
(312, 238),
(312, 277),
(312, 28),
(312, 290),
(312, 38),
(314, 177),
(314, 486),
(316, 182),
(317, 72),
(317, 334),
(317, 66),
(317, 357),
(317, 325),
(317, 241),
(317, 484),
(317, 495),
(318, 447),
(318, 404),
(318, 430),
(318, 387),
(318, 353),
(318, 455),
(318, 320),
(318, 158),
(319, 311),
(319, 340),
(319, 194),
(320, 24),
(320, 412),
(320, 374),
(320, 499),
(320, 151),
(322, 279),
(322, 440),
(322, 275),
(322, 463),
(322, 186),
(322, 364),
(322, 35),
(322, 105),
(323, 228),
(324, 371),
(324, 268),
(324, 270),
(324, 174),
(324, 140),
(324, 224),
(324, 94),
(324, 359),
(326, 2),
(326, 380),
(327, 367),
(327, 284),
(327, 145),
(327, 203),
(327, 243),
(327, 149),
(327, 219),
(327, 137),
(330, 246),
(330, 166),
(330, 458),
(330, 273),
(330, 269),
(330, 223),
(330, 102),
(330, 322),
(331, 177),
(331, 414),
(331, 60),
(331, 308),
(332, 59),
(332, 452),
(333, 43),
(333, 295),
(333, 3),
(333, 16),
(333, 248),
(333, 121),
(333, 432),
(333, 148),
(334, 125),
(334, 362),
(334, 301),
(334, 187),
(334, 438),
(334, 129),
(334, 25),
(334, 104),
(335, 156),
(335, 247),
(335, 376),
(335, 2),
(336, 355),
(336, 337),
(336, 342),
(336, 468),
(337, 470),
(337, 235),
(337, 446),
(337, 346),
(338, 96),
(338, 250),
(338, 13),
(338, 277),
(338, 369),
(338, 499),
(338, 128),
(338, 468),
(339, 10),
(339, 209),
(339, 289),
(339, 321),
(339, 261),
(339, 154),
(339, 65),
(339, 15),
(340, 232),
(340, 152),
(340, 18),
(340, 117),
(340, 489),
(340, 102),
(341, 329),
(342, 204),
(342, 293),
(342, 42),
(342, 427),
(342, 380),
(343, 189),
(344, 153),
(344, 159),
(344, 365),
(344, 42),
(344, 180),
(344, 210),
(345, 92),
(345, 292),
(345, 116),
(345, 342),
(345, 89),
(345, 450),
(345, 407),
(345, 163),
(346, 329),
(346, 100),
(346, 309),
(347, 409),
(348, 181),
(348, 214),
(348, 438),
(348, 310),
(350, 147),
(350, 462),
(350, 413),
(350, 117),
(350, 353),
(350, 84),
(350, 13),
(350, 466),
(352, 144),
(352, 137),
(352, 156),
(352, 252),
(352, 47),
(352, 254),
(352, 256),
(352, 6),
(353, 213),
(353, 41),
(353, 226),
(353, 314),
(353, 145),
(353, 270),
(353, 104),
(353, 249),
(354, 279),
(354, 249),
(354, 194),
(354, 5),
(354, 148),
(354, 155),
(355, 438),
(355, 408),
(355, 396),
(355, 401),
(355, 78),
(355, 248),
(355, 41),
(355, 317),
(356, 12),
(356, 417),
(357, 268),
(357, 106),
(357, 43),
(357, 242),
(357, 3),
(357, 65),
(358, 314),
(358, 81),
(358, 336),
(358, 289),
(358, 278),
(358, 74),
(358, 152),
(358, 342),
(359, 271),
(359, 182),
(360, 24),
(360, 280),
(361, 429),
(361, 42),
(361, 169),
(362, 58),
(362, 219),
(362, 126),
(363, 267),
(363, 24),
(363, 299),
(363, 139),
(363, 437),
(363, 12),
(365, 238),
(365, 70),
(365, 426),
(365, 12),
(365, 273),
(365, 371),
(365, 110),
(365, 23),
(366, 11),
(367, 370),
(368, 396),
(368, 298),
(368, 170),
(368, 438),
(368, 303),
(368, 45),
(369, 161),
(369, 441),
(369, 175),
(369, 397),
(369, 497),
(369, 61),
(369, 413),
(370, 317),
(370, 344),
(370, 116),
(370, 220),
(370, 387),
(370, 143),
(370, 146),
(370, 29),
(371, 88),
(371, 328),
(372, 161),
(372, 15),
(372, 458),
(372, 276),
(372, 79),
(372, 84),
(372, 322),
(372, 216),
(373, 132),
(373, 409),
(373, 136),
(373, 414),
(373, 304),
(373, 170),
(373, 415),
(374, 94),
(374, 211),
(374, 206),
(374, 277),
(374, 73),
(374, 310),
(374, 358),
(374, 354),
(376, 253),
(376, 261),
(376, 18),
(376, 495),
(377, 423),
(377, 225),
(378, 14),
(379, 60),
(379, 295),
(379, 301),
(379, 329),
(379, 454),
(379, 258),
(379, 409),
(380, 361),
(381, 129),
(381, 59),
(382, 494),
(382, 66),
(384, 204),
(384, 298),
(384, 428),
(384, 437),
(384, 149),
(384, 8),
(384, 180),
(384, 124),
(385, 462),
(385, 117),
(385, 224),
(385, 398),
(385, 369),
(385, 204),
(385, 66),
(385, 173),
(386, 206),
(386, 78),
(386, 318),
(387, 70),
(387, 448),
(387, 309),
(387, 396),
(387, 103),
(387, 254),
(387, 150),
(387, 40),
(388, 15),
(388, 312),
(388, 306),
(388, 196),
(388, 491),
(388, 349),
(388, 345),
(388, 37),
(389, 337),
(389, 452),
(389, 236),
(390, 256),
(390, 447),
(390, 227),
(390, 84),
(390, 327),
(390, 125),
(390, 63),
(390, 469),
(391, 311),
(391, 257),
(391, 312),
(391, 83),
(391, 398),
(392, 339),
(393, 457),
(393, 11),
(393, 430),
(393, 180),
(393, 172),
(393, 338),
(393, 322),
(393, 269),
(394, 51),
(394, 480),
(394, 346),
(394, 478),
(394, 345),
(394, 232),
(394, 169),
(394, 401),
(396, 278),
(396, 308),
(397, 399),
(398, 433),
(398, 447),
(398, 440),
(399, 401),
(399, 169),
(400, 142),
(400, 317),
(400, 101),
(400, 23),
(400, 489),
(400, 388),
(400, 12),
(400, 80),
(401, 115),
(401, 129),
(401, 272),
(401, 22),
(401, 116),
(401, 338),
(401, 254),
(401, 291),
(402, 479),
(402, 256),
(402, 49),
(403, 113),
(403, 39),
(403, 32),
(404, 484),
(404, 360),
(405, 435),
(405, 388),
(405, 119),
(405, 187),
(405, 480),
(405, 230),
(405, 380),
(405, 383),
(406, 321),
(406, 138),
(406, 178),
(406, 135),
(407, 240),
(407, 274),
(407, 455),
(407, 103),
(407, 210),
(408, 69),
(408, 342),
(408, 466),
(408, 443),
(408, 198),
(408, 440),
(408, 107),
(408, 244),
(409, 234),
(409, 354),
(409, 343),
(409, 225),
(409, 170),
(409, 159),
(409, 225),
(409, 305),
(410, 311),
(411, 246),
(411, 454),
(411, 65),
(411, 117),
(411, 218),
(411, 332),
(411, 278),
(411, 235),
(412, 284),
(414, 423),
(414, 8),
(414, 212),
(415, 447),
(415, 468),
(415, 36),
(415, 302),
(415, 318),
(415, 162),
(415, 47),
(418, 35),
(418, 277),
(418, 19),
(418, 390),
(418, 182),
(418, 57),
(418, 313),
(418, 479),
(419, 199),
(419, 357),
(419, 455),
(420, 154),
(420, 2),
(421, 446),
(421, 340),
(421, 109),
(421, 170),
(421, 32),
(421, 304),
(421, 402),
(424, 384),
(424, 179),
(424, 258),
(424, 119),
(424, 142),
(424, 30),
(424, 290),
(424, 175),
(425, 479),
(426, 308),
(426, 436),
(426, 406),
(426, 331),
(426, 43),
(426, 14),
(426, 80),
(426, 367),
(427, 181),
(427, 233),
(427, 385),
(427, 477),
(427, 247),
(427, 304),
(427, 326),
(427, 71),
(428, 329),
(428, 104),
(428, 57),
(428, 209),
(428, 174),
(428, 347),
(428, 248),
(428, 123),
(429, 155),
(429, 145),
(429, 220),
(429, 300),
(429, 291),
(429, 354),
(429, 150),
(429, 439),
(430, 202),
(430, 451),
(430, 190),
(430, 457),
(430, 262),
(430, 118),
(430, 401),
(430, 197),
(431, 478),
(431, 189),
(431, 86),
(431, 219),
(431, 342),
(431, 426),
(432, 188),
(432, 436),
(432, 356),
(432, 499),
(432, 436),
(432, 138),
(432, 284),
(432, 164),
(433, 222),
(433, 209),
(433, 65),
(433, 221),
(433, 88),
(433, 45),
(433, 6),
(433, 464),
(434, 20),
(434, 388),
(434, 441),
(434, 48),
(434, 311),
(434, 263),
(434, 337),
(434, 435),
(435, 29),
(435, 88),
(435, 497),
(435, 53),
(436, 307),
(436, 12),
(436, 345),
(436, 385),
(436, 489),
(436, 454),
(436, 142),
(436, 403),
(437, 467),
(437, 387),
(437, 78),
(437, 410),
(437, 200),
(437, 231),
(437, 336),
(437, 90),
(438, 94),
(438, 327),
(438, 301),
(438, 224),
(439, 211),
(440, 419),
(440, 300),
(441, 23),
(441, 330),
(441, 55),
(441, 427),
(441, 294),
(441, 129),
(441, 358),
(441, 128),
(442, 474),
(443, 176),
(443, 387),
(443, 222),
(443, 435),
(443, 27),
(443, 10),
(443, 468),
(443, 138),
(444, 459),
(444, 167),
(444, 415),
(444, 207),
(444, 392),
(444, 76),
(444, 8),
(444, 44),
(445, 69),
(445, 466),
(445, 414),
(445, 398),
(445, 327),
(445, 38),
(445, 399),
(445, 421),
(446, 71),
(446, 255),
(446, 113),
(446, 55),
(446, 46),
(446, 185),
(446, 388),
(446, 365),
(447, 317),
(447, 150),
(447, 306),
(447, 433),
(447, 145),
(447, 382),
(447, 479),
(447, 92),
(448, 190),
(448, 200),
(448, 395),
(448, 320),
(448, 59),
(448, 108),
(448, 344),
(448, 30),
(449, 434),
(449, 361),
(449, 400),
(449, 302),
(449, 75),
(449, 207),
(449, 77),
(449, 393),
(450, 134),
(450, 27),
(450, 451),
(450, 220),
(450, 267),
(451, 338),
(452, 469),
(452, 451),
(452, 478),
(453, 167),
(453, 67),
(453, 328),
(453, 363),
(453, 328),
(453, 128),
(456, 112),
(456, 153),
(456, 448),
(456, 474),
(456, 17),
(456, 381),
(456, 63),
(456, 68),
(457, 241),
(457, 136),
(457, 421),
(457, 397),
(457, 104),
(457, 249),
(457, 28),
(457, 225),
(458, 342),
(458, 460),
(458, 253),
(458, 468),
(458, 74),
(458, 137),
(458, 449),
(458, 377),
(459, 233),
(460, 175),
(461, 290),
(461, 331),
(461, 299),
(461, 212),
(461, 113),
(461, 191),
(461, 105),
(462, 16),
(462, 341),
(462, 349),
(462, 87),
(462, 6),
(462, 65),
(462, 63),
(462, 195),
(463, 398),
(463, 135),
(463, 297),
(464, 35),
(464, 361),
(464, 377),
(464, 353),
(464, 138),
(464, 81),
(464, 187),
(464, 327),
(466, 464),
(466, 360),
(466, 114),
(466, 281),
(467, 385),
(467, 226),
(467, 482),
(467, 69),
(467, 497),
(467, 253),
(467, 221),
(467, 308),
(468, 226),
(468, 150),
(469, 105),
(469, 328),
(470, 80),
(470, 290),
(470, 347),
(471, 293),
(471, 128),
(471, 191),
(471, 349),
(471, 106),
(472, 323),
(472, 368),
(472, 270),
(473, 184),
(474, 142),
(474, 289),
(474, 435),
(474, 127),
(474, 234),
(474, 91),
(474, 130),
(475, 473),
(476, 229),
(479, 488),
(479, 250),
(479, 71),
(479, 325),
(479, 416),
(479, 133),
(479, 77),
(479, 45),
(480, 383),
(480, 116),
(480, 208),
(480, 22),
(480, 499),
(480, 421),
(480, 214),
(480, 45),
(481, 245),
(481, 499),
(481, 368),
(481, 264),
(482, 162),
(482, 297),
(482, 69),
(483, 136),
(483, 194),
(483, 370),
(483, 113),
(483, 234),
(483, 194),
(483, 218),
(484, 333),
(484, 158),
(484, 472),
(484, 380),
(484, 121),
(484, 293),
(484, 364),
(484, 468),
(485, 461),
(485, 343),
(486, 332),
(486, 470),
(486, 243),
(486, 226),
(486, 361),
(486, 286),
(486, 114),
(486, 448),
(487, 473),
(487, 168),
(487, 174),
(487, 350),
(487, 215),
(488, 416),
(488, 11),
(488, 325),
(488, 433),
(488, 51),
(488, 113),
(488, 94),
(488, 6),
(489, 412),
(489, 343),
(489, 244),
(489, 163),
(489, 284),
(489, 31),
(489, 41),
(490, 351),
(491, 450),
(491, 109),
(491, 363),
(491, 383),
(491, 351),
(491, 331),
(491, 443),
(491, 210),
(492, 387),
(492, 197),
(492, 136),
(492, 273),
(492, 356),
(492, 76),
(492, 112),
(492, 431),
(493, 70),
(493, 453),
(493, 380),
(493, 314),
(493, 2),
(493, 134),
(493, 448),
(493, 161),
(494, 155),
(494, 57),
(494, 116),
(494, 148),
(494, 224),
(494, 22),
(495, 211),
(495, 54),
(495, 498),
(495, 160),
(496, 387),
(496, 376),
(496, 180),
(496, 443),
(496, 187),
(496, 377),
(496, 339),
(496, 429),
(497, 401),
(497, 247),
(497, 360),
(497, 173),
(497, 487),
(497, 107),
(497, 400),
(497, 7),
(498, 463),
(498, 486),
(498, 60),
(499, 146),
(499, 395),
(499, 173),
(499, 470),
(499, 156),
(499, 266);



INSERT INTO groups (id, "name") VALUES
(0, 'oE93hj6EuR'),
(1, 'UuWqd6GdYL'),
(2, 'EO8zKgnr]Y'),
(3, 'WvOltI;gyv'),
(4, '68fPXgd_SB'),
(5, 'dgjiAH_YLP'),
(6, 'WsRd5vPBxZ'),
(7, '2ck3DpQ>AB'),
(8, '9z[odgya>D'),
(9, 'f]SAN2[0U`'),
(10, 'AXxn77Z444'),
(11, '?WkilGxrTT'),
(12, 'yxZ?JHr0?X'),
(13, 'wrJRGAAHz\'),
(14, '?[_\8R=daJ'),
(15, 'fsezt\7[?c'),
(16, '8h;lIq`E7^'),
(17, 'M]bF^a9@tu'),
(18, '8O7iPfDRkY'),
(19, 'Rh4^Jme6u0'),
(20, '4LP[^7<m0T'),
(21, '[Vx>H?Lofq'),
(22, '8J5W6[=<2w'),
(23, '6_GyPq13RL'),
(24, 'UEm<quT25O'),
(25, 'e>[xGufIyD'),
(26, 'ZwUvhMIl53'),
(27, 'HG9fvY<[E3'),
(28, 'CnkqR7FofW'),
(29, '\9YqzMfabu');



INSERT INTO group_members ("user", "group") VALUES
(246, 0),
(399, 0),
(23, 0),
(18, 0),
(80, 0),
(440, 1),
(177, 1),
(4, 1),
(272, 1),
(289, 1),
(16, 2),
(448, 2),
(386, 2),
(129, 2),
(97, 2),
(216, 3),
(46, 3),
(202, 3),
(403, 3),
(4, 3),
(429, 4),
(157, 4),
(480, 4),
(305, 4),
(353, 4),
(180, 5),
(266, 5),
(442, 5),
(79, 5),
(78, 5),
(478, 6),
(449, 6),
(292, 6),
(314, 6),
(405, 6),
(480, 7),
(308, 7),
(452, 7),
(29, 7),
(224, 7),
(270, 8),
(254, 8),
(371, 8),
(476, 8),
(363, 8),
(354, 9),
(343, 9),
(451, 9),
(238, 9),
(22, 9),
(493, 10),
(118, 10),
(42, 10),
(26, 10),
(195, 10),
(397, 11),
(28, 11),
(262, 11),
(335, 11),
(22, 11),
(287, 12),
(387, 12),
(476, 12),
(174, 12),
(188, 13),
(202, 13),
(399, 13),
(23, 13),
(92, 13),
(359, 14),
(424, 14),
(223, 14),
(469, 14),
(101, 14),
(126, 15),
(194, 15),
(479, 15),
(292, 15),
(430, 15),
(218, 16),
(495, 16),
(350, 16),
(250, 16),
(191, 16),
(194, 17),
(6, 17),
(152, 17),
(263, 17),
(370, 17),
(179, 18),
(75, 18),
(130, 18),
(311, 18),
(110, 18),
(347, 19),
(348, 19),
(262, 19),
(355, 19),
(162, 19),
(359, 20),
(322, 20),
(287, 20),
(276, 20),
(405, 20),
(2, 21),
(210, 21),
(245, 21),
(92, 21),
(313, 21),
(448, 22),
(334, 22),
(55, 22),
(25, 22),
(192, 22),
(429, 23),
(173, 23),
(414, 23),
(439, 23),
(129, 23),
(85, 24),
(229, 24),
(445, 24),
(267, 24),
(310, 24),
(194, 25),
(74, 25),
(321, 25),
(144, 25),
(373, 25),
(460, 26),
(107, 26),
(167, 26),
(195, 26),
(446, 26),
(354, 27),
(229, 27),
(380, 27),
(220, 27),
(373, 27),
(354, 28),
(204, 28),
(425, 28),
(141, 28),
(257, 28),
(463, 29),
(45, 29),
(51, 29),
(315, 29),
(54, 29);



