INSERT INTO users (id, "name") VALUES
(0, 'Shai'),
(1, 'John'),
(2, 'William'),
(3, 'James'),
(4, 'Charles'),
(5, 'George'),
(6, 'Frank'),
(7, 'Joseph'),
(10, 'Thomas'),
(11, 'Henry'),
(12, 'Robert'),
(13, 'Edward'),
(14, 'Harry'),
(15, 'Walter'),
(16, 'Arthur'),
(17, 'Fred'),
(20, 'Albert'),
(21, 'Samuel'),
(22, 'David'),
(23, 'Louis'),
(24, 'Joe'),
(25, 'Charlie'),
(26, 'Clarence'),
(27, 'Richard'),
(30, 'Andrew'),
(31, 'Daniel'),
(32, 'Ernest'),
(33, 'Will'),
(34, 'Jesse'),
(35, 'Oscar'),
(36, 'Lewis'),
(37, 'Peter'),
(40, 'Benjamin'),
(41, 'Frederick'),
(42, 'Willie'),
(43, 'Alfred'),
(44, 'Sam'),
(45, 'Roy'),
(46, 'Herbert'),
(47, 'Jacob'),
(50, 'Tom'),
(51, 'Elmer'),
(52, 'Carl'),
(53, 'Lee'),
(54, 'Howard'),
(55, 'Martin'),
(56, 'Michael'),
(57, 'Bert'),
(60, 'Herman'),
(61, 'Jim'),
(62, 'Francis'),
(63, 'Harvey'),
(64, 'Earl'),
(65, 'Eugene'),
(66, 'Ralph'),
(67, 'Ed'),
(70, 'Claude'),
(71, 'Edwin'),
(72, 'Ben'),
(73, 'Charley'),
(74, 'Paul'),
(75, 'Edgar'),
(76, 'Isaac'),
(77, 'Otto'),
(100, 'Luther'),
(101, 'Lawrence'),
(102, 'Ira'),
(103, 'Patrick'),
(104, 'Guy'),
(105, 'Oliver'),
(106, 'Theodore'),
(107, 'Hugh'),
(110, 'Clyde'),
(111, 'Alexander'),
(112, 'August'),
(113, 'Floyd'),
(114, 'Homer'),
(115, 'Jack'),
(116, 'Leonard'),
(117, 'Horace'),
(120, 'Marion'),
(121, 'Philip'),
(122, 'Allen'),
(123, 'Archie'),
(124, 'Stephen'),
(125, 'Chester'),
(126, 'Willis'),
(127, 'Raymond'),
(130, 'Rufus'),
(131, 'Warren'),
(132, 'Jessie'),
(133, 'Milton'),
(134, 'Alex'),
(135, 'Leo'),
(136, 'Julius'),
(137, 'Ray'),
(140, 'Sidney'),
(141, 'Bernard'),
(142, 'Dan'),
(143, 'Jerry');



INSERT INTO hobbies (id, "name") VALUES
(0, 'Tennis'),
(1, 'Chess'),
(2, 'Painting'),
(3, 'Soccer'),
(4, 'Reading'),
(5, 'Cycling');



INSERT INTO user_hobbies ("user", hobby) VALUES
(0, 3),
(0, 4),
(0, 5),
(2, 1),
(6, 1),
(11, 3),
(11, 1),
(15, 5),
(15, 1),
(15, 5),
(16, 0),
(16, 0),
(16, 2),
(17, 1),
(17, 0),
(20, 2),
(21, 5),
(33, 0),
(33, 4),
(33, 2),
(37, 0),
(37, 0),
(40, 3),
(41, 4),
(41, 4),
(42, 3),
(45, 0),
(46, 0),
(46, 2),
(51, 0),
(52, 1),
(53, 0),
(54, 3),
(54, 0),
(54, 1),
(55, 4),
(57, 5),
(60, 5),
(60, 4),
(60, 0),
(62, 4),
(62, 2),
(63, 2),
(63, 1),
(64, 0),
(65, 5),
(65, 5),
(66, 1),
(66, 3),
(67, 4),
(70, 5),
(74, 3),
(74, 0),
(74, 1),
(76, 0),
(76, 2),
(76, 0),
(77, 1),
(101, 5),
(101, 1),
(101, 2),
(102, 4),
(102, 4),
(102, 5),
(105, 3),
(105, 2),
(105, 1),
(106, 5),
(112, 2),
(112, 0),
(113, 4),
(126, 2),
(130, 4),
(130, 5),
(130, 4),
(131, 2),
(132, 0),
(132, 1),
(132, 0),
(133, 1),
(133, 4),
(133, 4),
(135, 1),
(137, 3),
(140, 4),
(141, 0),
(141, 0),
(141, 0),
(143, 1),
(143, 4),
(143, 3);



INSERT INTO friends ("user", friend) VALUES
(0, 47),
(0, 126),
(0, 130),
(0, 37),
(1, 3),
(1, 104),
(1, 10),
(1, 24),
(2, 50),
(2, 62),
(2, 54),
(2, 106),
(3, 34),
(3, 60),
(3, 74),
(3, 32),
(5, 57),
(5, 63),
(5, 17),
(5, 126),
(6, 130),
(6, 60),
(6, 77),
(6, 136),
(7, 132),
(7, 65),
(7, 23),
(10, 50),
(10, 127),
(11, 75),
(11, 21),
(11, 107),
(11, 70),
(12, 131),
(12, 23),
(12, 131),
(12, 103),
(13, 46),
(13, 55),
(13, 35),
(13, 72),
(16, 112),
(16, 60),
(20, 133),
(20, 44),
(20, 46),
(20, 25),
(21, 5),
(21, 113),
(21, 44),
(22, 143),
(22, 143),
(23, 61),
(24, 114),
(24, 115),
(24, 117),
(24, 25),
(25, 115),
(25, 40),
(26, 132),
(27, 41),
(27, 42),
(27, 127),
(27, 15),
(30, 22),
(30, 142),
(30, 124),
(30, 14),
(31, 4),
(31, 30),
(31, 110),
(31, 121),
(32, 42),
(32, 63),
(32, 14),
(32, 133),
(33, 26),
(33, 77),
(33, 22),
(33, 100),
(34, 25),
(34, 71),
(34, 136),
(34, 122),
(35, 134),
(35, 60),
(35, 16),
(35, 143),
(36, 31),
(36, 117),
(40, 125),
(40, 134),
(40, 55),
(40, 106),
(41, 105),
(41, 115),
(41, 56),
(42, 104),
(43, 12),
(43, 133),
(43, 32),
(43, 125),
(44, 16),
(44, 66),
(44, 5),
(45, 12),
(45, 4),
(45, 77),
(45, 141),
(46, 5),
(46, 116),
(47, 37),
(47, 54),
(50, 46),
(50, 77),
(50, 116),
(50, 26),
(51, 47),
(51, 101),
(51, 41),
(51, 37),
(52, 46),
(52, 11),
(52, 64),
(52, 74),
(53, 46),
(53, 127),
(53, 50),
(53, 73),
(54, 47),
(54, 62),
(54, 14),
(54, 60),
(55, 36),
(55, 62),
(55, 127),
(55, 5),
(56, 32),
(56, 22),
(56, 27),
(56, 57),
(57, 4),
(60, 100),
(60, 23),
(60, 61),
(60, 134),
(61, 140),
(61, 77),
(61, 60),
(61, 72),
(62, 51),
(63, 106),
(63, 117),
(63, 14),
(63, 22),
(64, 23),
(64, 102),
(64, 60),
(64, 137),
(65, 47),
(65, 66),
(65, 123),
(65, 74),
(66, 25),
(66, 64),
(66, 56),
(66, 12),
(67, 143),
(67, 40),
(67, 15),
(67, 76),
(70, 126),
(70, 143),
(70, 56),
(70, 67),
(71, 73),
(71, 125),
(71, 53),
(71, 76),
(72, 54),
(72, 60),
(72, 107),
(72, 113),
(73, 66),
(73, 110),
(73, 71),
(73, 104),
(74, 50),
(74, 114),
(74, 35),
(74, 4),
(76, 130),
(76, 136),
(76, 135),
(76, 44),
(77, 37),
(77, 55),
(100, 17),
(100, 122),
(101, 126),
(101, 54),
(101, 54),
(101, 20),
(102, 37),
(102, 113),
(102, 61),
(102, 100),
(103, 121),
(103, 2),
(103, 63),
(103, 105),
(104, 26),
(104, 51),
(105, 66),
(105, 133),
(105, 12),
(105, 135),
(106, 50),
(106, 11),
(106, 46),
(107, 76),
(107, 127),
(107, 134),
(107, 110),
(110, 126),
(110, 3),
(110, 121),
(110, 133),
(111, 117),
(111, 114),
(111, 44),
(111, 117),
(112, 25),
(112, 4),
(112, 120),
(112, 107),
(113, 126),
(113, 40),
(113, 71),
(113, 47),
(115, 73),
(115, 125),
(115, 34),
(115, 35),
(116, 100),
(116, 25),
(116, 100),
(116, 127),
(117, 143),
(117, 127),
(117, 137),
(117, 57),
(120, 27),
(120, 12),
(120, 127),
(120, 45),
(121, 102),
(121, 30),
(121, 63),
(121, 117),
(122, 35),
(122, 72),
(122, 100),
(122, 44),
(123, 106),
(123, 33),
(123, 2),
(123, 54),
(124, 0),
(124, 102),
(124, 27),
(124, 2),
(126, 26),
(126, 13),
(130, 26),
(130, 143),
(130, 106),
(130, 131),
(131, 101),
(131, 101),
(131, 132),
(131, 42),
(132, 1),
(132, 51),
(132, 0),
(132, 51),
(133, 16),
(133, 4),
(133, 132),
(133, 36),
(134, 106),
(135, 34),
(135, 106),
(135, 141),
(135, 6),
(136, 62),
(136, 123),
(136, 71),
(136, 32),
(141, 27),
(141, 76),
(141, 43),
(141, 30),
(142, 103),
(142, 4),
(142, 122),
(142, 61),
(143, 107),
(143, 102),
(143, 46),
(143, 106);



INSERT INTO groups (id, "name") VALUES
(0, 'MODAwS[=2\'),
(1, 'e`xrbN3k1p'),
(2, 'Z]O1va9oji'),
(3, 'Zz]lI]dfjZ'),
(4, 'QhfA<N_B<H'),
(5, 'LLo1]_532J'),
(6, '=?:ByPwBq8'),
(7, 'A<>v?R11_l'),
(10, '\=ee?=Y8j8'),
(11, 'DoCFlf62Ic');



INSERT INTO group_members ("user", "group") VALUES
(130, 0),
(47, 0),
(34, 0),
(42, 0),
(55, 0),
(36, 1),
(101, 1),
(75, 1),
(40, 1),
(15, 1),
(51, 2),
(46, 2),
(12, 2),
(121, 2),
(71, 2),
(76, 3),
(77, 3),
(101, 3),
(63, 3),
(34, 3),
(57, 4),
(0, 4),
(120, 4),
(30, 4),
(55, 4),
(101, 5),
(13, 5),
(1, 5),
(23, 5),
(123, 5),
(31, 6),
(6, 6),
(46, 6),
(50, 6),
(142, 6),
(133, 7),
(57, 7),
(34, 7),
(15, 7),
(142, 7),
(32, 10),
(63, 10),
(54, 10),
(1, 10),
(44, 10),
(127, 11),
(140, 11),
(134, 11),
(100, 11),
(116, 11);



